date,areaName,admissions,admissionsRollingRate,patients,patientsMv,cumAdmissionsRollingRate00_05,cumAdmissions00_05,cumAdmissionsRollingRate06_17,cumAdmissions06_17,cumAdmissionsRollingRate18_64,cumAdmissions18_64,cumAdmissionsRollingRate65_84,cumAdmissions65_84,cumAdmissionsRollingRate85+,cumAdmissions85+
2020-03-19,Midlands,96,,,,0.0,0,0.3,4,0.6,37,2.4,42,3.1,8
2020-03-20,Midlands,164,,218,,0.0,0,0.6,9,1.4,88,7.0,120,12.9,33
2020-03-21,Midlands,151,,279,,0.0,0,0.7,11,2.1,133,10.7,184,28.5,73
2020-03-22,Midlands,192,,382,,0.1,1,0.7,11,3.0,186,16.3,281,44.1,113
2020-03-23,Midlands,208,,438,,0.1,1,0.8,12,3.9,244,21.6,373,62.8,161
2020-03-24,Midlands,329,,584,,0.4,3,1.1,16,5.4,341,30.5,526,91.2,234
2020-03-25,Midlands,422,14.8,691,,0.9,7,1.1,17,7.4,469,42.3,730,123.2,316
2020-03-26,Midlands,356,17.3,970,,1.6,12,1.1,17,9.1,574,52.3,901,152.1,390
2020-03-27,Midlands,404,19.6,1064,,1.6,12,1.2,18,11.4,716,63.1,1088,180.5,463
2020-03-28,Midlands,350,21.5,1138,,1.9,14,1.3,19,12.4,782,70.1,1208,200.0,513
2020-03-29,Midlands,481,24.2,1330,,2.0,15,1.3,20,14.5,917,79.7,1374,233.9,600
2020-03-30,Midlands,581,27.7,1833,,2.2,17,1.3,20,17.5,1106,94.4,1627,287.0,736
2020-03-31,Midlands,594,30.3,1952,,2.2,17,1.4,21,19.8,1251,106.7,1840,318.9,818
2020-04-01,Midlands,776,33.6,2192,,2.5,19,1.7,26,22.9,1442,124.3,2142,367.3,942
2020-04-02,Midlands,582,35.8,1851,301,2.9,22,1.8,27,25.4,1603,137.1,2363,409.0,1049
2020-04-03,Midlands,451,36.2,2682,357,3.7,28,1.9,28,27.7,1746,150.0,2585,439.8,1128
2020-04-04,Midlands,559,38.2,2925,360,4.2,32,2.1,31,30.6,1927,165.6,2855,479.2,1229
2020-04-05,Midlands,489,38.3,3091,406,4.5,34,2.2,33,33.3,2098,178.7,3080,513.9,1318
2020-04-06,Midlands,439,36.9,3250,419,4.5,34,2.3,35,35.4,2233,190.2,3278,554.4,1422
2020-04-07,Midlands,532,36.3,3328,445,4.8,36,2.5,38,38.3,2415,203.4,3507,599.2,1537
2020-04-08,Midlands,536,34.0,3315,450,4.8,36,2.7,40,41.3,2604,217.2,3745,640.2,1642
2020-04-09,Midlands,374,32.1,3271,465,4.8,36,3.0,45,43.0,2710,227.6,3924,672.9,1726
2020-04-10,Midlands,379,31.4,3414,464,5.0,38,3.1,46,44.8,2824,238.0,4103,704.1,1806
2020-04-11,Midlands,335,29.3,3396,469,5.2,39,3.1,46,46.6,2934,246.5,4250,734.1,1883
2020-04-12,Midlands,303,27.5,3430,475,5.3,40,3.1,47,47.8,3010,255.3,4401,763.0,1957
2020-04-13,Midlands,333,26.5,3316,485,5.4,41,3.1,47,49.3,3107,264.5,4559,793.0,2034
2020-04-14,Midlands,359,24.9,3345,467,5.7,43,3.2,48,51.2,3228,273.7,4718,821.9,2108
2020-04-15,Midlands,242,22.1,3101,472,5.8,44,3.2,48,52.5,3311,278.3,4797,849.9,2180
2020-04-16,Midlands,283,21.2,3095,474,5.9,45,3.3,49,53.9,3396,285.4,4919,878.4,2253
2020-04-17,Midlands,291,20.4,2815,440,5.9,45,3.3,49,55.3,3485,292.3,5039,909.6,2333
2020-04-18,Midlands,229,19.4,2894,464,6.2,47,3.4,51,56.2,3539,299.3,5159,929.5,2384
2020-04-19,Midlands,281,19.2,2883,459,6.3,48,3.5,53,57.4,3619,306.8,5288,955.2,2450
2020-04-20,Midlands,280,18.6,2843,437,6.3,48,3.7,55,58.5,3689,313.8,5409,988.0,2534
2020-04-21,Midlands,259,17.7,2845,437,6.6,50,3.7,56,59.5,3747,321.0,5534,1016.0,2606
2020-04-22,Midlands,218,17.5,2755,435,6.6,50,3.8,57,60.2,3791,327.2,5640,1042.1,2673
2020-04-23,Midlands,221,16.9,2722,408,6.7,51,3.9,59,61.2,3858,332.6,5734,1064.4,2730
2020-04-24,Midlands,204,16.1,2558,378,6.9,52,4.0,60,61.9,3901,338.3,5831,1088.5,2792
2020-04-25,Midlands,187,15.7,2368,359,6.9,52,4.1,62,62.5,3941,343.3,5918,1111.2,2850
2020-04-26,Midlands,210,15.0,2549,350,6.9,52,4.3,64,63.2,3984,348.8,6013,1137.3,2917
2020-04-27,Midlands,206,14.3,2542,301,6.9,52,4.4,66,64.2,4045,354.1,6104,1156.4,2966
2020-04-28,Midlands,220,13.9,2435,299,6.9,52,4.5,67,64.9,4091,360.2,6209,1182.9,3034
2020-04-29,Midlands,223,14.0,2318,306,6.9,52,4.5,68,65.6,4132,366.9,6325,1207.5,3097
2020-04-30,Midlands,206,13.8,2308,291,7.0,53,4.5,68,66.4,4188,372.9,6428,1225.4,3143
2020-05-01,Midlands,199,13.8,2219,293,7.1,54,4.5,68,67.2,4236,377.9,6515,1250.0,3206
2020-05-02,Midlands,151,13.4,2198,266,7.3,55,4.5,68,67.8,4271,381.6,6579,1269.8,3257
2020-05-03,Midlands,142,12.8,2161,253,7.3,55,4.6,69,68.4,4314,384.9,6635,1286.2,3299
2020-05-04,Midlands,228,13.0,2154,243,7.5,57,4.8,72,69.3,4366,390.8,6736,1312.3,3366
2020-05-05,Midlands,184,12.6,2100,235,7.5,57,4.9,74,70.1,4419,395.3,6815,1331.1,3414
2020-05-06,Midlands,201,12.4,2070,222,7.5,57,5.0,75,70.8,4463,401.0,6912,1353.7,3472
2020-05-07,Midlands,167,12.1,1976,173,7.7,58,5.0,75,71.4,4501,404.9,6980,1376.7,3531
2020-05-08,Midlands,157,11.7,1917,198,7.7,58,5.1,76,71.8,4527,408.9,7049,1400.4,3592
2020-05-09,Midlands,159,11.7,1921,189,7.7,58,5.1,77,72.3,4557,412.9,7118,1423.5,3651
2020-05-10,Midlands,124,11.6,1889,189,7.7,58,5.2,78,72.6,4577,416.3,7177,1440.6,3695
2020-05-11,Midlands,165,11.0,1915,178,7.8,59,5.2,78,73.3,4621,420.7,7252,1458.2,3740
2020-05-12,Midlands,160,10.8,1869,176,8.1,61,5.2,78,73.9,4659,425.0,7326,1476.1,3786
2020-05-13,Midlands,148,10.2,1879,163,8.1,61,5.2,78,74.5,4693,428.9,7394,1494.0,3832
2020-05-14,Midlands,143,10.0,1833,164,8.1,61,5.2,78,75.0,4727,432.8,7461,1510.4,3874
2020-05-15,Midlands,172,10.2,1776,154,8.2,62,5.3,79,75.8,4776,437.1,7535,1528.7,3921
2020-05-16,Midlands,143,10.0,1747,150,8.2,62,5.3,79,76.2,4802,440.9,7601,1548.2,3971
2020-05-17,Midlands,152,10.3,1809,151,8.2,62,5.3,79,76.7,4835,445.1,7673,1566.5,4018
2020-05-18,Midlands,154,10.2,1820,139,8.3,63,5.3,79,77.4,4878,448.3,7728,1588.0,4073
2020-05-19,Midlands,157,10.1,1811,141,8.5,64,5.3,80,78.0,4914,452.2,7796,1607.9,4124
2020-05-20,Midlands,149,10.2,1763,132,8.6,65,5.3,80,78.6,4951,455.6,7854,1628.5,4177
2020-05-21,Midlands,133,10.1,1733,129,8.6,65,5.3,80,78.9,4971,459.3,7917,1648.0,4227
2020-05-22,Midlands,120,9.6,1706,120,8.6,65,5.3,80,79.2,4994,462.5,7972,1664.4,4269
2020-05-23,Midlands,113,9.3,1620,114,8.6,65,5.3,80,79.7,5024,465.7,8028,1674.9,4296
2020-05-24,Midlands,90,8.7,1644,110,8.6,65,5.3,80,80.0,5040,468.3,8073,1686.2,4325
2020-05-25,Midlands,92,8.1,1685,101,8.6,65,5.3,80,80.3,5062,470.8,8116,1696.8,4352
2020-05-26,Midlands,118,7.7,1624,98,8.6,65,5.3,80,80.8,5092,474.2,8174,1708.5,4382
2020-05-27,Midlands,126,7.5,1418,96,8.6,65,5.3,80,81.3,5122,477.9,8238,1720.9,4414
2020-05-28,Midlands,114,7.3,1359,94,8.6,65,5.3,80,81.7,5151,480.9,8290,1733.8,4447
2020-05-29,Midlands,112,7.3,1312,103,8.6,65,5.3,80,82.2,5179,483.6,8337,1748.2,4484
2020-05-30,Midlands,116,7.3,1247,104,8.7,66,5.3,80,82.4,5196,487.0,8395,1763.8,4524
2020-05-31,Midlands,102,7.4,1252,104,8.7,66,5.3,80,82.8,5221,490.4,8454,1770.8,4542
2020-06-01,Midlands,94,7.4,1273,107,8.7,66,5.3,80,83.2,5246,493.0,8499,1780.2,4566
2020-06-02,Midlands,126,7.5,1234,99,8.9,67,5.3,80,83.5,5265,496.7,8563,1796.6,4608
2020-06-03,Midlands,112,7.4,1153,92,8.9,67,5.4,81,84.0,5292,499.8,8616,1808.7,4639
2020-06-04,Midlands,94,7.2,1154,93,8.9,67,5.5,82,84.2,5308,502.4,8661,1821.1,4671
2020-06-05,Midlands,70,6.8,1107,91,8.9,67,5.5,83,84.5,5326,504.1,8690,1829.7,4693
2020-06-06,Midlands,51,6.2,1071,80,8.9,67,5.5,83,84.7,5337,505.4,8712,1836.7,4711
2020-06-07,Midlands,65,5.8,1054,77,8.9,67,5.6,84,84.9,5353,506.8,8736,1846.1,4735
2020-06-08,Midlands,86,5.7,1056,72,8.9,67,5.8,87,85.3,5376,509.0,8774,1854.7,4757
2020-06-09,Midlands,103,5.5,1042,70,8.9,67,5.8,87,85.9,5412,511.4,8815,1864.8,4783
2020-06-10,Midlands,105,5.4,1011,71,8.9,67,5.8,87,86.1,5429,514.1,8862,1880.8,4824
2020-06-11,Midlands,76,5.3,949,59,9.0,68,5.8,87,86.5,5450,515.9,8894,1889.4,4846
2020-06-12,Midlands,69,5.3,966,58,9.0,68,5.9,88,86.8,5469,517.7,8924,1896.8,4865
2020-06-13,Midlands,73,5.5,945,54,9.0,68,5.9,88,87.2,5493,519.5,8955,1903.8,4883
2020-06-14,Midlands,72,5.5,960,53,9.0,68,5.9,88,87.5,5512,521.0,8982,1913.9,4909
2020-06-15,Midlands,78,5.5,958,58,9.0,68,5.9,88,87.9,5540,523.0,9016,1920.2,4925
2020-06-16,Midlands,72,5.2,953,55,9.0,68,5.9,88,88.2,5557,525.5,9058,1925.2,4938
2020-06-17,Midlands,66,4.8,915,47,9.0,68,5.9,88,88.6,5584,527.0,9084,1930.3,4951
2020-06-18,Midlands,66,4.7,899,49,9.0,68,5.9,88,88.9,5603,528.4,9108,1939.3,4974
2020-06-19,Midlands,54,4.6,837,48,9.0,68,5.9,88,89.1,5616,530.0,9137,1943.9,4986
2020-06-20,Midlands,42,4.3,825,74,9.0,68,5.9,89,89.3,5626,531.4,9160,1947.1,4994
2020-06-21,Midlands,61,4.2,812,44,9.0,68,5.9,89,89.5,5642,533.2,9192,1952.1,5007
2020-06-22,Midlands,55,3.9,809,44,9.0,68,6.0,90,89.7,5655,534.8,9219,1957.6,5021
2020-06-23,Midlands,59,3.8,768,39,9.0,68,6.0,90,90.2,5682,536.2,9243,1960.7,5029
2020-06-24,Midlands,55,3.7,741,42,9.0,68,6.0,90,90.4,5699,537.8,9271,1964.6,5039
2020-06-25,Midlands,39,3.5,716,40,9.0,68,6.0,90,90.7,5715,538.7,9287,1967.3,5046
2020-06-26,Midlands,60,3.5,648,37,9.0,68,6.0,90,91.0,5735,540.2,9313,1972.8,5060
2020-06-27,Midlands,42,3.5,665,41,9.0,68,6.1,91,91.2,5745,541.5,9335,1976.3,5069
2020-06-28,Midlands,29,3.2,663,39,9.0,68,6.1,91,91.3,5754,542.1,9345,1980.2,5079
2020-06-29,Midlands,41,3.1,645,40,9.1,69,6.1,91,91.5,5765,543.0,9361,1985.3,5092
2020-06-30,Midlands,44,2.9,631,42,9.1,69,6.1,91,91.7,5780,544.4,9384,1987.6,5098
2020-07-01,Midlands,42,2.8,608,46,9.1,69,6.1,91,92.0,5796,545.5,9403,1990.3,5105
2020-07-02,Midlands,31,2.7,580,42,9.1,69,6.1,91,92.2,5809,545.9,9410,1994.6,5116
2020-07-03,Midlands,37,2.5,518,40,9.1,69,6.1,91,92.3,5820,546.6,9423,1999.7,5129
2020-07-04,Midlands,19,2.3,512,37,9.1,69,6.1,91,92.5,5828,547.2,9433,2000.1,5130
2020-07-05,Midlands,25,2.3,497,36,9.1,69,6.1,91,92.6,5839,547.8,9443,2001.6,5134
2020-07-06,Midlands,31,2.2,501,35,9.1,69,6.1,91,92.9,5857,548.0,9447,2005.2,5143
2020-07-07,Midlands,27,2.0,472,35,9.1,69,6.1,91,93.1,5867,548.7,9458,2007.5,5149
2020-07-08,Midlands,29,1.9,440,30,9.1,69,6.1,91,93.2,5875,549.3,9469,2011.4,5159
2020-07-09,Midlands,25,1.8,389,33,9.3,70,6.1,91,93.4,5884,549.8,9478,2013.7,5165
2020-07-10,Midlands,16,1.6,375,27,9.3,70,6.1,91,93.5,5890,550.2,9485,2014.9,5168
2020-07-11,Midlands,15,1.6,386,26,9.3,70,6.1,91,93.5,5895,550.7,9494,2015.3,5169
2020-07-12,Midlands,14,1.5,339,25,9.3,70,6.1,91,93.7,5903,551.0,9498,2016.1,5171
2020-07-13,Midlands,24,1.4,338,25,9.4,71,6.1,91,93.8,5914,551.4,9505,2018.0,5176
2020-07-14,Midlands,21,1.4,313,20,9.4,71,6.1,91,93.9,5919,552.0,9515,2020.4,5182
2020-07-15,Midlands,16,1.2,326,25,9.4,71,6.1,91,94.0,5924,552.3,9520,2022.7,5188
2020-07-16,Midlands,16,1.2,289,19,9.5,72,6.1,91,94.1,5930,552.6,9526,2023.9,5191
2020-07-17,Midlands,11,1.1,288,22,9.5,72,6.1,91,94.2,5934,553.0,9532,2024.3,5192
2020-07-18,Midlands,7,1.0,275,21,9.5,72,6.1,92,94.2,5937,553.1,9535,2024.3,5192
2020-07-19,Midlands,11,1.0,274,20,9.5,72,6.2,93,94.3,5943,553.3,9538,2024.6,5193
2020-07-20,Midlands,22,1.0,274,20,9.7,73,6.2,93,94.4,5952,553.6,9544,2027.0,5199
2020-07-21,Midlands,20,1.0,277,15,9.7,73,6.2,93,94.5,5958,554.1,9551,2029.7,5206
2020-07-22,Midlands,13,0.9,271,15,9.8,74,6.2,93,94.6,5960,554.3,9556,2031.7,5211
2020-07-23,Midlands,22,1.0,238,16,9.9,75,6.2,93,94.6,5964,554.9,9566,2034.4,5218
2020-07-24,Midlands,15,1.0,228,15,10.0,76,6.2,93,94.7,5966,555.3,9572,2036.7,5224
2020-07-25,Midlands,12,1.1,214,12,10.2,77,6.2,93,94.7,5971,555.4,9574,2038.3,5228
2020-07-26,Midlands,12,1.1,210,9,10.2,77,6.2,93,94.8,5976,555.6,9578,2039.5,5231
2020-07-27,Midlands,8,1.0,220,11,10.2,77,6.2,93,94.9,5978,555.9,9582,2040.2,5233
2020-07-28,Midlands,15,0.9,220,10,10.2,77,6.2,93,95.0,5985,556.2,9588,2041.0,5235
2020-07-29,Midlands,14,0.9,207,9,10.2,77,6.2,93,95.0,5988,556.6,9595,2041.4,5236
2020-07-30,Midlands,15,0.9,196,8,10.2,77,6.2,93,95.1,5994,557.1,9603,2041.8,5237
2020-07-31,Midlands,11,0.8,199,11,10.2,77,6.2,93,95.2,5998,557.3,9607,2043.0,5240
2020-08-01,Midlands,8,0.8,216,13,10.2,77,6.2,93,95.2,6001,557.5,9611,2043.4,5241
2020-08-02,Midlands,5,0.7,194,10,10.2,77,6.2,93,95.3,6004,557.7,9613,2043.4,5241
2020-08-03,Midlands,13,0.8,206,10,10.2,77,6.2,93,95.3,6006,558.1,9621,2044.5,5244
2020-08-04,Midlands,8,0.7,182,13,10.2,77,6.2,93,95.4,6011,558.3,9624,2044.5,5244
2020-08-05,Midlands,12,0.7,181,13,10.3,78,6.2,93,95.5,6018,558.5,9627,2044.9,5245
2020-08-06,Midlands,8,0.6,179,14,10.3,78,6.2,93,95.5,6022,558.7,9631,2044.9,5245
2020-08-07,Midlands,5,0.6,178,10,10.3,78,6.3,94,95.6,6024,558.8,9632,2045.3,5246
2020-08-08,Midlands,12,0.6,96,5,10.4,79,6.3,94,95.6,6027,559.2,9639,2045.7,5247
2020-08-09,Midlands,12,0.7,101,6,10.4,79,6.3,94,95.7,6033,559.3,9641,2047.3,5251
2020-08-10,Midlands,4,0.6,160,9,10.4,79,6.3,94,95.8,6035,559.3,9642,2047.7,5252
2020-08-11,Midlands,6,0.6,154,9,10.4,79,6.4,96,95.8,6037,559.4,9643,2048.0,5253
2020-08-12,Midlands,6,0.5,148,9,10.4,79,6.4,96,95.8,6040,559.4,9644,2048.8,5255
2020-08-13,Midlands,16,0.6,150,8,10.4,79,6.4,96,95.9,6045,559.9,9651,2050.4,5259
2020-08-14,Midlands,13,0.7,141,9,10.6,80,6.5,97,96.0,6050,560.1,9656,2050.8,5260
2020-08-15,Midlands,15,0.7,141,9,10.6,80,6.5,97,96.1,6058,560.3,9658,2052.7,5265
2020-08-16,Midlands,11,0.7,146,7,10.6,80,6.5,98,96.2,6063,560.4,9660,2053.9,5268
2020-08-17,Midlands,14,0.8,157,6,10.6,80,6.5,98,96.3,6071,560.6,9664,2054.7,5270
2020-08-18,Midlands,15,0.9,160,6,10.6,80,6.6,99,96.5,6079,561.0,9670,2054.7,5270
2020-08-19,Midlands,9,0.9,156,7,10.6,80,6.6,99,96.6,6087,561.0,9671,2054.7,5270
2020-08-20,Midlands,12,0.8,145,7,10.6,80,6.7,100,96.6,6091,561.3,9676,2055.4,5272
2020-08-21,Midlands,10,0.8,138,6,10.6,80,6.7,100,96.7,6095,561.5,9679,2056.6,5275
2020-08-22,Midlands,9,0.8,146,7,10.7,81,6.7,100,96.8,6098,561.7,9683,2057.0,5276
2020-08-23,Midlands,9,0.7,149,7,10.7,81,6.7,100,96.9,6105,561.8,9685,2057.0,5276
2020-08-24,Midlands,8,0.7,148,8,10.7,81,6.7,100,96.9,6108,561.8,9685,2059.0,5281
2020-08-25,Midlands,12,0.7,147,10,10.7,81,6.7,100,97.0,6115,562.1,9690,2059.0,5281
2020-08-26,Midlands,12,0.7,140,7,10.7,81,6.7,100,97.1,6121,562.4,9694,2059.7,5283
2020-08-27,Midlands,13,0.7,143,10,10.7,81,6.7,100,97.2,6128,562.6,9698,2060.5,5285
2020-08-28,Midlands,2,0.6,135,6,10.7,81,6.7,100,97.2,6129,562.6,9698,2060.9,5286
2020-08-29,Midlands,12,0.6,133,8,10.7,81,6.7,100,97.3,6134,562.8,9702,2062.1,5289
2020-08-30,Midlands,8,0.6,131,11,10.8,82,6.7,101,97.4,6137,562.9,9704,2062.5,5290
2020-08-31,Midlands,15,0.7,127,10,11.0,83,6.7,101,97.4,6140,563.3,9710,2064.4,5295
2020-09-01,Midlands,10,0.7,123,10,11.0,83,6.7,101,97.5,6146,563.4,9712,2065.2,5297
2020-09-02,Midlands,14,0.7,85,9,11.0,83,6.7,101,97.7,6156,563.6,9715,2065.6,5298
2020-09-03,Midlands,7,0.6,83,9,11.0,83,6.7,101,97.7,6160,563.7,9718,2065.6,5298
2020-09-04,Midlands,17,0.8,81,7,11.0,83,6.9,103,97.9,6168,564.0,9722,2066.8,5301
2020-09-05,Midlands,24,0.9,80,8,11.0,83,6.9,103,98.0,6175,564.8,9736,2067.9,5304
2020-09-06,Midlands,19,1.0,79,9,11.0,83,6.9,103,98.2,6187,565.1,9741,2068.7,5306
2020-09-07,Midlands,20,1.1,96,12,11.0,83,6.9,103,98.4,6201,565.4,9747,2068.7,5306
2020-09-08,Midlands,27,1.2,97,13,11.1,84,6.9,104,98.7,6218,565.8,9754,2069.1,5307
2020-09-09,Midlands,32,1.4,100,13,11.1,84,7.0,105,98.9,6236,566.4,9763,2070.7,5311
2020-09-10,Midlands,30,1.6,107,14,11.2,85,7.1,106,99.2,6252,567.0,9774,2071.0,5312
2020-09-11,Midlands,31,1.7,118,15,11.2,85,7.1,106,99.5,6270,567.5,9782,2073.0,5317
2020-09-12,Midlands,22,1.7,132,18,11.4,86,7.1,106,99.7,6281,567.9,9789,2074.2,5320
2020-09-13,Midlands,31,1.8,151,18,11.4,86,7.1,106,99.9,6294,568.8,9805,2074.9,5322
2020-09-14,Midlands,36,2.0,164,21,11.4,86,7.1,106,100.2,6312,569.5,9818,2076.9,5327
2020-09-15,Midlands,33,2.0,198,25,11.4,86,7.1,106,100.5,6332,570.2,9830,2077.3,5328
2020-09-16,Midlands,37,2.1,189,28,11.5,87,7.1,106,100.8,6350,571.0,9843,2079.2,5333
2020-09-17,Midlands,36,2.1,187,26,11.6,88,7.1,106,101.0,6364,571.9,9859,2081.2,5338
2020-09-18,Midlands,39,2.2,206,29,11.6,88,7.1,106,101.3,6383,572.6,9870,2084.7,5347
2020-09-19,Midlands,43,2.4,221,29,11.6,88,7.1,106,101.7,6407,573.4,9885,2086.2,5351
2020-09-20,Midlands,43,2.5,248,37,11.8,89,7.1,106,101.9,6423,574.4,9902,2089.8,5360
2020-09-21,Midlands,30,2.5,265,42,11.8,89,7.1,107,102.2,6444,574.8,9909,2090.1,5361
2020-09-22,Midlands,61,2.7,278,44,11.8,89,7.1,107,102.7,6471,576.3,9934,2093.7,5370
2020-09-23,Midlands,55,2.9,286,49,11.8,89,7.3,109,103.2,6502,577.4,9953,2094.8,5373
2020-09-24,Midlands,59,3.1,304,54,11.8,89,7.4,111,103.6,6530,578.6,9974,2097.9,5381
2020-09-25,Midlands,61,3.3,346,56,11.9,90,7.4,111,104.0,6556,580.1,10000,2101.1,5389
2020-09-26,Midlands,52,3.4,345,48,11.9,90,7.4,111,104.4,6580,581.4,10022,2103.4,5395
2020-09-27,Midlands,48,3.5,369,53,11.9,90,7.4,111,104.8,6606,582.4,10040,2105.0,5399
2020-09-28,Midlands,58,3.7,382,53,11.9,90,7.4,111,105.3,6634,583.7,10062,2108.1,5407
2020-09-29,Midlands,55,3.7,379,52,11.9,90,7.4,111,105.6,6655,585.2,10088,2111.2,5415
2020-09-30,Midlands,57,3.7,374,57,12.0,91,7.5,112,106.0,6679,586.5,10111,2114.3,5423
2020-10-01,Midlands,62,3.7,391,56,12.0,91,7.5,113,106.4,6705,588.3,10141,2116.3,5428
2020-10-02,Midlands,67,3.8,415,63,12.0,91,7.5,113,106.9,6738,589.8,10168,2119.0,5435
2020-10-03,Midlands,53,3.8,417,60,12.0,91,7.5,113,107.4,6768,590.9,10186,2120.9,5440
2020-10-04,Midlands,68,4.0,447,62,12.0,91,7.6,114,107.7,6790,593.0,10222,2124.5,5449
2020-10-05,Midlands,97,4.4,479,70,12.2,92,7.7,115,108.2,6822,595.5,10266,2131.9,5468
2020-10-06,Midlands,78,4.6,495,71,12.3,93,7.7,115,108.7,6848,597.2,10294,2140.8,5491
2020-10-07,Midlands,81,4.8,517,77,12.4,94,7.7,115,109.2,6883,598.7,10321,2147.9,5509
2020-10-08,Midlands,77,4.9,522,78,12.4,94,7.7,115,109.8,6920,600.4,10350,2152.1,5520
2020-10-09,Midlands,87,5.1,548,76,12.6,95,7.7,115,110.3,6951,602.4,10385,2159.9,5540
2020-10-10,Midlands,78,5.4,549,82,12.6,95,7.7,116,110.7,6978,604.1,10414,2168.1,5561
2020-10-11,Midlands,101,5.7,611,81,12.6,95,7.8,117,111.4,7020,606.6,10456,2174.4,5577
2020-10-12,Midlands,109,5.8,661,89,12.7,96,7.9,118,112.0,7060,609.1,10500,2183.3,5600
2020-10-13,Midlands,161,6.6,667,90,12.8,97,7.9,118,113.0,7119,613.5,10575,2193.5,5626
2020-10-14,Midlands,129,7.0,707,96,12.8,97,7.9,119,113.6,7162,617.3,10641,2200.9,5645
2020-10-15,Midlands,146,7.7,796,91,12.8,97,8.1,121,114.4,7208,621.1,10706,2213.7,5678
2020-10-16,Midlands,132,8.1,843,95,13.1,99,8.1,121,115.3,7265,623.8,10754,2223.5,5703
2020-10-17,Midlands,108,8.4,872,91,13.1,99,8.1,121,116.0,7309,625.9,10789,2234.8,5732
2020-10-18,Midlands,165,9.0,905,88,13.2,100,8.1,121,116.9,7369,629.9,10859,2248.0,5766
2020-10-19,Midlands,173,9.6,1003,105,13.4,101,8.2,123,117.9,7428,634.2,10932,2262.9,5804
2020-10-20,Midlands,208,10.1,1090,109,13.4,101,8.3,125,119.0,7498,639.6,11026,2279.2,5846
2020-10-21,Midlands,197,10.7,1148,122,13.4,101,8.4,126,120.2,7577,644.6,11111,2291.7,5878
2020-10-22,Midlands,230,11.5,1230,132,13.5,102,8.4,126,121.6,7662,650.0,11205,2311.2,5928
2020-10-23,Midlands,181,12.0,1301,142,13.6,103,8.5,128,122.6,7727,654.5,11283,2324.9,5963
2020-10-24,Midlands,174,12.6,1379,149,13.8,104,8.5,128,123.6,7788,659.3,11366,2336.2,5992
2020-10-25,Midlands,220,13.1,1449,153,13.8,104,8.5,128,124.6,7853,666.0,11481,2351.8,6032
2020-10-26,Midlands,278,14.1,1330,141,13.9,105,8.6,129,126.3,7957,672.3,11590,2376.3,6095
2020-10-27,Midlands,268,14.7,1700,171,14.3,108,8.6,129,128.0,8066,678.0,11688,2398.9,6153
2020-10-28,Midlands,229,15.0,1935,204,14.4,109,8.6,129,129.1,8135,684.8,11805,2415.3,6195
2020-10-29,Midlands,288,15.5,1871,192,14.5,110,8.7,131,130.6,8228,693.1,11948,2434.4,6244
2020-10-30,Midlands,234,16.0,1950,193,14.5,110,8.8,132,131.8,8309,699.4,12056,2451.6,6288
2020-10-31,Midlands,250,16.8,2010,197,14.5,110,8.8,132,133.1,8389,706.7,12182,2468.7,6332
2020-11-01,Midlands,274,17.3,1929,191,14.9,113,9.3,139,134.5,8477,713.7,12303,2490.2,6387
2020-11-02,Midlands,284,17.3,2044,197,15.1,114,9.5,143,136.0,8574,721.1,12430,2511.6,6442
2020-11-03,Midlands,261,17.3,2350,225,15.2,115,9.9,148,137.3,8654,727.3,12537,2538.1,6510
2020-11-04,Midlands,298,17.9,2332,223,15.6,118,10.1,151,138.9,8756,734.9,12668,2561.1,6569
2020-11-05,Midlands,324,18.3,2339,227,15.9,120,10.3,154,140.5,8857,742.9,12807,2591.9,6648
2020-11-06,Midlands,279,18.7,2345,223,16.0,121,10.5,158,141.9,8942,750.2,12932,2616.9,6712
2020-11-07,Midlands,300,19.2,2453,233,16.1,122,10.6,159,143.3,9033,758.3,13072,2643.0,6779
2020-11-08,Midlands,362,20.0,2545,231,16.5,125,10.7,161,145.1,9143,767.8,13236,2675.4,6862
2020-11-09,Midlands,397,21.1,2634,229,17.1,129,10.8,162,146.9,9260,779.2,13432,2706.2,6941
2020-11-10,Midlands,392,22.3,2605,223,17.1,129,10.9,164,149.0,9393,788.6,13594,2743.2,7036
2020-11-11,Midlands,437,23.6,2805,238,17.2,130,11.3,169,151.4,9540,799.3,13779,2781.8,7135
2020-11-12,Midlands,368,24.1,2948,246,17.3,131,11.6,174,153.1,9650,809.2,13949,2813.8,7217
2020-11-13,Midlands,372,24.9,3039,258,17.6,133,11.9,179,154.9,9765,820.1,14137,2837.9,7279
2020-11-14,Midlands,346,25.4,3126,267,18.1,137,12.1,182,156.5,9864,829.8,14305,2866.0,7351
2020-11-15,Midlands,330,25.1,3183,272,18.5,140,12.3,185,158.1,9967,839.0,14463,2890.6,7414
2020-11-16,Midlands,391,25.0,3274,271,18.8,142,12.6,189,159.7,10067,850.8,14667,2922.2,7495
2020-11-17,Midlands,358,24.7,3335,280,18.8,142,12.8,192,161.3,10169,860.9,14840,2953.3,7575
2020-11-18,Midlands,381,24.2,3395,281,18.8,142,13.0,195,163.5,10305,870.3,15003,2984.1,7654
2020-11-19,Midlands,352,24.0,3425,288,19.0,144,13.1,197,165.3,10417,879.3,15157,3016.1,7736
2020-11-20,Midlands,325,23.6,3329,290,19.2,145,13.5,203,166.6,10502,888.6,15318,3044.2,7808
2020-11-21,Midlands,275,22.9,3320,288,19.6,148,13.8,207,168.0,10589,895.7,15441,3066.8,7866
2020-11-22,Midlands,305,22.7,3401,303,20.5,155,14.1,211,169.5,10682,902.9,15564,3097.2,7944
2020-11-23,Midlands,372,22.5,3414,312,20.6,156,14.3,214,171.9,10836,911.6,15714,3122.2,8008
2020-11-24,Midlands,333,22.2,3406,313,20.8,157,14.5,218,173.6,10942,919.8,15855,3153.7,8089
2020-11-25,Midlands,349,21.9,3378,313,21.0,159,14.7,221,175.2,11043,928.9,16012,3187.3,8175
2020-11-26,Midlands,270,21.2,3245,306,21.4,162,14.7,221,176.3,11112,936.0,16135,3216.5,8250
2020-11-27,Midlands,232,20.3,3203,304,21.4,162,15.0,225,177.4,11179,942.2,16242,3237.6,8304
2020-11-28,Midlands,253,20.1,3079,291,21.8,165,15.1,227,178.6,11259,948.7,16354,3259.4,8360
2020-11-29,Midlands,277,19.8,3120,286,22.1,167,15.3,229,180.0,11347,955.4,16469,3286.7,8430
2020-11-30,Midlands,284,19.0,3130,277,22.2,168,15.5,232,181.4,11434,962.9,16598,3311.6,8494
2020-12-01,Midlands,323,18.9,3084,274,22.5,170,15.5,233,183.0,11535,971.1,16740,3341.7,8571
2020-12-02,Midlands,328,18.7,3054,262,22.5,170,16.0,240,184.6,11633,979.9,16892,3369.3,8642
2020-12-03,Midlands,344,19.4,2843,244,22.6,171,16.2,243,186.2,11736,988.5,17040,3404.0,8731
2020-12-04,Midlands,356,20.5,2967,258,22.9,173,16.3,245,188.0,11846,995.8,17166,3437.6,8817
2020-12-05,Midlands,262,20.6,3021,245,23.1,175,16.5,247,189.5,11943,1002.2,17276,3455.1,8862
2020-12-06,Midlands,323,21.1,3087,259,23.3,176,16.9,253,190.9,12034,1010.4,17418,3487.5,8945
2020-12-07,Midlands,303,21.2,3109,262,23.4,177,17.2,258,192.3,12119,1017.8,17546,3520.2,9029
2020-12-08,Midlands,360,21.6,3128,272,23.4,177,17.7,265,194.0,12227,1027.4,17711,3551.4,9109
2020-12-09,Midlands,319,21.5,3103,270,23.4,177,18.0,269,195.3,12309,1036.5,17868,3581.1,9185
2020-12-10,Midlands,376,21.8,3135,275,23.5,178,18.2,273,197.1,12421,1046.0,18031,3618.5,9281
2020-12-11,Midlands,324,21.5,3107,279,23.9,181,18.5,277,198.4,12505,1054.3,18175,3653.2,9370
2020-12-12,Midlands,357,22.4,3076,261,24.6,186,18.8,281,199.8,12594,1063.5,18333,3692.6,9471
2020-12-13,Midlands,304,22.2,3276,278,25.0,189,19.0,285,201.1,12677,1071.1,18464,3724.9,9554
2020-12-14,Midlands,329,22.5,3286,257,25.4,192,19.2,288,202.6,12772,1079.2,18604,3759.2,9642
2020-12-15,Midlands,368,22.6,3097,251,26.2,198,19.3,289,204.4,12883,1089.4,18780,3788.1,9716
2020-12-16,Midlands,385,23.2,3191,254,26.6,201,19.6,294,206.0,12984,1100.6,18973,3820.4,9799
2020-12-17,Midlands,369,23.1,3292,257,27.0,204,19.8,296,207.7,13090,1110.3,19140,3855.9,9890
2020-12-18,Midlands,287,22.8,3289,246,27.1,205,19.9,298,209.2,13186,1117.2,19259,3882.8,9959
2020-12-19,Midlands,270,21.9,3293,254,27.5,208,20.0,299,210.7,13280,1124.0,19376,3904.3,10014
2020-12-20,Midlands,364,22.5,3203,243,28.0,212,20.0,300,212.7,13403,1132.0,19514,3942.5,10112
2020-12-21,Midlands,398,23.2,3389,257,28.2,213,20.3,304,214.6,13528,1142.4,19693,3977.2,10201
2020-12-22,Midlands,364,23.1,3447,252,28.4,215,20.4,305,216.6,13653,1151.4,19849,4008.4,10281
2020-12-23,Midlands,314,22.5,3405,260,28.8,218,20.5,307,218.3,13759,1159.4,19987,4033.7,10346
2020-12-24,Midlands,294,21.7,3368,264,29.0,219,20.6,308,220.1,13869,1166.8,20113,4055.5,10402
2020-12-25,Midlands,281,21.7,3228,271,29.1,220,20.7,310,221.7,13973,1173.1,20222,4080.9,10467
2020-12-26,Midlands,429,23.2,3233,284,30.0,227,20.9,313,223.6,14092,1183.5,20402,4127.7,10587
2020-12-27,Midlands,401,23.5,3329,279,30.4,230,21.1,316,226.0,14242,1192.6,20559,4162.0,10675
2020-12-28,Midlands,506,24.6,3515,278,30.9,234,21.4,320,228.7,14413,1205.3,20777,4204.5,10784
2020-12-29,Midlands,562,26.4,3694,285,31.2,236,21.8,326,231.9,14618,1218.8,21010,4249.7,10900
2020-12-30,Midlands,487,28.1,3876,306,31.6,239,21.8,327,234.9,14802,1229.8,21199,4292.6,11010
2020-12-31,Midlands,435,29.4,3944,305,31.9,241,22.0,330,237.0,14939,1240.9,21391,4332.0,11111
2021-01-01,Midlands,469,31.2,3808,312,31.9,241,22.2,332,239.6,15102,1252.0,21582,4376.0,11224
2021-01-02,Midlands,546,32.3,3959,324,32.0,242,22.5,337,242.4,15279,1265.8,21820,4424.8,11349
2021-01-03,Midlands,543,33.7,4065,359,32.3,244,22.8,341,245.8,15491,1278.8,22045,4463.7,11449
2021-01-04,Midlands,608,34.6,4499,367,33.1,250,23.0,345,249.3,15714,1293.6,22300,4510.5,11569
2021-01-05,Midlands,655,35.5,4553,377,34.1,258,23.4,350,253.0,15944,1309.9,22581,4561.6,11700
2021-01-06,Midlands,660,37.2,4629,399,34.5,261,23.4,351,256.9,16188,1325.2,22845,4619.3,11848
2021-01-07,Midlands,727,39.9,4521,383,34.9,264,23.7,355,260.7,16431,1343.7,23163,4681.3,12007
2021-01-08,Midlands,666,41.8,4934,439,36.0,272,23.8,357,264.3,16658,1360.6,23455,4734.7,12144
2021-01-09,Midlands,638,42.7,5136,453,36.2,274,23.9,358,267.9,16883,1376.9,23735,4785.4,12274
2021-01-10,Midlands,660,43.8,5294,466,36.2,274,24.2,362,271.6,17117,1392.5,24005,4844.7,12426
2021-01-11,Midlands,824,45.8,5524,477,36.8,278,24.5,367,276.6,17430,1412.2,24344,4908.2,12589
2021-01-12,Midlands,862,47.8,5630,504,37.4,283,24.8,372,281.5,17744,1433.5,24712,4974.5,12759
2021-01-13,Midlands,738,48.5,5741,521,37.9,287,25.0,375,286.1,18031,1452.3,25035,5021.7,12880
2021-01-14,Midlands,729,48.6,5799,532,38.3,290,25.4,381,290.7,18320,1469.5,25332,5073.9,13014
2021-01-15,Midlands,671,48.6,5890,570,39.0,295,25.6,383,294.5,18560,1486.6,25626,5124.6,13144
2021-01-16,Midlands,753,49.7,5955,599,39.7,300,26.1,391,298.5,18810,1505.2,25948,5190.1,13312
2021-01-17,Midlands,738,50.4,6077,595,40.3,305,26.2,392,302.6,19071,1522.9,26252,5255.2,13479
2021-01-18,Midlands,824,50.4,6278,598,40.9,309,26.6,399,307.3,19367,1543.1,26601,5320.7,13647
2021-01-19,Midlands,835,50.2,6325,602,41.9,317,27.2,407,312.2,19674,1562.6,26937,5389.3,13823
2021-01-20,Midlands,777,50.6,6350,615,42.6,322,27.6,414,316.7,19963,1580.5,27246,5454.4,13990
2021-01-21,Midlands,659,49.9,6380,627,43.0,325,27.8,417,320.9,20224,1596.3,27517,5501.6,14111
2021-01-22,Midlands,592,49.1,6341,650,44.0,333,28.0,420,324.8,20473,1609.3,27741,5543.7,14219
2021-01-23,Midlands,540,47.1,6245,671,44.4,336,28.4,425,328.2,20685,1621.8,27957,5584.3,14323
2021-01-24,Midlands,549,45.3,6338,655,44.8,339,28.4,426,331.9,20917,1634.4,28175,5621.3,14418
2021-01-25,Midlands,537,42.6,6330,664,45.9,347,28.8,431,335.3,21131,1646.8,28389,5658.7,14514
2021-01-26,Midlands,595,40.3,6165,672,46.4,351,29.0,435,338.9,21358,1660.5,28625,5707.1,14638
2021-01-27,Midlands,574,38.4,5940,673,46.5,352,29.3,439,342.5,21588,1673.4,28847,5752.7,14755
2021-01-28,Midlands,592,37.8,5810,658,47.1,356,29.5,442,346.3,21826,1686.7,29076,5798.7,14873
2021-01-29,Midlands,468,36.6,5664,654,47.7,361,29.6,444,349.5,22026,1697.1,29256,5830.3,14954
2021-01-30,Midlands,486,36.1,5590,664,48.0,363,29.8,447,352.0,22184,1709.2,29464,5875.1,15069
2021-01-31,Midlands,484,35.5,5586,638,48.1,364,30.2,452,354.7,22353,1721.7,29680,5911.4,15162
2021-02-01,Midlands,485,35.0,5503,647,48.8,369,30.6,458,357.5,22531,1732.7,29869,5953.1,15269
2021-02-02,Midlands,509,34.1,5383,622,49.7,376,30.9,463,360.1,22697,1745.3,30086,5997.5,15383
2021-02-03,Midlands,414,32.6,5186,634,50.1,379,31.1,466,362.6,22852,1755.1,30255,6030.3,15467
2021-02-04,Midlands,412,30.9,4986,629,50.4,381,31.3,469,365.2,23017,1764.0,30409,6064.6,15555
2021-02-05,Midlands,374,30.0,4769,622,51.0,386,31.3,469,367.5,23163,1771.9,30545,6098.5,15642
2021-02-06,Midlands,382,29.0,4477,608,51.2,387,31.5,472,369.6,23296,1780.7,30697,6134.8,15735
2021-02-07,Midlands,346,27.7,4529,602,51.8,392,31.6,474,371.7,23425,1787.5,30814,6171.0,15828
2021-02-08,Midlands,398,26.9,4550,583,52.0,393,31.8,476,374.2,23583,1796.9,30975,6200.7,15904
2021-02-09,Midlands,329,25.2,4430,579,52.6,398,31.9,478,376.2,23707,1804.7,31110,6225.2,15967
2021-02-10,Midlands,319,24.3,4258,557,53.0,401,32.0,479,378.1,23829,1812.9,31252,6245.1,16018
2021-02-11,Midlands,329,23.5,4021,530,53.5,405,32.2,482,380.2,23965,1819.7,31369,6272.0,16087
2021-02-12,Midlands,278,22.6,3840,525,54.1,409,32.3,484,381.9,24068,1826.6,31487,6291.9,16138
2021-02-13,Midlands,274,21.6,3608,495,54.2,410,32.4,485,383.7,24180,1832.7,31592,6313.3,16193
2021-02-14,Midlands,322,21.3,3612,498,54.5,412,32.4,486,385.8,24312,1839.6,31711,6339.8,16261
2021-02-15,Midlands,325,20.6,3534,489,55.3,418,32.4,486,387.6,24427,1848.0,31856,6362.8,16320
2021-02-16,Midlands,317,20.5,3466,468,55.7,421,32.6,489,389.5,24548,1855.3,31983,6387.4,16383
2021-02-17,Midlands,298,20.3,3325,455,56.1,424,33.0,494,391.7,24684,1861.7,32092,6405.0,16428
2021-02-18,Midlands,267,19.7,3280,442,56.3,426,33.2,498,393.3,24789,1868.2,32205,6421.7,16471
2021-02-19,Midlands,270,19.7,3190,439,56.6,428,33.4,501,395.0,24896,1874.5,32313,6441.2,16521
2021-02-20,Midlands,229,19.2,3080,421,57.0,431,33.5,502,396.4,24985,1879.6,32401,6459.9,16569
2021-02-21,Midlands,228,18.4,3036,415,57.2,433,33.6,503,397.9,25079,1885.0,32495,6474.4,16606
2021-02-22,Midlands,246,17.6,3080,421,57.4,434,33.6,503,399.7,25191,1890.2,32584,6491.5,16650
2021-02-23,Midlands,248,16.9,3003,413,58.0,439,33.6,504,401.5,25305,1895.2,32670,6507.9,16692
2021-02-24,Midlands,219,16.2,2875,387,58.4,442,33.7,505,403.0,25397,1899.8,32750,6524.6,16735
2021-02-25,Midlands,210,15.7,2776,376,58.7,444,33.8,506,404.4,25486,1904.2,32825,6541.4,16778
2021-02-26,Midlands,172,14.7,2648,362,59.4,449,33.8,507,405.4,25553,1908.2,32894,6553.1,16808
2021-02-27,Midlands,147,13.9,2518,356,59.5,450,33.9,508,406.4,25611,1911.4,32949,6565.6,16840
2021-02-28,Midlands,126,13.0,2483,358,59.6,451,34.1,511,407.1,25657,1914.6,33004,6573.8,16861
2021-03-01,Midlands,163,12.2,2458,349,59.6,451,34.2,513,408.2,25728,1918.3,33068,6583.9,16887
2021-03-02,Midlands,150,11.3,2304,328,59.8,452,34.4,516,409.2,25789,1921.9,33130,6592.9,16910
2021-03-03,Midlands,168,10.8,2181,312,60.0,454,34.5,517,410.3,25860,1925.4,33191,6605.7,16943
2021-03-04,Midlands,129,10.0,2043,295,60.2,455,34.6,518,411.2,25915,1928.0,33236,6616.3,16970
2021-03-05,Midlands,104,9.4,1928,291,60.2,455,34.6,518,412.0,25967,1929.9,33269,6623.7,16989
2021-03-06,Midlands,107,9.0,1803,282,60.4,457,34.6,518,412.8,26017,1931.9,33302,6632.3,17011
2021-03-07,Midlands,96,8.7,1766,277,60.6,458,34.6,518,413.6,26065,1933.8,33335,6637.7,17025
2021-03-08,Midlands,112,8.2,1736,266,61.0,461,34.7,520,414.4,26120,1935.9,33371,6643.9,17041
2021-03-09,Midlands,101,7.8,1653,257,61.2,463,34.7,520,415.2,26167,1937.6,33401,6652.5,17063
2021-03-10,Midlands,113,7.2,1565,251,61.5,465,34.8,521,415.9,26211,1940.0,33442,6662.3,17088
2021-03-11,Midlands,105,7.0,1483,242,61.7,467,34.8,521,416.7,26261,1942.1,33478,6668.9,17105
2021-03-12,Midlands,93,6.9,1401,229,61.9,468,34.8,522,417.4,26306,1943.6,33505,6676.3,17124
2021-03-13,Midlands,87,6.7,1356,221,61.9,468,34.8,522,418.0,26342,1945.9,33545,6680.6,17135
2021-03-14,Midlands,74,6.5,1324,210,61.9,468,35.0,525,418.5,26376,1947.3,33568,6686.1,17149
2021-03-15,Midlands,116,6.5,1303,207,62.1,470,35.1,526,419.3,26425,1950.0,33614,6693.1,17167
2021-03-16,Midlands,72,6.3,1249,196,62.1,470,35.1,526,419.8,26458,1951.1,33634,6700.5,17186
2021-03-17,Midlands,65,5.8,1204,186,62.1,470,35.1,526,420.3,26490,1952.3,33654,6705.6,17199
2021-03-18,Midlands,84,5.6,1100,176,62.1,470,35.1,526,420.8,26522,1954.5,33693,6710.6,17212
2021-03-19,Midlands,76,5.4,1052,169,62.4,472,35.1,526,421.4,26560,1955.9,33716,6715.7,17225
2021-03-20,Midlands,56,5.2,969,155,62.5,473,35.2,527,421.8,26585,1957.0,33735,6719.6,17235
2021-03-21,Midlands,63,5.0,965,154,63.1,477,35.2,527,422.3,26617,1957.8,33750,6724.3,17247
2021-03-22,Midlands,60,4.5,948,148,63.3,479,35.3,529,422.8,26650,1958.8,33766,6727.0,17254
2021-03-23,Midlands,61,4.4,896,138,63.6,481,35.4,531,423.4,26686,1959.5,33779,6730.1,17262
2021-03-24,Midlands,61,4.4,826,131,63.9,483,35.5,532,424.0,26720,1960.3,33793,6734.0,17272
2021-03-25,Midlands,77,4.3,773,126,64.0,484,35.5,532,424.6,26758,1961.8,33818,6739.1,17285
2021-03-26,Midlands,51,4.1,765,126,64.1,485,35.6,533,424.9,26779,1963.1,33840,6741.4,17291
2021-03-27,Midlands,54,4.1,736,124,64.1,485,35.6,534,425.3,26807,1964.2,33860,6743.4,17296
2021-03-28,Midlands,50,3.9,712,123,64.3,486,35.7,535,425.7,26828,1965.3,33879,6746.5,17304
2021-03-29,Midlands,44,3.8,709,120,64.3,486,35.8,536,426.0,26848,1966.4,33897,6748.4,17309
2021-03-30,Midlands,52,3.7,669,117,64.5,488,35.9,538,426.4,26872,1967.4,33914,6751.2,17316
2021-03-31,Midlands,51,3.6,631,111,64.8,490,36.0,540,426.7,26895,1968.2,33929,6754.7,17325
2021-04-01,Midlands,34,3.2,606,104,64.9,491,36.0,540,426.9,26907,1969.2,33946,6756.2,17329
2021-04-02,Midlands,43,3.1,563,96,65.0,492,36.0,540,427.2,26925,1969.7,33955,6762.1,17344
2021-04-03,Midlands,40,3.0,536,88,65.0,492,36.0,540,427.5,26944,1970.6,33970,6764.4,17350
2021-04-04,Midlands,34,2.8,525,85,65.0,492,36.1,541,427.8,26962,1971.2,33980,6766.4,17355
2021-04-05,Midlands,44,2.8,530,82,65.3,494,36.1,541,428.2,26986,1971.8,33990,6769.5,17363
2021-04-06,Midlands,45,2.8,529,81,65.3,494,36.2,543,428.6,27011,1972.4,34001,6772.2,17370
2021-04-07,Midlands,40,2.7,502,79,65.3,494,36.2,543,428.9,27030,1973.2,34015,6774.9,17377
2021-04-08,Midlands,32,2.6,491,80,65.3,494,36.3,544,429.2,27053,1973.5,34020,6776.1,17380
2021-04-09,Midlands,37,2.6,464,74,65.3,494,36.3,544,429.6,27073,1974.2,34032,6778.1,17385
2021-04-10,Midlands,30,2.5,440,74,65.3,494,36.3,544,429.8,27085,1974.9,34044,6780.4,17391
2021-04-11,Midlands,30,2.4,433,73,65.3,494,36.3,544,430.0,27103,1975.2,34049,6783.1,17398
2021-04-12,Midlands,26,2.3,431,72,65.3,494,36.4,545,430.2,27115,1975.8,34059,6784.3,17401
2021-04-13,Midlands,29,2.1,400,69,65.3,494,36.4,545,430.5,27131,1976.2,34067,6786.3,17406
2021-04-14,Midlands,24,2.0,364,64,65.4,495,36.4,545,430.7,27142,1976.6,34074,6788.2,17411
2021-04-15,Midlands,30,2.0,353,63,65.4,495,36.4,545,430.9,27160,1977.2,34083,6789.4,17414
2021-04-16,Midlands,31,1.9,339,62,65.4,495,36.4,545,431.2,27178,1977.6,34090,6791.7,17420
2021-04-17,Midlands,34,1.9,332,68,65.4,495,36.4,545,431.5,27198,1978.1,34099,6793.7,17425
2021-04-18,Midlands,26,1.9,323,61,65.4,495,36.4,545,431.8,27215,1978.4,34105,6794.8,17428
2021-04-19,Midlands,29,1.9,326,61,65.4,495,36.4,545,432.0,27229,1979.2,34119,6795.2,17429
2021-04-20,Midlands,13,1.8,300,50,65.4,495,36.4,545,432.2,27237,1979.5,34123,6795.6,17430
2021-04-21,Midlands,19,1.7,301,51,65.6,496,36.4,545,432.3,27247,1979.8,34129,6796.4,17432
2021-04-22,Midlands,26,1.7,275,47,65.6,496,36.4,545,432.6,27264,1980.1,34133,6798.3,17437
2021-04-23,Midlands,23,1.6,259,43,65.6,496,36.4,546,432.8,27276,1980.5,34140,6799.5,17440
2021-04-24,Midlands,23,1.5,252,43,65.6,496,36.4,546,433.0,27289,1980.9,34147,6800.7,17443
2021-04-25,Midlands,26,1.5,241,40,65.7,497,36.4,546,433.1,27299,1981.5,34157,6802.6,17448
2021-04-26,Midlands,34,1.6,252,42,65.7,497,36.4,546,433.4,27313,1982.3,34171,6805.0,17454
2021-04-27,Midlands,25,1.7,237,34,65.7,497,36.4,546,433.6,27326,1982.7,34179,6806.5,17458
2021-04-28,Midlands,21,1.7,241,31,65.7,497,36.4,546,433.7,27337,1983.0,34184,6808.5,17463
2021-04-29,Midlands,15,1.6,232,30,65.7,497,36.4,546,433.9,27346,1983.3,34189,6808.9,17464
2021-04-30,Midlands,20,1.6,218,30,65.8,498,36.5,547,434.1,27357,1983.5,34193,6810.0,17467
2021-05-01,Midlands,22,1.5,189,29,65.8,498,36.6,548,434.2,27368,1983.9,34199,6811.6,17471
2021-05-02,Midlands,16,1.5,213,29,66.0,499,36.6,548,434.3,27374,1984.2,34205,6812.8,17474
2021-05-03,Midlands,23,1.3,215,27,66.2,501,36.6,549,434.5,27383,1984.8,34215,6813.2,17475
2021-05-04,Midlands,19,1.3,214,25,66.4,502,36.7,550,434.7,27395,1985.0,34219,6813.5,17476
2021-05-05,Midlands,22,1.3,201,28,66.5,503,36.8,551,434.9,27408,1985.4,34225,6813.9,17477
2021-05-06,Midlands,17,1.3,195,28,66.5,503,36.8,551,435.0,27415,1985.9,34233,6814.7,17479
2021-05-07,Midlands,16,1.3,186,27,66.5,503,36.8,551,435.1,27423,1986.2,34238,6815.9,17482
2021-05-08,Midlands,17,1.2,179,24,66.5,503,36.8,551,435.2,27431,1986.6,34246,6816.3,17483
2021-05-09,Midlands,16,1.2,183,23,66.6,504,36.8,551,435.3,27437,1987.0,34253,6817.1,17485
2021-05-10,Midlands,16,1.2,187,21,66.6,504,36.9,553,435.5,27447,1987.1,34255,6817.8,17487
2021-05-11,Midlands,12,1.1,185,21,66.6,504,36.9,553,435.6,27453,1987.3,34258,6819.0,17490
2021-05-12,Midlands,13,1.0,182,22,66.6,504,36.9,553,435.7,27459,1987.4,34259,6821.3,17496
2021-05-13,Midlands,15,1.0,157,21,66.6,504,36.9,553,435.8,27467,1987.5,34262,6822.9,17500
2021-05-14,Midlands,15,1.0,155,18,66.6,504,37.0,554,435.9,27475,1987.8,34266,6823.7,17502
2021-05-15,Midlands,16,1.0,146,18,66.6,504,37.0,555,436.1,27483,1988.1,34271,6824.5,17504
2021-05-16,Midlands,12,0.9,145,16,66.6,504,37.0,555,436.2,27493,1988.2,34273,6824.5,17504
2021-05-17,Midlands,21,1.0,144,16,66.6,504,37.1,556,436.5,27510,1988.2,34274,6825.2,17506
2021-05-18,Midlands,28,1.1,134,17,66.6,504,37.2,557,436.8,27528,1988.5,34279,6826.8,17510
2021-05-19,Midlands,17,1.2,143,15,66.6,504,37.2,558,436.9,27536,1988.8,34283,6828.4,17514
2021-05-20,Midlands,25,1.3,137,15,66.6,504,37.3,559,437.1,27551,1989.1,34289,6829.5,17517
2021-05-21,Midlands,22,1.3,144,14,66.8,505,37.4,560,437.4,27564,1989.3,34293,6830.7,17520
2021-05-22,Midlands,17,1.3,141,15,66.8,505,37.5,562,437.5,27573,1989.6,34297,6831.5,17522
2021-05-23,Midlands,18,1.4,151,16,66.8,505,37.6,563,437.6,27582,1989.9,34302,6832.7,17525
2021-05-24,Midlands,14,1.3,154,15,66.8,505,37.6,563,437.8,27591,1990.0,34304,6833.8,17528
2021-05-25,Midlands,19,1.3,134,14,66.8,505,37.6,563,438.0,27604,1990.2,34308,6834.6,17530
2021-05-26,Midlands,20,1.3,135,14,66.9,506,37.6,563,438.2,27618,1990.4,34311,6835.4,17532
2021-05-27,Midlands,14,1.2,141,14,66.9,506,37.6,563,438.4,27628,1990.5,34313,6836.2,17534
2021-05-28,Midlands,16,1.1,138,10,67.0,507,37.6,563,438.6,27640,1990.7,34316,6836.2,17534
2021-05-29,Midlands,15,1.1,126,11,67.2,508,37.6,563,438.7,27646,1991.0,34322,6836.9,17536
2021-05-30,Midlands,12,1.0,131,12,67.3,509,37.6,563,438.7,27651,1991.3,34327,6837.3,17537
2021-05-31,Midlands,19,1.1,133,13,67.3,509,37.6,563,438.9,27661,1991.7,34333,6838.5,17540
2021-06-01,Midlands,18,1.1,139,18,67.4,510,37.7,565,439.0,27671,1991.8,34335,6839.7,17543
2021-06-02,Midlands,19,1.1,138,15,67.6,511,37.8,566,439.2,27681,1992.1,34341,6840.1,17544
2021-06-03,Midlands,15,1.1,125,16,67.7,512,37.8,566,439.3,27689,1992.4,34345,6840.8,17546
2021-06-04,Midlands,11,1.0,135,15,67.7,512,37.8,566,439.4,27695,1992.6,34349,6841.2,17547
2021-06-05,Midlands,12,1.0,124,14,67.8,513,37.8,566,439.6,27705,1992.6,34349,6841.6,17548
2021-06-06,Midlands,13,1.0,119,15,67.8,513,37.8,566,439.7,27711,1992.7,34351,6843.6,17553
2021-06-07,Midlands,24,1.1,116,11,68.1,515,38.0,569,439.9,27725,1992.9,34354,6844.3,17555
2021-06-08,Midlands,40,1.3,123,15,68.8,520,38.1,571,440.2,27745,1993.4,34363,6845.9,17559
2021-06-09,Midlands,24,1.3,124,17,68.9,521,38.1,571,440.4,27756,1993.7,34369,6848.2,17565
2021-06-10,Midlands,27,1.4,133,20,68.9,521,38.1,571,440.8,27780,1993.9,34372,6848.2,17565
2021-06-11,Midlands,21,1.5,136,19,68.9,521,38.1,571,441.0,27795,1994.2,34376,6849.0,17567
2021-06-12,Midlands,22,1.6,138,21,68.9,521,38.2,572,441.2,27805,1994.6,34383,6850.6,17571
2021-06-13,Midlands,28,1.8,145,26,68.9,521,38.2,573,441.5,27827,1994.7,34386,6851.4,17573
2021-06-14,Midlands,31,1.8,150,23,69.0,522,38.3,574,441.8,27842,1995.3,34396,6852.9,17577
2021-06-15,Midlands,28,1.7,141,24,69.4,525,38.4,575,442.0,27858,1995.6,34401,6854.1,17580
2021-06-16,Midlands,35,1.8,144,22,69.4,525,38.4,576,442.5,27886,1995.8,34404,6855.3,17583
2021-06-17,Midlands,30,1.9,157,21,69.7,527,38.5,577,442.8,27905,1996.1,34409,6856.4,17586
2021-06-18,Midlands,29,1.9,166,24,69.7,527,38.5,577,443.1,27927,1996.4,34414,6857.2,17588
2021-06-19,Midlands,34,2.0,166,26,69.7,527,38.7,580,443.5,27950,1996.7,34420,6858.0,17590
2021-06-20,Midlands,25,2.0,156,30,70.1,530,38.8,582,443.7,27965,1997.0,34425,6858.0,17590
2021-06-21,Midlands,29,2.0,205,33,70.2,531,38.8,582,444.0,27986,1997.4,34432,6858.0,17590
2021-06-22,Midlands,27,2.0,194,38,70.5,533,38.9,583,444.3,28004,1997.6,34436,6858.8,17592
2021-06-23,Midlands,38,2.0,192,40,70.5,533,38.9,583,444.8,28033,1998.1,34444,6859.2,17593
2021-06-24,Midlands,41,2.1,184,40,71.1,538,38.9,583,445.1,28055,1998.5,34451,6861.9,17600
2021-06-25,Midlands,44,2.3,189,40,71.3,539,39.0,584,445.6,28086,1999.0,34459,6863.1,17603
2021-06-26,Midlands,35,2.3,199,38,71.7,542,39.1,586,446.0,28111,1999.3,34464,6863.1,17603
2021-06-27,Midlands,36,2.4,219,41,71.9,544,39.1,586,446.4,28136,1999.6,34469,6864.6,17607
2021-06-28,Midlands,44,2.5,229,45,72.1,545,39.2,588,446.9,28164,2000.1,34479,6865.8,17610
2021-06-29,Midlands,41,2.6,220,42,72.6,549,39.4,590,447.2,28184,2000.9,34492,6866.6,17612
2021-06-30,Midlands,59,2.8,226,39,73.0,552,39.6,593,447.8,28223,2001.6,34505,6867.0,17613
2021-07-01,Midlands,72,3.1,229,41,73.4,555,39.8,597,448.5,28266,2002.6,34521,6869.3,17619
2021-07-02,Midlands,73,3.4,254,45,73.6,557,40.5,607,449.0,28300,2003.4,34536,6874.0,17631
2021-07-03,Midlands,50,3.6,273,44,73.9,559,40.8,612,449.5,28330,2004.0,34546,6875.1,17634
2021-07-04,Midlands,81,4.0,304,50,74.3,562,41.0,615,450.3,28378,2005.2,34566,6877.9,17641
2021-07-05,Midlands,81,4.3,319,55,74.7,565,41.2,617,451.0,28426,2006.3,34585,6881.4,17650
2021-07-06,Midlands,99,4.9,334,58,75.1,568,41.4,621,452.1,28491,2007.6,34607,6883.3,17655
2021-07-07,Midlands,82,5.1,375,64,75.2,569,41.6,623,453.1,28554,2008.3,34619,6884.9,17659
2021-07-08,Midlands,80,5.2,389,70,75.4,570,42.0,629,453.8,28598,2009.4,34638,6888.8,17669
2021-07-09,Midlands,78,5.2,419,69,75.8,573,42.1,631,454.6,28649,2010.0,34649,6893.1,17680
2021-07-10,Midlands,82,5.5,441,70,76.2,576,42.3,634,455.5,28708,2010.6,34660,6895.4,17686
2021-07-11,Midlands,97,5.7,456,73,77.3,585,42.6,638,456.4,28763,2011.9,34682,6898.2,17693
2021-07-12,Midlands,122,6.1,499,76,77.6,587,42.8,642,457.7,28845,2013.3,34706,6902.1,17703
2021-07-13,Midlands,135,6.4,525,84,78.1,591,43.2,647,458.9,28924,2015.4,34742,6906.3,17714
2021-07-14,Midlands,114,6.7,601,90,78.4,593,43.4,651,460.1,28996,2017.0,34769,6909.8,17723
2021-07-15,Midlands,134,7.2,602,92,79.2,599,43.8,656,461.4,29079,2018.9,34802,6912.6,17730
2021-07-16,Midlands,107,7.5,634,106,79.5,601,43.9,658,462.5,29149,2020.6,34832,6913.7,17733
2021-07-17,Midlands,116,7.8,667,99,80.4,608,44.2,662,463.6,29217,2022.1,34857,6918.4,17745
2021-07-18,Midlands,142,8.3,669,97,80.9,612,44.5,667,465.1,29310,2023.6,34883,6923.9,17759
2021-07-19,Midlands,119,8.2,730,98,81.2,614,44.6,669,466.2,29381,2025.4,34914,6929.0,17772
2021-07-20,Midlands,140,8.3,749,102,81.7,618,45.0,675,467.5,29465,2027.6,34952,6932.1,17780
2021-07-21,Midlands,146,8.6,763,112,82.0,620,45.4,680,469.0,29559,2028.8,34973,6941.4,17804
2021-07-22,Midlands,144,8.7,815,115,82.9,627,46.0,689,470.4,29649,2030.5,35003,6944.5,17812
2021-07-23,Midlands,136,8.9,858,113,83.2,629,46.2,692,471.8,29736,2032.0,35028,6952.0,17831
2021-07-24,Midlands,122,9.0,805,118,83.4,631,46.4,696,473.0,29812,2034.0,35062,6954.3,17837
2021-07-25,Midlands,133,8.9,854,123,84.1,636,46.6,699,474.4,29897,2035.4,35087,6960.1,17852
2021-07-26,Midlands,151,9.2,959,129,84.7,641,47.2,708,475.9,29991,2036.9,35113,6966.8,17869
2021-07-27,Midlands,126,9.1,966,134,85.3,645,47.6,713,477.2,30073,2038.4,35139,6970.3,17878
2021-07-28,Midlands,131,8.9,971,138,85.3,645,47.8,717,478.5,30160,2040.3,35172,6973.0,17885
2021-07-29,Midlands,134,8.9,976,147,85.9,650,48.2,723,479.8,30240,2042.4,35207,6976.1,17893
2021-07-30,Midlands,111,8.6,931,145,86.6,655,48.4,725,480.8,30300,2044.3,35240,6980.4,17904
2021-07-31,Midlands,119,8.6,901,144,87.5,662,48.5,727,481.9,30372,2045.8,35267,6984.7,17915
2021-08-01,Midlands,117,8.4,911,144,87.9,665,48.7,730,483.0,30442,2047.6,35297,6989.0,17926
2021-08-02,Midlands,,,946,145,,,,,,,,,,
2021-08-03,Midlands,,,925,143,,,,,,,,,,
