date,areaName,deaths,deathsRollingRate,deaths00_04,deathsRollingRate00_04,deaths05_09,deathsRollingRate05_09,deaths10_14,deathsRollingRate10_14,deaths15_19,deathsRollingRate15_19,deaths20_24,deathsRollingRate20_24,deaths25_29,deathsRollingRate25_29,deaths30_34,deathsRollingRate30_34,deaths35_39,deathsRollingRate35_39,deaths40_44,deathsRollingRate40_44,deaths45_49,deathsRollingRate45_49,deaths50_54,deathsRollingRate50_54,deaths55_59,deathsRollingRate55_59,deaths60_64,deathsRollingRate60_64,deaths65_69,deathsRollingRate65_69,deaths70_74,deathsRollingRate70_74,deaths75_79,deathsRollingRate75_79,deaths80_84,deathsRollingRate80_84,deaths85_89,deathsRollingRate85_89,deaths90+,deathsRollingRate90+,deathsReported
2020-01-03,North West,,0,,,,,,,,,,,,,,,,,,,,,,,,,,,,,,,,,,,,,,,0
2020-01-04,North West,,0,,,,,,,,,,,,,,,,,,,,,,,,,,,,,,,,,,,,,,,0
2020-01-05,North West,,0,,,,,,,,,,,,,,,,,,,,,,,,,,,,,,,,,,,,,,,0
2020-01-06,North West,,0,,,,,,,,,,,,,,,,,,,,,,,,,,,,,,,,,,,,,,,0
2020-01-07,North West,,0,,,,,,,,,,,,,,,,,,,,,,,,,,,,,,,,,,,,,,,0
2020-01-08,North West,,0,,,,,,,,,,,,,,,,,,,,,,,,,,,,,,,,,,,,,,,0
2020-01-09,North West,,0,,,,,,,,,,,,,,,,,,,,,,,,,,,,,,,,,,,,,,,0
2020-01-10,North West,,0,,,,,,,,,,,,,,,,,,,,,,,,,,,,,,,,,,,,,,,0
2020-01-11,North West,,0,,,,,,,,,,,,,,,,,,,,,,,,,,,,,,,,,,,,,,,0
2020-01-12,North West,,0,,,,,,,,,,,,,,,,,,,,,,,,,,,,,,,,,,,,,,,0
2020-01-13,North West,,0,,,,,,,,,,,,,,,,,,,,,,,,,,,,,,,,,,,,,,,0
2020-01-14,North West,,0,,,,,,,,,,,,,,,,,,,,,,,,,,,,,,,,,,,,,,,0
2020-01-15,North West,,0,,,,,,,,,,,,,,,,,,,,,,,,,,,,,,,,,,,,,,,0
2020-01-16,North West,,0,,,,,,,,,,,,,,,,,,,,,,,,,,,,,,,,,,,,,,,0
2020-01-17,North West,,0,,,,,,,,,,,,,,,,,,,,,,,,,,,,,,,,,,,,,,,0
2020-01-18,North West,,0,,,,,,,,,,,,,,,,,,,,,,,,,,,,,,,,,,,,,,,0
2020-01-19,North West,,0,,,,,,,,,,,,,,,,,,,,,,,,,,,,,,,,,,,,,,,0
2020-01-20,North West,,0,,,,,,,,,,,,,,,,,,,,,,,,,,,,,,,,,,,,,,,0
2020-01-21,North West,,0,,,,,,,,,,,,,,,,,,,,,,,,,,,,,,,,,,,,,,,0
2020-01-22,North West,,0,,,,,,,,,,,,,,,,,,,,,,,,,,,,,,,,,,,,,,,0
2020-01-23,North West,,0,,,,,,,,,,,,,,,,,,,,,,,,,,,,,,,,,,,,,,,0
2020-01-24,North West,,0,,,,,,,,,,,,,,,,,,,,,,,,,,,,,,,,,,,,,,,0
2020-01-25,North West,,0,,,,,,,,,,,,,,,,,,,,,,,,,,,,,,,,,,,,,,,0
2020-01-26,North West,,0,,,,,,,,,,,,,,,,,,,,,,,,,,,,,,,,,,,,,,,0
2020-01-27,North West,,0,,,,,,,,,,,,,,,,,,,,,,,,,,,,,,,,,,,,,,,0
2020-01-28,North West,,0,,,,,,,,,,,,,,,,,,,,,,,,,,,,,,,,,,,,,,,0
2020-01-29,North West,,0,,,,,,,,,,,,,,,,,,,,,,,,,,,,,,,,,,,,,,,0
2020-01-30,North West,,0,,,,,,,,,,,,,,,,,,,,,,,,,,,,,,,,,,,,,,,0
2020-01-31,North West,,0,,,,,,,,,,,,,,,,,,,,,,,,,,,,,,,,,,,,,,,0
2020-02-01,North West,,0,,,,,,,,,,,,,,,,,,,,,,,,,,,,,,,,,,,,,,,0
2020-02-02,North West,,0,,,,,,,,,,,,,,,,,,,,,,,,,,,,,,,,,,,,,,,0
2020-02-03,North West,,0,,,,,,,,,,,,,,,,,,,,,,,,,,,,,,,,,,,,,,,0
2020-02-04,North West,,0,,,,,,,,,,,,,,,,,,,,,,,,,,,,,,,,,,,,,,,0
2020-02-05,North West,,0,,,,,,,,,,,,,,,,,,,,,,,,,,,,,,,,,,,,,,,0
2020-02-06,North West,,0,,,,,,,,,,,,,,,,,,,,,,,,,,,,,,,,,,,,,,,0
2020-02-07,North West,,0,,,,,,,,,,,,,,,,,,,,,,,,,,,,,,,,,,,,,,,0
2020-02-08,North West,,0,,,,,,,,,,,,,,,,,,,,,,,,,,,,,,,,,,,,,,,0
2020-02-09,North West,,0,,,,,,,,,,,,,,,,,,,,,,,,,,,,,,,,,,,,,,,0
2020-02-10,North West,,0,,,,,,,,,,,,,,,,,,,,,,,,,,,,,,,,,,,,,,,0
2020-02-11,North West,,0,,,,,,,,,,,,,,,,,,,,,,,,,,,,,,,,,,,,,,,0
2020-02-12,North West,,0,,,,,,,,,,,,,,,,,,,,,,,,,,,,,,,,,,,,,,,0
2020-02-13,North West,,0,,,,,,,,,,,,,,,,,,,,,,,,,,,,,,,,,,,,,,,0
2020-02-14,North West,,0,,,,,,,,,,,,,,,,,,,,,,,,,,,,,,,,,,,,,,,0
2020-02-15,North West,,0,,,,,,,,,,,,,,,,,,,,,,,,,,,,,,,,,,,,,,,0
2020-02-16,North West,,0,,,,,,,,,,,,,,,,,,,,,,,,,,,,,,,,,,,,,,,0
2020-02-17,North West,,0,,,,,,,,,,,,,,,,,,,,,,,,,,,,,,,,,,,,,,,0
2020-02-18,North West,,0,,,,,,,,,,,,,,,,,,,,,,,,,,,,,,,,,,,,,,,0
2020-02-19,North West,,0,,,,,,,,,,,,,,,,,,,,,,,,,,,,,,,,,,,,,,,0
2020-02-20,North West,,0,,,,,,,,,,,,,,,,,,,,,,,,,,,,,,,,,,,,,,,0
2020-02-21,North West,,0,,,,,,,,,,,,,,,,,,,,,,,,,,,,,,,,,,,,,,,0
2020-02-22,North West,,0,,,,,,,,,,,,,,,,,,,,,,,,,,,,,,,,,,,,,,,0
2020-02-23,North West,,0,,,,,,,,,,,,,,,,,,,,,,,,,,,,,,,,,,,,,,,0
2020-02-24,North West,,0,,,,,,,,,,,,,,,,,,,,,,,,,,,,,,,,,,,,,,,0
2020-02-25,North West,,0,,,,,,,,,,,,,,,,,,,,,,,,,,,,,,,,,,,,,,,0
2020-02-26,North West,,0,,,,,,,,,,,,,,,,,,,,,,,,,,,,,,,,,,,,,,,0
2020-02-27,North West,,0,,,,,,,,,,,,,,,,,,,,,,,,,,,,,,,,,,,,,,,0
2020-02-28,North West,,0,,,,,,,,,,,,,,,,,,,,,,,,,,,,,,,,,,,,,,,0
2020-02-29,North West,,0,,,,,,,,,,,,,,,,,,,,,,,,,,,,,,,,,,,,,,,0
2020-03-01,North West,,0,,,,,,,,,,,,,,,,,,,,,,,,,,,,,,,,,,,,,,,0
2020-03-02,North West,,0,,,,,,,,,,,,,,,,,,,,,,,,,,,,,,,,,,,,,,,0
2020-03-03,North West,,0,,,,,,,,,,,,,,,,,,,,,,,,,,,,,,,,,,,,,,,0
2020-03-04,North West,,0,,,,,,,,,,,,,,,,,,,,,,,,,,,,,,,,,,,,,,,0
2020-03-05,North West,,0,,,,,,,,,,,,,,,,,,,,,,,,,,,,,,,,,,,,,,,0
2020-03-06,North West,,0,,,,,,,,,,,,,,,,,,,,,,,,,,,,,,,,,,,,,,,0
2020-03-07,North West,,0,,,,,,,,,,,,,,,,,,,,,,,,,,,,,,,,,,,,,,,0
2020-03-08,North West,1,0,0,0.0,0,0.0,0,0.0,0,0.0,0,0.0,0,0.0,0,0.0,0,0.0,0,0.0,0,0.0,0,0.0,0,0.0,0,0.0,1,0.0,0,0.0,0,0.0,0,0.0,0,0.0,0,0.0,0
2020-03-09,North West,0,0,0,0.0,0,0.0,0,0.0,0,0.0,0,0.0,0,0.0,0,0.0,0,0.0,0,0.0,0,0.0,0,0.0,0,0.0,0,0.0,0,0.0,0,0.0,0,0.0,0,0.0,0,0.0,0,0.0,0
2020-03-10,North West,0,0,0,0.0,0,0.0,0,0.0,0,0.0,0,0.0,0,0.0,0,0.0,0,0.0,0,0.0,0,0.0,0,0.0,0,0.0,0,0.0,0,0.0,0,0.0,0,0.0,0,0.0,0,0.0,0,0.0,0
2020-03-11,North West,1,0,0,0.0,0,0.0,0,0.0,0,0.0,0,0.0,0,0.0,0,0.0,0,0.0,0,0.0,0,0.0,0,0.0,0,0.0,0,0.0,0,0.0,0,0.0,0,0.0,0,0.0,0,0.0,1,0.0,0
2020-03-12,North West,0,0,0,0.0,0,0.0,0,0.0,0,0.0,0,0.0,0,0.0,0,0.0,0,0.0,0,0.0,0,0.0,0,0.0,0,0.0,0,0.0,0,0.0,0,0.0,0,0.0,0,0.0,0,0.0,0,0.0,0
2020-03-13,North West,3,0,0,0.0,0,0.0,0,0.0,0,0.0,0,0.0,0,0.0,0,0.0,0,0.0,0,0.0,0,0.0,0,0.0,0,0.0,0,0.0,0,0.0,0,0.0,0,0.0,1,0.0,2,0.0,0,0.0,0
2020-03-14,North West,1,0.10000000000000000555,0,0.0,0,0.0,0,0.0,0,0.0,0,0.0,0,0.0,0,0.0,0,0.0,0,0.0,0,0.0,0,0.0,0,0.0,0,0.0,0,0.30000000000000004,1,0.30000000000000004,0,0.0,0,0.5,0,1.8,0,1.6,0
2020-03-15,North West,4,0.10000000000000000555,0,0.0,0,0.0,0,0.0,0,0.0,0,0.0,0,0.0,0,0.0,0,0.0,0,0.0,0,0.0,0,0.0,0,0.0,0,0.0,2,0.5,0,0.30000000000000004,1,0.4,0,0.5,1,2.7,0,1.6,0
2020-03-16,North West,2,0.10000000000000000555,0,0.0,0,0.0,0,0.0,0,0.0,0,0.0,0,0.0,0,0.0,0,0.0,0,0.0,0,0.0,0,0.0,0,0.0,0,0.0,0,0.5,0,0.30000000000000004,0,0.4,2,1.6,0,2.7,0,1.6,0
2020-03-17,North West,4,0.2000000000000000111,0,0.0,0,0.0,0,0.0,0,0.0,0,0.0,0,0.0,0,0.0,0,0.0,0,0.0,0,0.0,0,0.0,1,0.2,0,0.0,0,0.5,1,0.5,1,0.8,1,2.1,0,2.7,0,1.6,0
2020-03-18,North West,7,0.30000000000000004441,0,0.0,0,0.0,0,0.0,0,0.0,0,0.0,0,0.0,0,0.0,0,0.0,0,0.0,0,0.0,1,0.2,0,0.2,0,0.0,0,0.5,0,0.5,1,1.2,2,3.2,0,2.7,3,4.8,0
2020-03-19,North West,10,0.4000000000000000222,0,0.0,0,0.0,0,0.0,0,0.0,0,0.0,0,0.0,0,0.0,0,0.0,0,0.0,0,0.0,0,0.2,1,0.4,0,0.0,0,0.5,1,0.8,1,1.5,5,5.8,1,3.6,1,6.4,0
2020-03-20,North West,9,0.5,0,0.0,0,0.0,0,0.0,0,0.0,0,0.0,0,0.0,0,0.0,0,0.0,0,0.0,0,0.0,1,0.4,0,0.4,0,0.0,2,1.1,0,0.8,2,2.3,1,5.8,2,3.6,1,8.0,0
2020-03-21,North West,13,0.70000000000000006661,0,0.0,0,0.0,0,0.0,0,0.0,0,0.0,0,0.0,0,0.0,0,0.0,0,0.0,0,0.0,0,0.4,0,0.4,2,0.5,1,1.3,1,0.8,4,3.8,3,7.4,2,5.4,0,8.0,0
2020-03-22,North West,12,0.80000000000000004441,0,0.0,0,0.0,0,0.0,0,0.0,0,0.0,0,0.0,0,0.0,0,0.0,0,0.0,0,0.0,0,0.4,2,0.8,0,0.5,0,0.8,2,1.3,0,3.5,2,8.4,4,8.1,2,11.1,0
2020-03-23,North West,21,1,0,0.0,0,0.0,0,0.0,0,0.0,0,0.0,0,0.0,1,0.2,0,0.0,0,0.0,0,0.0,0,0.4,0,0.8,1,0.7000000000000001,2,1.3,4,2.4,1,3.8,6,10.5,2,9.9,4,17.5,0
2020-03-24,North West,22,1.3000000000000000444,0,0.0,0,0.0,0,0.0,0,0.0,0,0.0,0,0.0,0,0.2,0,0.0,0,0.0,0,0.0,1,0.6000000000000001,0,0.6000000000000001,0,0.7000000000000001,3,2.1,0,2.1,5,5.4,6,13.1,5,14.4,2,20.7,0
2020-03-25,North West,23,1.5,0,0.0,0,0.0,0,0.0,0,0.0,0,0.0,0,0.0,0,0.2,0,0.0,0,0.0,1,0.2,0,0.4,3,1.2,0,0.7000000000000001,2,2.6,3,3.0,3,6.1,4,14.2,5,18.9,2,19.1,0
2020-03-26,North West,32,1.8000000000000000444,0,0.0,0,0.0,0,0.0,0,0.0,0,0.0,1,0.2,0,0.2,0,0.0,0,0.0,1,0.4,1,0.6000000000000001,0,1.0,0,0.7000000000000001,3,3.4,5,4.0,3,6.9,8,15.8,5,22.5,5,25.4,0
2020-03-27,North West,40,2.2000000000000001776,0,0.0,0,0.0,0,0.0,0,0.0,0,0.0,0,0.2,0,0.2,0,0.0,0,0.0,3,1.0,1,0.6000000000000001,3,1.6,1,1.0,2,3.4,5,5.4,6,8.4,9,20.0,6,26.1,4,30.2,0
2020-03-28,North West,38,2.6000000000000000888,0,0.0,0,0.0,0,0.0,0,0.0,0,0.0,0,0.2,0,0.2,0,0.0,1,0.2,0,1.0,1,0.8,1,1.8,0,0.5,2,3.7,2,5.6,8,10.0,9,23.1,8,31.5,6,39.8,0
2020-03-29,North West,46,3,0,0.0,0,0.0,0,0.0,0,0.0,0,0.0,0,0.2,0,0.2,0,0.0,0,0.2,0,1.0,1,1.0,0,1.4,1,0.7000000000000001,8,5.8,4,6.2,6,12.3,14,29.4,5,32.4,7,47.7,0
2020-03-30,North West,72,3.7000000000000001776,0,0.0,0,0.0,0,0.0,0,0.0,0,0.0,0,0.2,0,0.0,0,0.0,1,0.5,0,1.0,0,1.0,4,2.2,2,1.0,4,6.4,13,8.6,12,16.5,18,35.7,9,38.7,9,55.7,0
2020-03-31,North West,62,4.2999999999999998224,0,0.0,0,0.0,0,0.0,0,0.0,0,0.0,0,0.2,0,0.0,0,0.0,0,0.5,0,1.0,1,1.0,1,2.4,2,1.4,4,6.6,11,11.5,6,16.9,13,39.4,15,47.7,9,66.8,0
2020-04-01,North West,94,5.2000000000000001776,0,0.0,0,0.0,0,0.0,0,0.0,0,0.0,0,0.2,0,0.0,0,0.0,0,0.5,2,1.3,0,1.0,2,2.2,5,2.6,4,7.1,11,13.7,19,23.0,23,49.4,15,56.7,13,84.3,0
2020-04-02,North West,112,6.2999999999999998224,0,0.0,0,0.0,0,0.0,0,0.0,0,0.0,0,0.0,0,0.0,0,0.0,0,0.5,3,1.7000000000000002,3,1.4,4,3.0,7,4.3,9,8.7,15,16.4,21,29.9,19,55.2,20,70.2,11,93.8,0
2020-04-03,North West,111,7.2999999999999998224,0,0.0,0,0.0,0,0.0,0,0.0,0,0.0,0,0.0,0,0.0,0,0.0,2,1.0,4,1.9,2,1.6,2,2.8,6,5.5,8,10.3,16,19.3,17,34.2,22,62.0,17,80.1,15,111.3,0
2020-04-04,North West,101,8.0999999999999996447,0,0.0,0,0.0,0,0.0,0,0.0,0,0.0,1,0.2,0,0.0,0,0.0,5,1.9,0,1.9,1,1.6,2,3.0,2,6.0,8,11.9,12,22.0,20,38.8,28,72.0,13,84.6,9,116.1,0
2020-04-05,North West,120,9.1999999999999992895,0,0.0,0,0.0,0,0.0,0,0.0,0,0.0,0,0.2,0,0.0,0,0.0,0,1.9,4,2.7,1,1.6,6,4.3,6,7.1,11,12.7,9,23.4,22,44.9,27,78.8,20,98.1,14,127.2,0
2020-04-06,North West,108,9.5999999999999996447,0,0.0,0,0.0,0,0.0,0,0.0,0,0.0,0,0.2,0,0.0,0,0.0,1,1.9,1,2.9,3,2.1,4,4.3,4,7.6,7,13.5,9,22.3,19,47.6,29,84.6,20,108.0,11,130.4,0
2020-04-07,North West,160,11,0,0.0,0,0.0,0,0.0,0,0.0,0,0.0,0,0.2,0,0.0,2,0.4,0,1.9,0,2.9,3,2.5,9,5.9,4,8.1,18,17.2,27,26.6,23,54.1,34,95.6,22,114.3,18,144.7,0
2020-04-08,North West,137,11.599999999999999645,0,0.0,0,0.0,0,0.0,0,0.0,0,0.0,0,0.2,0,0.0,0,0.4,0,1.9,2,2.9,3,3.1,5,6.5,6,8.3,13,19.6,11,26.6,26,56.8,26,97.2,25,123.2,20,155.9,0
2020-04-09,North West,129,11.800000000000000711,0,0.0,0,0.0,0,0.0,1,0.2,0,0.0,0,0.2,0,0.0,1,0.6000000000000001,1,2.2,2,2.7,2,2.9,4,6.5,3,7.4,8,19.3,16,26.8,24,58.0,22,98.8,25,127.7,20,170.2,0
2020-04-10,North West,140,12.199999999999999289,0,0.0,0,0.0,0,0.0,0,0.2,0,0.0,0,0.2,0,0.0,1,0.9,1,1.9,1,2.1,2,2.9,6,7.3,6,7.4,7,19.1,19,27.7,20,59.1,29,102.4,27,136.7,21,179.7,0
2020-04-11,North West,152,12.900000000000000355,0,0.0,0,0.0,0,0.0,0,0.2,0,0.0,0,0.0,0,0.0,0,0.9,0,0.7000000000000001,2,2.5,2,3.1,9,8.7,6,8.3,11,19.9,26,31.4,24,60.7,22,99.3,22,144.8,28,210.0,0
2020-04-12,North West,155,13.400000000000000355,0,0.0,0,0.0,0,0.0,0,0.2,0,0.0,0,0.0,0,0.0,2,1.3,0,0.7000000000000001,0,1.7000000000000002,4,3.7,5,8.5,3,7.6,12,20.1,17,33.6,28,63.0,36,104.0,29,152.9,19,217.9,0
2020-04-13,North West,145,13.900000000000000355,0,0.0,0,0.0,0,0.0,0,0.2,0,0.0,0,0.0,0,0.0,0,1.3,1,0.7000000000000001,0,1.5,3,3.7,4,8.5,3,7.4,14,22.0,21,36.8,21,63.7,30,104.5,25,157.4,23,237.0,0
2020-04-14,North West,152,13.800000000000000711,0,0.0,0,0.0,0,0.0,0,0.2,0,0.0,0,0.0,0,0.0,1,1.1,2,1.2,2,1.9,1,3.3,7,8.1,5,7.6,13,20.6,15,33.6,22,63.4,26,100.3,36,170.0,22,243.4,0
2020-04-15,North West,129,13.599999999999999645,0,0.0,0,0.0,0,0.0,0,0.2,0,0.0,0,0.0,0,0.0,0,1.1,0,1.2,1,1.7000000000000002,4,3.5,4,7.9,4,7.1,9,19.6,11,33.6,21,61.4,25,99.8,29,173.6,21,244.9,0
2020-04-16,North West,167,14.199999999999999289,0,0.0,0,0.0,0,0.0,0,0.0,0,0.0,0,0.0,0,0.0,0,0.9,0,1.0,1,1.5,5,4.1,4,7.9,5,7.6,17,22.0,21,34.9,15,58.0,42,110.3,35,182.6,22,248.1,0
2020-04-17,North West,118,13.900000000000000355,0,0.0,0,0.0,0,0.0,0,0.0,0,0.0,0,0.0,0,0.0,0,0.6000000000000001,2,1.2,2,1.7000000000000002,0,3.7,3,7.3,5,7.4,9,22.5,10,32.5,20,58.0,27,109.3,30,185.3,10,230.6,0
2020-04-18,North West,134,13.599999999999999645,0,0.0,0,0.0,0,0.0,0,0.0,1,0.2,0,0.0,2,0.4,0,0.6000000000000001,0,1.2,1,1.5,1,3.5,6,6.7,3,6.7,9,22.0,14,29.3,18,55.7,32,114.5,29,191.6,18,214.7,0
2020-04-19,North West,95,12.800000000000000711,0,0.0,0,0.0,0,0.0,0,0.0,0,0.2,1,0.2,0,0.4,0,0.2,0,1.2,0,1.5,2,3.1,8,7.3,0,6.0,7,20.6,9,27.1,5,46.8,22,107.2,19,182.6,22,219.5,0
2020-04-20,North West,105,12.300000000000000711,0,0.0,0,0.0,0,0.0,0,0.0,0,0.2,0,0.2,0,0.4,1,0.4,0,1.0,0,1.5,0,2.5,8,8.1,4,6.2,6,18.5,11,24.4,12,43.4,20,101.9,23,180.8,20,214.7,0
2020-04-21,North West,106,11.599999999999999645,0,0.0,0,0.0,0,0.0,0,0.0,0,0.2,0,0.2,0,0.4,0,0.2,1,0.7000000000000001,0,1.0,3,2.9,4,7.5,6,6.4,5,16.4,8,22.6,8,38.0,27,102.4,19,165.5,25,219.5,0
2020-04-22,North West,127,11.599999999999999645,0,0.0,0,0.0,0,0.0,0,0.0,0,0.2,0,0.2,0,0.4,0,0.2,0,0.7000000000000001,1,1.0,0,2.1,5,7.7,4,6.4,13,17.5,10,22.3,17,36.5,34,107.2,26,162.8,17,213.1,0
2020-04-23,North West,111,10.800000000000000711,0,0.0,0,0.0,0,0.0,0,0.0,0,0.2,0,0.2,0,0.4,0,0.2,1,1.0,2,1.3,1,1.4,8,8.5,1,5.5,7,14.8,14,20.4,15,36.5,18,94.6,27,155.6,17,205.2,0
2020-04-24,North West,106,10.699999999999999289,0,0.0,0,0.0,0,0.0,0,0.0,0,0.2,0,0.2,0,0.4,0,0.2,1,0.7000000000000001,0,0.8,0,1.4,3,8.5,1,4.5,6,14.0,14,21.5,9,32.3,27,94.6,22,148.4,23,225.9,0
2020-04-25,North West,92,10.099999999999999645,0,0.0,0,0.0,0,0.0,0,0.0,0,0.0,0,0.2,0,0.0,1,0.4,0,0.7000000000000001,1,0.8,1,1.4,1,7.5,2,4.3,9,14.0,10,20.4,18,32.3,18,87.2,15,135.8,16,222.7,0
2020-04-26,North West,92,10.099999999999999645,0,0.0,0,0.0,0,0.0,0,0.0,0,0.0,0,0.0,0,0.0,1,0.6000000000000001,0,0.7000000000000001,0,0.8,1,1.2,1,6.1,0,4.3,6,13.8,7,19.9,15,36.1,19,85.6,21,137.6,21,221.1,0
2020-04-27,North West,91,9.9000000000000003553,0,0.0,0,0.0,0,0.0,0,0.0,0,0.0,0,0.0,1,0.2,0,0.4,1,1.0,0,0.8,4,1.9,0,4.5,2,3.8,3,13.0,8,19.1,15,37.2,18,84.6,16,131.3,23,225.9,0
2020-04-28,North West,82,9.5,0,0.0,0,0.0,0,0.0,0,0.0,0,0.0,0,0.0,1,0.4,0,0.4,0,0.7000000000000001,2,1.3,2,1.7000000000000002,3,4.3,2,2.9,3,12.4,5,18.3,10,38.0,11,76.2,23,134.9,20,217.9,0
2020-04-29,North West,84,9,0,0.0,0,0.0,0,0.0,0,0.0,0,0.0,0,0.0,0,0.4,0,0.4,0,0.7000000000000001,0,1.0,0,1.7000000000000002,2,3.6,5,3.1,6,10.6,4,16.6,12,36.1,17,67.2,20,129.5,18,219.5,0
2020-04-30,North West,91,8.6999999999999992895,0,0.0,0,0.0,0,0.0,0,0.0,0,0.0,0,0.0,1,0.6000000000000001,0,0.4,0,0.5,0,0.6000000000000001,4,2.3,2,2.4,3,3.6,2,9.3,6,14.5,15,36.1,18,67.2,22,125.0,18,221.1,0
2020-05-01,North West,74,8.3000000000000007105,0,0.0,0,0.0,0,0.0,0,0.0,0,0.0,0,0.0,0,0.6000000000000001,1,0.6000000000000001,0,0.2,0,0.6000000000000001,1,2.5,1,2.0,1,3.6,3,8.5,7,12.6,12,37.2,11,58.8,19,122.3,18,213.1,0
2020-05-02,North West,78,8.0999999999999996447,0,0.0,0,0.0,0,0.0,0,0.0,0,0.0,0,0.0,0,0.6000000000000001,0,0.4,0,0.2,0,0.4,0,2.3,2,2.2,0,3.1,2,6.6,12,13.2,14,35.7,11,55.2,25,131.3,12,206.8,0
2020-05-03,North West,77,7.9000000000000003553,0,0.0,0,0.0,0,0.0,0,0.0,0,0.0,0,0.0,0,0.6000000000000001,0,0.2,0,0.2,1,0.6000000000000001,1,2.3,1,2.2,2,3.6,4,6.1,13,14.8,10,33.8,10,50.4,20,130.4,15,197.2,0
2020-05-04,North West,76,7.7000000000000001776,0,0.0,0,0.0,0,0.0,0,0.0,0,0.0,0,0.0,0,0.4,0,0.2,1,0.2,0,0.6000000000000001,1,1.7000000000000002,2,2.6,2,3.6,2,5.8,2,13.2,14,33.4,14,48.3,20,134.0,18,189.3,0
2020-05-05,North West,61,7.4000000000000003553,0,0.0,0,0.0,0,0.0,0,0.0,0,0.0,0,0.0,0,0.2,0,0.2,1,0.5,1,0.4,1,1.6,3,2.6,2,3.6,3,5.8,5,13.2,10,33.4,14,49.9,13,125.0,8,170.2,0
2020-05-06,North West,66,7.0999999999999996447,0,0.0,0,0.0,0,0.0,0,0.0,0,0.0,0,0.0,0,0.2,0,0.2,1,0.7000000000000001,0,0.4,1,1.7000000000000002,2,2.6,1,2.6,3,5.0,7,14.0,13,33.8,13,47.8,15,120.5,10,157.5,0
2020-05-07,North West,76,6.9000000000000003553,0,0.0,0,0.0,0,0.0,0,0.0,0,0.0,0,0.0,0,0.0,0,0.2,1,1.0,1,0.6000000000000001,1,1.2,2,2.6,3,2.6,3,5.3,7,14.2,11,32.3,18,47.8,10,109.8,19,159.1,0
2020-05-08,North West,67,6.7999999999999998224,0,0.0,0,0.0,0,0.0,0,0.0,0,0.0,0,0.0,0,0.0,0,0.0,0,1.0,1,0.8,1,1.2,1,2.6,2,2.9,4,5.6,7,14.2,10,31.5,7,45.7,17,108.0,17,157.5,0
2020-05-09,North West,48,6.4000000000000003553,0,0.0,0,0.0,0,0.0,0,0.0,0,0.0,0,0.0,0,0.0,0,0.0,0,1.0,0,0.8,1,1.4,0,2.2,0,2.9,4,6.1,2,11.5,8,29.2,12,46.2,12,96.3,9,152.7,0
2020-05-10,North West,70,6.2999999999999998224,0,0.0,0,0.0,0,0.0,0,0.0,0,0.0,0,0.0,0,0.0,1,0.2,0,1.0,1,0.8,0,1.2,0,2.0,5,3.6,6,6.6,6,9.7,9,28.8,14,48.3,14,90.9,14,151.1,0
2020-05-11,North West,52,6,0,0.0,0,0.0,0,0.0,0,0.0,0,0.0,0,0.0,0,0.0,0,0.2,0,0.7000000000000001,1,1.0,1,1.2,1,1.8,0,3.1,5,7.4,2,9.7,5,25.3,13,47.8,11,82.8,13,143.2,0
2020-05-12,North West,62,6,0,0.0,0,0.0,0,0.0,0,0.0,0,0.0,0,0.0,0,0.0,0,0.2,1,0.7000000000000001,1,1.0,0,1.0,0,1.2,0,2.6,5,7.9,6,9.9,6,23.8,12,46.8,17,86.4,14,152.7,0
2020-05-13,North West,36,5.5999999999999996447,0,0.0,0,0.0,0,0.0,0,0.0,0,0.0,0,0.0,0,0.0,1,0.4,0,0.5,1,1.3,0,0.8,1,1.0,0,2.4,1,7.4,4,9.1,4,20.3,7,43.6,8,80.1,9,151.1,0
2020-05-14,North West,39,5.0999999999999996447,0,0.0,0,0.0,0,0.0,0,0.0,0,0.0,0,0.0,0,0.0,0,0.4,0,0.2,1,1.3,0,0.6000000000000001,2,1.0,0,1.7000000000000002,3,7.4,8,9.4,3,17.3,5,36.8,8,78.3,9,135.2,0
2020-05-15,North West,59,5,0,0.0,1,0.2,0,0.0,0,0.0,0,0.0,0,0.0,0,0.0,0,0.4,0,0.2,1,1.3,1,0.6000000000000001,0,0.8,2,1.7000000000000002,4,7.4,3,8.3,11,17.7,7,36.8,16,77.4,13,128.8,0
2020-05-16,North West,51,5,0,0.0,0,0.2,0,0.0,0,0.0,0,0.0,0,0.0,0,0.0,0,0.4,0,0.2,1,1.5,1,0.6000000000000001,1,1.0,2,2.1,2,6.9,5,9.1,7,17.3,10,35.7,10,75.6,12,133.6,0
2020-05-17,North West,37,4.5999999999999996447,0,0.0,0,0.2,0,0.0,0,0.0,0,0.0,0,0.0,0,0.0,0,0.2,0,0.2,0,1.3,0,0.6000000000000001,1,1.2,1,1.2,2,5.8,6,9.1,5,15.7,6,31.5,11,72.9,5,119.3,0
2020-05-18,North West,36,4.4000000000000003553,0,0.0,0,0.2,0,0.0,0,0.0,0,0.0,0,0.0,0,0.0,0,0.2,0,0.2,0,1.0,1,0.6000000000000001,0,1.0,0,1.2,3,5.3,2,9.1,12,18.4,7,28.4,9,71.1,2,101.8,0
2020-05-19,North West,50,4.2000000000000001776,0,0.0,0,0.2,0,0.0,0,0.0,0,0.0,0,0.0,0,0.0,0,0.2,0,0.0,1,1.0,0,0.6000000000000001,2,1.4,0,1.2,5,5.3,6,9.1,4,17.7,10,27.3,13,67.5,9,93.8,0
2020-05-20,North West,34,4.2000000000000001776,0,0.0,0,0.2,0,0.0,0,0.0,0,0.0,0,0.0,0,0.0,0,0.0,0,0.0,0,0.8,0,0.6000000000000001,1,1.4,0,1.2,1,5.3,0,8.1,5,18.0,6,26.8,13,72.0,8,92.3,0
2020-05-21,North West,42,4.2000000000000001776,0,0.0,0,0.2,0,0.0,0,0.0,0,0.0,0,0.0,1,0.2,0,0.0,0,0.0,0,0.6000000000000001,1,0.8,0,1.0,3,1.9,1,4.8,2,6.4,8,20.0,7,27.8,13,76.5,6,87.5,0
2020-05-22,North West,29,3.7999999999999998224,0,0.0,0,0.0,0,0.0,0,0.0,0,0.0,0,0.0,0,0.2,0,0.0,0,0.0,0,0.4,0,0.6000000000000001,2,1.4,0,1.4,2,4.2,2,6.2,2,16.5,5,26.8,7,68.4,9,81.1,0
2020-05-23,North West,40,3.7000000000000001776,0,0.0,0,0.0,0,0.0,0,0.0,0,0.0,0,0.0,0,0.2,0,0.0,0,0.0,0,0.2,0,0.4,0,1.2,3,1.7000000000000002,2,4.2,2,5.4,2,14.6,12,27.8,9,67.5,10,77.9,0
2020-05-24,North West,35,3.6000000000000000888,0,0.0,0,0.0,0,0.0,0,0.0,0,0.0,0,0.0,0,0.2,0,0.0,0,0.0,0,0.2,2,0.8,0,1.0,0,1.4,2,4.2,3,4.6,5,14.6,7,28.4,10,66.6,6,79.5,0
2020-05-25,North West,35,3.6000000000000000888,0,0.0,0,0.0,0,0.0,0,0.0,0,0.0,0,0.0,0,0.2,0,0.0,0,0.0,0,0.2,0,0.6000000000000001,1,1.2,2,1.9,5,4.8,3,4.8,4,11.5,9,29.4,6,63.9,5,84.3,0
2020-05-26,North West,30,3.2999999999999998224,0,0.0,0,0.0,0,0.0,0,0.0,0,0.0,0,0.0,0,0.2,0,0.0,0,0.0,0,0.0,0,0.6000000000000001,1,1.0,0,1.9,1,3.7,2,3.8,8,13.1,5,26.8,8,59.4,5,77.9,0
2020-05-27,North West,33,3.2999999999999998224,0,0.0,0,0.0,0,0.0,0,0.0,0,0.0,1,0.2,0,0.2,0,0.0,0,0.0,0,0.0,2,1.0,0,0.8,1,2.1,5,4.8,3,4.6,4,12.7,8,27.8,4,51.3,5,73.2,0
2020-05-28,North West,39,3.2999999999999998224,0,0.0,0,0.0,0,0.0,0,0.0,0,0.0,0,0.2,0,0.0,0,0.0,0,0.0,0,0.0,0,0.8,1,1.0,0,1.4,0,4.5,3,4.8,5,11.5,12,30.5,10,48.6,8,76.3,0
2020-05-29,North West,27,3.2999999999999998224,0,0.0,0,0.0,0,0.0,0,0.0,0,0.0,0,0.2,0,0.0,0,0.0,0,0.0,0,0.0,1,1.0,0,0.6000000000000001,1,1.7000000000000002,0,4.0,4,5.4,3,11.9,6,31.0,8,49.5,4,68.4,0
2020-05-30,North West,28,3.1000000000000000888,0,0.0,0,0.0,0,0.0,0,0.0,0,0.0,0,0.2,0,0.0,0,0.0,0,0.0,0,0.0,0,1.0,0,0.6000000000000001,0,1.0,2,4.0,2,5.4,4,12.7,7,28.4,4,45.0,9,66.8,0
2020-05-31,North West,18,2.8999999999999999112,0,0.0,0,0.0,0,0.0,0,0.0,0,0.0,0,0.2,0,0.0,0,0.0,0,0.0,0,0.0,0,0.6000000000000001,0,0.6000000000000001,0,1.0,2,4.0,0,4.6,3,11.9,5,27.3,2,37.8,6,66.8,0
2020-06-01,North West,23,2.7000000000000001776,0,0.0,0,0.0,0,0.0,0,0.0,0,0.0,0,0.2,0,0.0,0,0.0,0,0.0,0,0.0,1,0.8,0,0.4,1,0.7000000000000001,0,2.6,0,3.8,3,11.5,6,25.7,1,33.3,11,76.3,0
2020-06-02,North West,26,2.6000000000000000888,0,0.0,0,0.0,0,0.0,0,0.0,0,0.0,0,0.2,0,0.0,0,0.0,0,0.0,0,0.0,0,0.8,4,1.0,0,0.7000000000000001,0,2.4,4,4.3,6,10.8,3,24.7,2,27.9,7,79.5,0
2020-06-03,North West,29,2.6000000000000000888,0,0.0,0,0.0,0,0.0,0,0.0,0,0.0,0,0.0,0,0.0,1,0.2,0,0.0,0,0.0,1,0.6000000000000001,1,1.2,1,0.7000000000000001,4,2.1,4,4.6,2,10.0,6,23.6,2,26.1,7,82.7,0
2020-06-04,North West,30,2.5,0,0.0,0,0.0,0,0.0,0,0.0,0,0.0,0,0.0,0,0.0,0,0.2,0,0.0,1,0.2,0,0.6000000000000001,1,1.2,0,0.7000000000000001,3,2.9,1,4.0,3,9.2,7,21.0,5,21.6,9,84.3,0
2020-06-05,North West,25,2.3999999999999999112,0,0.0,0,0.0,0,0.0,0,0.0,0,0.0,0,0.0,0,0.0,0,0.2,0,0.0,0,0.2,0,0.4,0,1.2,1,0.7000000000000001,1,3.2,4,4.0,1,8.4,3,19.4,5,18.9,10,93.8,0
2020-06-06,North West,30,2.5,0,0.0,0,0.0,0,0.0,0,0.0,0,0.0,0,0.0,0,0.0,0,0.2,0,0.0,0,0.2,1,0.6000000000000001,0,1.2,2,1.2,2,3.2,2,4.0,2,7.7,7,19.4,7,21.6,7,90.7,0
2020-06-07,North West,26,2.6000000000000000888,0,0.0,0,0.0,1,0.2,0,0.0,0,0.0,0,0.0,0,0.0,0,0.2,0,0.0,0,0.2,0,0.6000000000000001,1,1.4,0,1.2,2,3.2,1,4.3,8,9.6,4,18.9,5,24.3,4,87.5,0
2020-06-08,North West,28,2.6000000000000000888,0,0.0,0,0.0,0,0.2,0,0.0,0,0.0,0,0.0,0,0.0,0,0.2,1,0.2,1,0.4,0,0.4,0,1.4,1,1.2,1,3.4,3,5.1,3,9.6,5,18.4,9,31.5,4,76.3,0
2020-06-09,North West,18,2.5,0,0.0,0,0.0,0,0.2,0,0.0,0,0.0,0,0.0,0,0.0,0,0.2,0,0.2,0,0.4,1,0.6000000000000001,0,0.6000000000000001,1,1.4,0,3.4,3,4.8,1,7.7,3,18.4,5,34.2,4,71.6,0
2020-06-10,North West,18,2.3999999999999999112,0,0.0,0,0.0,0,0.2,0,0.0,0,0.0,0,0.0,0,0.0,0,0.0,0,0.2,0,0.4,0,0.4,2,0.8,1,1.4,0,2.4,0,3.8,4,8.4,4,17.3,4,36.0,3,65.2,0
2020-06-11,North West,16,2.2000000000000001776,0,0.0,0,0.0,0,0.2,0,0.0,0,0.0,0,0.0,0,0.0,2,0.4,0,0.2,0,0.2,0,0.4,0,0.6000000000000001,0,1.4,1,1.9,2,4.0,1,7.7,6,16.8,3,34.2,1,52.5,0
2020-06-12,North West,17,2.1000000000000000888,0,0.0,0,0.0,0,0.2,0,0.0,0,0.0,0,0.0,0,0.0,0,0.4,0,0.2,0,0.2,1,0.6000000000000001,0,0.6000000000000001,1,1.4,1,1.9,0,3.0,3,8.4,7,18.9,0,29.7,4,42.9,0
2020-06-13,North West,13,1.8999999999999999112,0,0.0,0,0.0,0,0.2,0,0.0,0,0.0,0,0.0,0,0.0,0,0.4,0,0.2,0,0.2,0,0.4,0,0.6000000000000001,0,1.0,0,1.3,0,2.4,0,7.7,2,16.3,4,27.0,7,42.9,0
2020-06-14,North West,15,1.7000000000000001776,0,0.0,0,0.0,0,0.0,0,0.0,0,0.0,0,0.0,0,0.0,0,0.4,0,0.2,0,0.2,0,0.4,0,0.4,0,1.0,1,1.1,0,2.1,4,6.1,3,15.8,5,27.0,2,39.8,0
2020-06-15,North West,15,1.5,0,0.0,0,0.0,0,0.0,0,0.0,0,0.0,0,0.0,0,0.0,0,0.4,0,0.0,0,0.0,1,0.6000000000000001,1,0.6000000000000001,0,0.7000000000000001,2,1.3,2,1.9,3,6.1,2,14.2,4,22.5,0,33.4,0
2020-06-16,North West,19,1.5,0,0.0,0,0.0,0,0.0,0,0.0,0,0.0,0,0.0,0,0.0,0,0.4,0,0.0,0,0.0,1,0.6000000000000001,0,0.6000000000000001,1,0.7000000000000001,2,1.9,2,1.6,1,6.1,5,15.2,4,21.6,3,31.8,0
2020-06-17,North West,14,1.5,0,0.0,0,0.0,0,0.0,0,0.0,0,0.0,0,0.0,0,0.0,0,0.4,1,0.2,0,0.0,0,0.6000000000000001,0,0.2,0,0.5,1,2.1,0,1.6,4,6.1,3,14.7,5,22.5,0,27.0,0
2020-06-18,North West,14,1.5,0,0.0,0,0.0,0,0.0,0,0.0,0,0.0,0,0.0,0,0.0,0,0.0,0,0.2,0,0.0,0,0.6000000000000001,0,0.2,0,0.5,3,2.6,2,1.6,3,6.9,3,13.1,1,20.7,2,28.6,0
2020-06-19,North West,8,1.3000000000000000444,0,0.0,0,0.0,0,0.0,0,0.0,0,0.0,0,0.0,0,0.0,0,0.0,0,0.2,0,0.0,0,0.4,0,0.2,0,0.2,0,2.4,1,1.9,0,5.8,3,11.0,1,21.6,3,27.0,0
2020-06-20,North West,11,1.3000000000000000444,0,0.0,0,0.0,0,0.0,0,0.0,0,0.0,0,0.0,0,0.0,0,0.0,0,0.2,0,0.0,0,0.4,1,0.4,0,0.2,1,2.6,2,2.4,1,6.1,2,11.0,3,20.7,1,17.5,0
2020-06-21,North West,8,1.1999999999999999556,0,0.0,0,0.0,0,0.0,0,0.0,0,0.0,0,0.0,0,0.0,0,0.0,0,0.2,0,0.0,0,0.4,0,0.4,1,0.5,0,2.4,1,2.7,1,5.0,3,11.0,1,17.1,1,15.9,0
2020-06-22,North West,10,1.1000000000000000888,0,0.0,0,0.0,0,0.0,0,0.0,0,0.0,0,0.0,0,0.0,0,0.0,0,0.2,0,0.0,1,0.4,0,0.2,0,0.5,0,1.9,2,2.7,3,5.0,1,10.5,1,14.4,2,19.1,0
2020-06-23,North West,20,1.1999999999999999556,0,0.0,0,0.0,0,0.0,0,0.0,0,0.0,0,0.0,0,0.0,0,0.0,0,0.2,0,0.0,0,0.2,1,0.4,1,0.5,0,1.3,2,2.7,4,6.1,2,8.9,7,17.1,3,19.1,0
2020-06-24,North West,13,1.1000000000000000888,0,0.0,0,0.0,0,0.0,0,0.0,0,0.0,0,0.0,0,0.0,0,0.0,0,0.0,0,0.0,0,0.2,1,0.6000000000000001,0,0.5,0,1.1,2,3.2,0,4.6,3,8.9,3,15.3,4,25.4,0
2020-06-25,North West,16,1.1999999999999999556,0,0.0,0,0.0,0,0.0,0,0.0,0,0.0,0,0.0,0,0.0,0,0.0,0,0.0,0,0.0,0,0.2,0,0.6000000000000001,0,0.5,2,0.8,3,3.5,2,4.2,3,8.9,3,17.1,3,27.0,0
2020-06-26,North West,6,1.1000000000000000888,0,0.0,0,0.0,0,0.0,0,0.0,0,0.0,0,0.0,0,0.0,0,0.0,0,0.0,0,0.0,0,0.2,0,0.6000000000000001,0,0.5,0,0.8,0,3.2,0,4.2,0,7.4,4,19.8,2,25.4,0
2020-06-27,North West,8,1.1000000000000000888,0,0.0,0,0.0,0,0.0,0,0.0,0,0.0,0,0.0,0,0.0,0,0.0,0,0.0,0,0.0,0,0.2,1,0.6000000000000001,0,0.5,0,0.5,2,3.2,0,3.8,0,6.3,5,21.6,0,23.9,0
2020-06-28,North West,11,1.1000000000000000888,0,0.0,0,0.0,0,0.0,0,0.0,0,0.0,0,0.0,0,0.0,0,0.0,0,0.0,0,0.0,0,0.2,0,0.6000000000000001,2,0.7000000000000001,1,0.8,3,3.8,1,3.8,2,5.8,0,20.7,2,25.4,0
2020-06-29,North West,10,1.1000000000000000888,0,0.0,0,0.0,0,0.0,0,0.0,0,0.0,0,0.0,0,0.0,0,0.0,0,0.0,0,0.0,1,0.2,1,0.8,1,1.0,0,0.8,0,3.2,0,2.7,2,6.3,2,21.6,3,27.0,0
2020-06-30,North West,9,1,0,0.0,0,0.0,0,0.0,0,0.0,0,0.0,0,0.0,0,0.0,0,0.0,1,0.2,0,0.0,1,0.4,0,0.6000000000000001,0,0.7000000000000001,1,1.1,0,2.7,1,1.5,1,5.8,1,16.2,3,27.0,0
2020-07-01,North West,4,0.9000000000000000222,0,0.0,0,0.0,0,0.0,0,0.0,0,0.0,0,0.0,0,0.0,0,0.0,0,0.2,0,0.0,0,0.4,0,0.4,0,0.7000000000000001,0,1.1,0,2.1,1,1.9,2,5.3,1,14.4,0,20.7,0
2020-07-02,North West,5,0.70000000000000006661,0,0.0,0,0.0,0,0.0,0,0.0,0,0.0,0,0.0,0,0.0,0,0.0,0,0.2,0,0.0,0,0.4,0,0.4,0,0.7000000000000001,0,0.5,1,1.6,2,1.9,1,4.2,1,12.6,0,15.9,0
2020-07-03,North West,6,0.70000000000000006661,0,0.0,0,0.0,0,0.0,0,0.0,0,0.0,0,0.0,0,0.0,0,0.0,0,0.2,0,0.0,0,0.4,0,0.4,0,0.7000000000000001,0,0.5,0,1.6,1,2.3,2,5.3,3,11.7,0,12.7,0
2020-07-04,North West,4,0.70000000000000006661,0,0.0,0,0.0,0,0.0,0,0.0,0,0.0,0,0.0,0,0.0,0,0.0,0,0.2,0,0.0,1,0.6000000000000001,0,0.2,0,0.7000000000000001,0,0.5,0,1.1,1,2.7,1,5.8,0,7.2,1,14.3,0
2020-07-05,North West,4,0.60000000000000008882,0,0.0,0,0.0,0,0.0,0,0.0,0,0.0,0,0.0,0,0.0,0,0.0,0,0.2,0,0.0,0,0.6000000000000001,0,0.2,0,0.2,1,0.5,1,0.5,2,3.1,0,4.7,0,7.2,0,11.1,0
2020-07-06,North West,11,0.60000000000000008882,0,0.0,0,0.0,0,0.0,0,0.0,0,0.0,0,0.0,0,0.0,0,0.0,0,0.2,0,0.0,0,0.4,0,0.0,0,0.0,0,0.5,1,0.8,1,3.5,2,4.7,1,6.3,6,15.9,0
2020-07-07,North West,5,0.5,0,0.0,0,0.0,0,0.0,0,0.0,0,0.0,0,0.0,0,0.0,0,0.0,0,0.0,0,0.0,0,0.2,0,0.0,0,0.0,0,0.30000000000000004,0,0.8,2,3.8,0,4.2,2,7.2,1,12.7,0
2020-07-08,North West,4,0.5,0,0.0,0,0.0,0,0.0,0,0.0,0,0.0,0,0.0,0,0.0,0,0.0,0,0.0,0,0.0,0,0.2,1,0.2,0,0.0,0,0.30000000000000004,1,1.1,2,4.2,0,3.2,0,6.3,0,12.7,0
2020-07-09,North West,7,0.60000000000000008882,0,0.0,0,0.0,0,0.0,0,0.0,0,0.0,0,0.0,0,0.0,0,0.0,0,0.0,0,0.0,0,0.2,0,0.2,0,0.0,0,0.30000000000000004,1,1.1,1,3.8,2,3.7,1,6.3,2,15.9,0
2020-07-10,North West,4,0.5,0,0.0,0,0.0,0,0.0,0,0.0,0,0.0,0,0.0,0,0.0,0,0.0,0,0.0,0,0.0,0,0.2,0,0.2,0,0.0,0,0.30000000000000004,0,1.1,0,3.5,0,2.6,1,4.5,3,20.7,0
2020-07-11,North West,5,0.5,0,0.0,0,0.0,0,0.0,0,0.0,0,0.0,0,0.0,0,0.0,0,0.0,0,0.0,0,0.0,0,0.0,0,0.2,0,0.0,0,0.30000000000000004,1,1.3,1,3.5,2,3.2,1,5.4,0,19.1,0
2020-07-12,North West,2,0.5,0,0.0,0,0.0,0,0.0,0,0.0,0,0.0,0,0.0,0,0.0,0,0.0,0,0.0,0,0.0,0,0.0,0,0.2,0,0.0,1,0.30000000000000004,0,1.1,0,2.7,0,3.2,1,6.3,0,19.1,0
2020-07-13,North West,5,0.4000000000000000222,0,0.0,0,0.0,0,0.0,0,0.0,0,0.0,0,0.0,0,0.0,0,0.0,0,0.0,0,0.0,0,0.0,0,0.2,0,0.0,0,0.30000000000000004,1,1.1,0,2.3,1,2.6,0,5.4,3,14.3,0
2020-07-14,North West,6,0.4000000000000000222,0,0.0,0,0.0,0,0.0,0,0.0,0,0.0,0,0.0,0,0.0,0,0.0,0,0.0,0,0.0,0,0.0,0,0.2,0,0.0,0,0.30000000000000004,2,1.6,2,2.3,1,3.2,1,4.5,0,12.7,0
2020-07-15,North West,5,0.5,0,0.0,0,0.0,0,0.0,0,0.0,0,0.0,0,0.0,0,0.0,0,0.0,0,0.0,1,0.2,0,0.0,0,0.0,0,0.0,1,0.5,0,1.3,0,1.5,0,3.2,1,5.4,2,15.9,0
2020-07-16,North West,2,0.4000000000000000222,0,0.0,0,0.0,0,0.0,0,0.0,0,0.0,0,0.0,0,0.0,0,0.0,0,0.0,0,0.2,0,0.0,0,0.0,0,0.0,0,0.5,0,1.1,0,1.2,2,3.2,0,4.5,0,12.7,0
2020-07-17,North West,4,0.4000000000000000222,0,0.0,0,0.0,0,0.0,0,0.0,0,0.0,0,0.0,0,0.0,1,0.2,0,0.0,0,0.2,0,0.0,0,0.0,0,0.0,0,0.5,0,1.1,1,1.5,1,3.7,0,3.6,1,9.5,0
2020-07-18,North West,3,0.4000000000000000222,0,0.0,0,0.0,0,0.0,0,0.0,0,0.0,0,0.0,0,0.0,0,0.2,0,0.0,0,0.2,0,0.0,0,0.0,1,0.2,0,0.5,0,0.8,0,1.2,0,2.6,2,4.5,0,9.5,0
2020-07-19,North West,2,0.4000000000000000222,0,0.0,0,0.0,0,0.0,0,0.0,0,0.0,0,0.0,0,0.0,0,0.2,0,0.0,0,0.2,0,0.0,0,0.0,0,0.2,2,0.8,0,0.8,0,1.2,0,2.6,0,3.6,0,9.5,0
2020-07-20,North West,2,0.30000000000000004441,0,0.0,0,0.0,0,0.0,0,0.0,0,0.0,0,0.0,0,0.0,0,0.2,0,0.0,0,0.2,0,0.0,0,0.0,0,0.2,0,0.8,0,0.5,0,1.2,0,2.1,0,3.6,2,8.0,0
2020-07-21,North West,3,0.30000000000000004441,0,0.0,0,0.0,0,0.0,0,0.0,0,0.0,0,0.0,0,0.0,0,0.2,0,0.0,0,0.2,0,0.0,1,0.2,1,0.5,0,0.8,0,0.0,0,0.4,0,1.6,0,2.7,1,9.5,0
2020-07-22,North West,5,0.30000000000000004441,0,0.0,0,0.0,0,0.0,0,0.0,0,0.0,0,0.0,0,0.0,0,0.2,0,0.0,0,0.0,0,0.0,0,0.2,0,0.5,0,0.5,1,0.30000000000000004,1,0.8,1,2.1,1,2.7,1,8.0,0
2020-07-23,North West,3,0.30000000000000004441,0,0.0,0,0.0,0,0.0,0,0.0,0,0.0,0,0.0,0,0.0,0,0.2,0,0.0,0,0.0,0,0.0,0,0.2,0,0.5,0,0.5,0,0.30000000000000004,2,1.5,0,1.1,0,2.7,1,9.5,0
2020-07-24,North West,1,0.30000000000000004441,0,0.0,0,0.0,0,0.0,0,0.0,0,0.0,0,0.0,0,0.0,0,0.0,0,0.0,0,0.0,0,0.0,0,0.2,0,0.5,1,0.8,0,0.30000000000000004,0,1.2,0,0.5,0,2.7,0,8.0,0
2020-07-25,North West,3,0.30000000000000004441,0,0.0,0,0.0,0,0.0,0,0.0,0,0.0,0,0.0,0,0.0,0,0.0,0,0.0,0,0.0,0,0.0,0,0.2,0,0.2,0,0.8,0,0.30000000000000004,0,1.2,1,1.1,0,0.9,2,11.1,0
2020-07-26,North West,3,0.30000000000000004441,0,0.0,0,0.0,0,0.0,0,0.0,0,0.0,0,0.0,0,0.0,0,0.0,0,0.0,0,0.0,1,0.2,0,0.2,0,0.2,0,0.30000000000000004,1,0.5,0,1.2,0,1.1,1,1.8,0,11.1,0
2020-07-27,North West,2,0.30000000000000004441,0,0.0,0,0.0,0,0.0,0,0.0,0,0.0,0,0.0,0,0.0,0,0.0,0,0.0,0,0.0,0,0.2,0,0.2,0,0.2,0,0.30000000000000004,1,0.8,1,1.5,0,1.1,0,1.8,0,8.0,0
2020-07-28,North West,2,0.30000000000000004441,0,0.0,0,0.0,0,0.0,0,0.0,0,0.0,0,0.0,0,0.0,0,0.0,0,0.0,1,0.2,0,0.2,0,0.0,0,0.0,0,0.30000000000000004,0,0.8,0,1.5,0,1.1,0,1.8,1,8.0,0
2020-07-29,North West,4,0.2000000000000000111,0,0.0,0,0.0,0,0.0,0,0.0,0,0.0,0,0.0,0,0.0,0,0.0,0,0.0,1,0.4,0,0.2,0,0.0,0,0.0,0,0.30000000000000004,0,0.5,1,1.5,1,1.1,0,0.9,1,8.0,0
2020-07-30,North West,4,0.30000000000000004441,0,0.0,0,0.0,0,0.0,0,0.0,0,0.0,0,0.0,0,0.0,0,0.0,0,0.0,0,0.4,0,0.2,0,0.0,1,0.2,0,0.30000000000000004,0,0.5,0,0.8,0,1.1,1,1.8,2,9.5,0
2020-07-31,North West,1,0.30000000000000004441,0,0.0,0,0.0,0,0.0,0,0.0,0,0.0,0,0.0,0,0.0,0,0.0,0,0.0,0,0.4,0,0.2,0,0.0,0,0.2,0,0.0,0,0.5,1,1.2,0,1.1,0,1.8,0,9.5,0
2020-08-01,North West,1,0.2000000000000000111,0,0.0,0,0.0,0,0.0,0,0.0,0,0.0,0,0.0,0,0.0,0,0.0,0,0.0,0,0.4,0,0.2,1,0.2,0,0.2,0,0.0,0,0.5,0,1.2,0,0.5,0,1.8,0,6.4,0
2020-08-02,North West,2,0.2000000000000000111,0,0.0,0,0.0,0,0.0,0,0.0,0,0.0,0,0.0,0,0.0,0,0.0,0,0.0,0,0.4,0,0.0,0,0.2,0,0.2,0,0.0,0,0.30000000000000004,0,1.2,1,1.1,0,0.9,1,8.0,0
2020-08-03,North West,10,0.30000000000000004441,0,0.0,0,0.0,0,0.0,0,0.0,0,0.0,0,0.0,0,0.0,0,0.0,0,0.0,0,0.4,1,0.2,0,0.2,1,0.5,2,0.5,1,0.30000000000000004,2,1.5,1,1.6,0,0.9,2,11.1,0
2020-08-04,North West,2,0.30000000000000004441,0,0.0,0,0.0,0,0.0,0,0.0,0,0.0,0,0.0,0,0.0,0,0.0,0,0.0,1,0.4,0,0.2,0,0.2,0,0.5,0,0.5,0,0.30000000000000004,0,1.5,0,1.6,1,1.8,0,9.5,0
2020-08-05,North West,1,0.30000000000000004441,0,0.0,0,0.0,0,0.0,0,0.0,0,0.0,0,0.0,0,0.0,0,0.0,0,0.0,0,0.2,0,0.2,0,0.2,0,0.5,0,0.5,0,0.30000000000000004,1,1.5,0,1.1,0,1.8,0,8.0,0
2020-08-06,North West,3,0.30000000000000004441,0,0.0,0,0.0,0,0.0,0,0.0,0,0.0,0,0.0,0,0.0,0,0.0,0,0.0,0,0.2,0,0.2,0,0.2,0,0.2,1,0.8,0,0.30000000000000004,0,1.5,0,1.1,1,1.8,1,6.4,0
2020-08-07,North West,3,0.30000000000000004441,0,0.0,0,0.0,0,0.0,0,0.0,0,0.0,0,0.0,0,0.0,0,0.0,0,0.0,0,0.2,0,0.2,0,0.2,0,0.2,0,0.8,0,0.30000000000000004,0,1.2,1,1.6,1,2.7,1,8.0,0
2020-08-08,North West,6,0.4000000000000000222,0,0.0,0,0.0,0,0.0,0,0.0,0,0.0,0,0.0,0,0.0,0,0.0,0,0.0,1,0.4,0,0.2,1,0.2,0,0.2,0,0.8,0,0.30000000000000004,2,1.9,1,2.1,0,2.7,1,9.5,0
2020-08-09,North West,4,0.4000000000000000222,0,0.0,0,0.0,0,0.0,0,0.0,0,0.0,0,0.0,0,0.0,0,0.0,0,0.0,0,0.4,0,0.2,0,0.2,0,0.2,1,1.1,1,0.5,0,1.9,1,2.1,1,3.6,0,8.0,0
2020-08-10,North West,3,0.30000000000000004441,0,0.0,0,0.0,0,0.0,0,0.0,0,0.0,0,0.0,0,0.0,0,0.0,0,0.0,0,0.4,0,0.0,0,0.2,0,0.0,0,0.5,0,0.30000000000000004,0,1.2,1,2.1,1,4.5,1,6.4,0
2020-08-11,North West,3,0.30000000000000004441,0,0.0,0,0.0,0,0.0,0,0.0,0,0.0,0,0.0,0,0.0,0,0.0,0,0.0,0,0.2,0,0.0,0,0.2,0,0.0,0,0.5,0,0.30000000000000004,1,1.5,0,2.1,2,5.4,0,6.4,0
2020-08-12,North West,2,0.30000000000000004441,0,0.0,0,0.0,0,0.0,0,0.0,0,0.0,0,0.0,0,0.0,0,0.0,0,0.0,0,0.2,0,0.0,0,0.2,0,0.0,0,0.5,1,0.5,0,1.2,1,2.6,0,5.4,0,6.4,0
2020-08-13,North West,2,0.30000000000000004441,0,0.0,0,0.0,0,0.0,0,0.0,0,0.0,0,0.0,0,0.0,0,0.0,0,0.0,0,0.2,0,0.0,0,0.2,0,0.0,0,0.30000000000000004,1,0.8,1,1.5,0,2.6,0,4.5,0,4.8,0
2020-08-14,North West,1,0.30000000000000004441,0,0.0,0,0.0,0,0.0,0,0.0,0,0.0,0,0.0,0,0.0,0,0.0,0,0.0,0,0.2,0,0.0,0,0.2,0,0.0,0,0.30000000000000004,0,0.8,0,1.5,0,2.1,1,4.5,0,3.2,0
2020-08-15,North West,7,0.30000000000000004441,0,0.0,0,0.0,0,0.0,0,0.0,0,0.0,0,0.0,0,0.0,0,0.0,0,0.0,0,0.0,0,0.0,1,0.2,0,0.0,1,0.5,0,0.8,0,0.8,3,3.2,2,6.3,0,1.6,0
2020-08-16,North West,1,0.30000000000000004441,0,0.0,0,0.0,0,0.0,0,0.0,0,0.0,0,0.0,0,0.0,0,0.0,0,0.0,0,0.0,0,0.0,0,0.2,0,0.0,0,0.30000000000000004,1,0.8,0,0.8,0,2.6,0,5.4,0,1.6,0
2020-08-17,North West,3,0.30000000000000004441,0,0.0,0,0.0,0,0.0,0,0.0,0,0.0,0,0.0,0,0.0,0,0.0,0,0.0,0,0.0,0,0.0,0,0.2,0,0.0,0,0.30000000000000004,0,0.8,1,1.2,2,3.2,0,4.5,0,0.0,1
2020-08-18,North West,2,0.2000000000000000111,0,0.0,0,0.0,0,0.0,0,0.0,0,0.0,0,0.0,0,0.0,0,0.0,0,0.0,0,0.0,0,0.0,0,0.2,1,0.2,0,0.30000000000000004,0,0.8,0,0.8,1,3.7,0,2.7,0,0.0,6
2020-08-19,North West,1,0.2000000000000000111,0,0.0,0,0.0,0,0.0,0,0.0,0,0.0,0,0.0,0,0.0,0,0.0,0,0.0,0,0.0,0,0.0,0,0.2,0,0.2,0,0.30000000000000004,0,0.5,0,0.8,0,3.2,0,2.7,1,1.6,7
2020-08-20,North West,1,0.2000000000000000111,0,0.0,0,0.0,0,0.0,0,0.0,0,0.0,0,0.0,0,0.0,0,0.0,0,0.0,0,0.0,0,0.0,0,0.2,0,0.2,0,0.30000000000000004,0,0.30000000000000004,1,0.8,0,3.2,0,2.7,0,1.6,0
2020-08-21,North West,4,0.30000000000000004441,0,0.0,0,0.0,0,0.0,0,0.0,0,0.0,0,0.0,0,0.0,0,0.0,0,0.0,0,0.0,0,0.0,0,0.2,1,0.5,0,0.30000000000000004,0,0.30000000000000004,1,1.2,1,3.7,0,1.8,1,3.2,4
2020-08-22,North West,2,0.2000000000000000111,0,0.0,0,0.0,0,0.0,0,0.0,0,0.0,0,0.0,0,0.0,0,0.0,0,0.0,0,0.0,1,0.2,1,0.2,0,0.5,0,0.0,0,0.30000000000000004,0,1.2,0,2.1,0,0.0,0,3.2,2
2020-08-23,North West,7,0.30000000000000004441,0,0.0,0,0.0,0,0.0,0,0.0,0,0.0,0,0.0,0,0.0,0,0.0,0,0.0,0,0.0,0,0.2,0,0.2,0,0.5,1,0.30000000000000004,0,0.0,0,1.2,2,3.2,2,1.8,2,6.4,2
2020-08-24,North West,4,0.30000000000000004441,0,0.0,0,0.0,0,0.0,0,0.0,0,0.0,0,0.0,0,0.0,0,0.0,1,0.2,0,0.0,0,0.2,0,0.2,1,0.7000000000000001,0,0.30000000000000004,0,0.0,0,0.8,1,2.6,1,2.7,0,6.4,0
2020-08-25,North West,4,0.30000000000000004441,0,0.0,0,0.0,0,0.0,0,0.0,0,0.0,0,0.0,0,0.0,0,0.0,0,0.2,0,0.0,0,0.2,0,0.2,1,0.7000000000000001,2,0.8,0,0.0,0,0.8,1,2.6,0,2.7,0,6.4,7
2020-08-26,North West,5,0.4000000000000000222,0,0.0,0,0.0,0,0.0,0,0.0,0,0.0,0,0.0,0,0.0,0,0.0,0,0.2,0,0.0,0,0.2,0,0.2,0,0.7000000000000001,1,1.1,1,0.30000000000000004,1,1.2,1,3.2,0,2.7,1,6.4,7
2020-08-27,North West,0,0.4000000000000000222,0,0.0,0,0.0,0,0.0,0,0.0,0,0.0,0,0.0,0,0.0,0,0.0,0,0.2,0,0.0,0,0.2,0,0.2,0,0.7000000000000001,0,1.1,0,0.30000000000000004,0,0.8,0,3.2,0,2.7,0,6.4,9
2020-08-28,North West,2,0.30000000000000004441,0,0.0,0,0.0,0,0.0,0,0.0,0,0.0,0,0.0,0,0.0,0,0.0,0,0.2,0,0.0,0,0.2,0,0.2,0,0.5,0,1.1,1,0.5,0,0.4,1,3.2,0,2.7,0,4.8,2
2020-08-29,North West,0,0.30000000000000004441,0,0.0,0,0.0,0,0.0,0,0.0,0,0.0,0,0.0,0,0.0,0,0.0,0,0.2,0,0.0,0,0.0,0,0.0,0,0.5,0,1.1,0,0.5,0,0.4,0,3.2,0,2.7,0,4.8,0
2020-08-30,North West,2,0.2000000000000000111,0,0.0,0,0.0,0,0.0,0,0.0,0,0.0,0,0.0,0,0.0,0,0.0,0,0.2,0,0.0,0,0.0,0,0.0,0,0.5,0,0.8,0,0.5,0,0.4,1,2.6,0,0.9,1,3.2,3
2020-08-31,North West,2,0.2000000000000000111,0,0.0,0,0.0,0,0.0,0,0.0,0,0.0,0,0.0,0,0.0,0,0.0,0,0.0,0,0.0,0,0.0,0,0.0,0,0.2,0,0.8,1,0.8,1,0.8,0,2.1,0,0.0,0,3.2,1
2020-09-01,North West,1,0.2000000000000000111,0,0.0,0,0.0,0,0.0,0,0.0,0,0.0,0,0.0,0,0.0,0,0.0,0,0.0,0,0.0,0,0.0,0,0.0,0,0.0,0,0.30000000000000004,0,0.8,1,1.2,0,1.6,0,0.0,0,3.2,1
2020-09-02,North West,1,0.10000000000000000555,0,0.0,0,0.0,0,0.0,0,0.0,0,0.0,0,0.0,0,0.0,0,0.0,0,0.0,0,0.0,0,0.0,0,0.0,0,0.0,0,0.0,0,0.5,0,0.8,1,1.6,0,0.0,0,1.6,1
2020-09-03,North West,2,0.10000000000000000555,0,0.0,0,0.0,0,0.0,0,0.0,0,0.0,0,0.0,0,0.0,0,0.0,0,0.0,0,0.0,0,0.0,0,0.0,0,0.0,0,0.0,2,1.1,0,0.8,0,1.6,0,0.0,0,1.6,2
2020-09-04,North West,0,0.10000000000000000555,0,0.0,0,0.0,0,0.0,0,0.0,0,0.0,0,0.0,0,0.0,0,0.0,0,0.0,0,0.0,0,0.0,0,0.0,0,0.0,0,0.0,0,0.8,0,0.8,0,1.1,0,0.0,0,1.6,1
2020-09-05,North West,7,0.2000000000000000111,0,0.0,0,0.0,0,0.0,0,0.0,0,0.0,0,0.0,0,0.0,0,0.0,1,0.2,0,0.0,0,0.0,0,0.0,0,0.0,0,0.0,0,0.8,1,1.2,1,1.6,2,1.8,2,4.8,2
2020-09-06,North West,3,0.2000000000000000111,0,0.0,0,0.0,0,0.0,0,0.0,0,0.0,0,0.0,0,0.0,0,0.0,0,0.2,0,0.0,0,0.0,0,0.0,0,0.0,0,0.0,0,0.8,2,1.9,0,1.1,0,1.8,1,4.8,0
2020-09-07,North West,8,0.30000000000000004441,0,0.0,0,0.0,0,0.0,0,0.0,0,0.0,0,0.0,0,0.0,0,0.0,0,0.2,0,0.0,0,0.0,0,0.0,0,0.0,3,0.8,0,0.5,3,2.7,1,1.6,0,1.8,1,6.4,3
2020-09-08,North West,6,0.4000000000000000222,0,0.0,0,0.0,0,0.0,0,0.0,0,0.0,0,0.0,0,0.0,0,0.0,0,0.2,0,0.0,0,0.0,0,0.0,1,0.2,1,1.1,0,0.5,0,2.3,1,2.1,3,4.5,0,6.4,11
2020-09-09,North West,5,0.4000000000000000222,0,0.0,0,0.0,0,0.0,0,0.0,0,0.0,0,0.0,0,0.0,0,0.0,0,0.2,0,0.0,0,0.0,0,0.0,0,0.2,0,1.1,1,0.8,1,2.7,2,2.6,1,5.4,0,6.4,2
2020-09-10,North West,5,0.5,0,0.0,0,0.0,0,0.0,0,0.0,0,0.0,0,0.0,0,0.0,0,0.0,0,0.2,0,0.0,0,0.0,0,0.0,0,0.2,0,1.1,1,0.5,2,3.5,0,2.6,1,6.3,1,8.0,9
2020-09-11,North West,2,0.5,0,0.0,0,0.0,0,0.0,0,0.0,0,0.0,0,0.0,0,0.0,0,0.0,0,0.2,0,0.0,0,0.0,0,0.0,0,0.2,0,1.1,0,0.5,0,3.5,0,2.6,1,7.2,1,9.5,4
2020-09-12,North West,9,0.5,0,0.0,0,0.0,0,0.0,0,0.0,0,0.0,0,0.0,0,0.0,0,0.0,0,0.0,0,0.0,0,0.0,0,0.0,1,0.5,0,1.1,1,0.8,1,3.5,1,2.6,5,9.9,0,6.4,2
2020-09-13,North West,1,0.5,0,0.0,0,0.0,0,0.0,0,0.0,0,0.0,0,0.0,0,0.0,0,0.0,0,0.0,0,0.0,0,0.0,0,0.0,0,0.5,0,1.1,1,1.1,0,2.7,0,2.6,0,9.9,0,4.8,2
2020-09-14,North West,7,0.5,0,0.0,0,0.0,0,0.0,0,0.0,0,0.0,0,0.0,0,0.0,0,0.0,0,0.0,0,0.0,0,0.0,0,0.0,0,0.5,0,0.30000000000000004,0,1.1,2,2.3,2,3.2,1,10.8,2,6.4,2
2020-09-15,North West,5,0.5,0,0.0,0,0.0,0,0.0,0,0.0,0,0.0,0,0.0,0,0.0,0,0.0,1,0.2,0,0.0,0,0.0,0,0.0,0,0.2,0,0.0,0,1.1,2,3.1,0,2.6,0,8.1,2,9.5,1
2020-09-16,North West,9,0.5,0,0.0,0,0.0,0,0.0,0,0.0,0,0.0,0,0.0,0,0.0,0,0.0,0,0.2,0,0.0,0,0.0,0,0.0,0,0.2,0,0.0,0,0.8,4,4.2,1,2.1,2,9.0,2,12.7,7
2020-09-17,North West,8,0.60000000000000008882,0,0.0,0,0.0,0,0.0,0,0.0,0,0.0,0,0.0,0,0.0,0,0.0,0,0.2,0,0.0,0,0.0,0,0.0,0,0.2,2,0.5,1,0.8,0,3.5,2,3.2,3,10.8,0,11.1,5
2020-09-18,North West,6,0.60000000000000008882,0,0.0,0,0.0,0,0.0,0,0.0,0,0.0,0,0.0,0,0.0,0,0.0,0,0.2,0,0.0,0,0.0,0,0.0,0,0.2,1,0.8,0,0.8,2,4.2,2,4.2,1,10.8,0,9.5,15
2020-09-19,North West,5,0.60000000000000008882,0,0.0,0,0.0,0,0.0,0,0.0,0,0.0,0,0.0,0,0.0,0,0.0,0,0.2,0,0.0,0,0.0,0,0.0,0,0.0,0,0.8,0,0.5,0,3.8,2,4.7,2,8.1,1,11.1,12
2020-09-20,North West,4,0.60000000000000008882,0,0.0,0,0.0,0,0.0,0,0.0,0,0.0,0,0.0,0,0.0,0,0.0,0,0.2,0,0.0,0,0.0,0,0.0,0,0.0,1,1.1,1,0.5,0,3.8,1,5.3,0,8.1,1,12.7,4
2020-09-21,North West,3,0.5,0,0.0,0,0.0,0,0.0,0,0.0,0,0.0,0,0.0,0,0.0,0,0.0,0,0.2,0,0.0,1,0.2,0,0.0,0,0.0,1,1.3,0,0.5,0,3.1,0,4.2,0,7.2,1,11.1,2
2020-09-22,North West,13,0.70000000000000006661,0,0.0,0,0.0,0,0.0,0,0.0,0,0.0,0,0.0,0,0.0,0,0.0,0,0.0,1,0.2,0,0.2,0,0.0,2,0.5,1,1.6,1,0.8,1,2.7,2,5.3,0,7.2,5,15.9,8
2020-09-23,North West,20,0.80000000000000004441,0,0.0,0,0.0,0,0.0,0,0.0,0,0.0,0,0.0,0,0.0,0,0.0,0,0.0,0,0.2,0,0.2,1,0.2,1,0.7000000000000001,1,1.9,3,1.6,2,1.9,4,6.8,3,8.1,5,20.7,4
2020-09-24,North West,13,0.9000000000000000222,0,0.0,0,0.0,0,0.0,0,0.0,0,0.0,0,0.0,0,0.0,0,0.0,0,0.0,1,0.4,0,0.2,0,0.2,1,1.0,0,1.3,1,1.6,3,3.1,3,7.4,2,7.2,2,23.9,14
2020-09-25,North West,8,0.9000000000000000222,0,0.0,0,0.0,0,0.0,0,0.0,0,0.0,0,0.0,0,0.0,0,0.0,0,0.0,0,0.4,0,0.2,1,0.4,0,1.0,0,1.1,0,1.6,1,2.7,3,7.9,2,8.1,1,25.4,11
2020-09-26,North West,14,1,0,0.0,0,0.0,0,0.0,0,0.0,0,0.0,0,0.0,0,0.0,0,0.0,0,0.0,0,0.4,1,0.4,0,0.4,0,1.0,0,1.1,2,2.1,3,3.8,5,9.5,1,7.2,2,27.0,8
2020-09-27,North West,14,1.1999999999999999556,0,0.0,0,0.0,0,0.0,0,0.0,0,0.0,0,0.0,0,0.0,0,0.0,0,0.0,0,0.4,0,0.4,0,0.4,1,1.2,3,1.6,1,2.1,0,3.8,4,11.0,2,9.0,3,30.2,4
2020-09-28,North West,15,1.3000000000000000444,0,0.0,0,0.0,0,0.0,0,0.0,0,0.0,0,0.0,0,0.0,0,0.0,0,0.0,0,0.4,0,0.2,0,0.4,0,1.2,1,1.6,3,3.0,2,4.6,2,12.1,4,12.6,3,33.4,6
2020-09-29,North West,12,1.3000000000000000444,0,0.0,0,0.0,0,0.0,0,0.0,0,0.0,0,0.0,0,0.0,0,0.0,0,0.0,0,0.2,0,0.2,0,0.4,0,0.7000000000000001,1,1.6,2,3.2,1,4.6,6,14.2,0,12.6,2,28.6,24
2020-09-30,North West,22,1.3000000000000000444,0,0.0,0,0.0,0,0.0,0,0.0,0,0.0,0,0.0,0,0.0,1,0.2,0,0.0,0,0.2,0,0.2,1,0.4,0,0.5,2,1.9,3,3.2,5,5.8,3,13.7,6,15.3,1,22.3,18
2020-10-01,North West,20,1.3999999999999999112,0,0.0,0,0.0,0,0.0,0,0.0,0,0.0,0,0.0,0,0.0,0,0.2,1,0.2,1,0.2,1,0.4,1,0.6000000000000001,0,0.2,1,2.1,3,3.8,1,5.0,4,14.2,3,16.2,4,25.4,15
2020-10-02,North West,24,1.6000000000000000888,0,0.0,0,0.0,0,0.0,0,0.0,0,0.0,0,0.0,0,0.0,0,0.2,0,0.2,0,0.2,1,0.6000000000000001,2,0.8,0,0.2,3,2.9,1,4.0,4,6.1,5,15.2,4,18.0,4,30.2,25
2020-10-03,North West,23,1.8000000000000000444,0,0.0,0,0.0,0,0.0,0,0.0,0,0.0,0,0.0,0,0.0,0,0.2,1,0.5,0,0.2,0,0.4,0,0.8,1,0.5,3,3.7,3,4.3,6,7.3,4,14.7,2,18.9,3,31.8,14
2020-10-04,North West,19,1.8000000000000000444,0,0.0,0,0.0,0,0.0,0,0.0,0,0.0,0,0.0,0,0.0,0,0.2,0,0.5,0,0.2,0,0.4,1,1.0,0,0.2,2,3.4,1,4.3,3,8.4,4,14.7,3,19.8,5,35.0,9
2020-10-05,North West,21,1.8999999999999999112,0,0.0,0,0.0,0,0.0,0,0.0,0,0.0,0,0.0,0,0.0,0,0.2,0,0.5,0,0.2,0,0.4,0,1.0,0,0.2,1,3.4,3,4.3,5,9.6,2,14.7,8,23.4,2,33.4,7
2020-10-06,North West,21,2,0,0.0,0,0.0,0,0.0,0,0.0,0,0.0,0,0.0,0,0.0,0,0.2,1,0.7000000000000001,0,0.2,1,0.6000000000000001,0,1.0,1,0.5,3,4.0,4,4.8,1,9.6,4,13.7,4,27.0,2,33.4,25
2020-10-07,North West,29,2.1000000000000000888,0,0.0,0,0.0,0,0.0,0,0.0,0,0.0,0,0.0,0,0.0,0,0.0,0,0.7000000000000001,1,0.4,0,0.6000000000000001,2,1.2,4,1.4,1,3.7,4,5.1,3,8.8,5,14.7,6,27.0,3,36.6,28
2020-10-08,North West,25,2.2000000000000001776,0,0.0,0,0.0,0,0.0,0,0.0,0,0.0,0,0.0,0,0.0,0,0.0,0,0.5,0,0.2,0,0.4,0,1.0,1,1.7000000000000002,2,4.0,2,4.8,7,11.1,3,14.2,5,28.8,5,38.2,23
2020-10-09,North West,26,2.2000000000000001776,0,0.0,0,0.0,0,0.0,0,0.0,0,0.0,0,0.0,0,0.0,0,0.0,0,0.5,0,0.2,1,0.4,0,0.6000000000000001,1,1.9,1,3.4,4,5.6,8,12.7,3,13.1,4,28.8,4,38.2,34
2020-10-10,North West,38,2.3999999999999999112,0,0.0,0,0.0,0,0.0,0,0.0,0,0.0,0,0.0,1,0.2,0,0.0,0,0.2,0,0.2,0,0.4,0,0.6000000000000001,2,2.1,2,3.2,4,5.9,3,11.5,11,16.8,9,35.1,6,42.9,9
2020-10-11,North West,39,2.7000000000000001776,0,0.0,0,0.0,0,0.0,0,0.0,0,0.0,0,0.0,0,0.2,0,0.0,0,0.2,1,0.4,0,0.4,0,0.4,0,2.1,4,3.7,5,7.0,7,13.1,10,20.0,10,41.4,2,38.2,31
2020-10-12,North West,41,3,0,0.0,0,0.0,0,0.0,0,0.0,0,0.0,0,0.0,1,0.4,0,0.0,0,0.2,0,0.4,1,0.6000000000000001,1,0.6000000000000001,2,2.6,6,5.0,5,7.5,3,12.3,9,23.6,8,41.4,5,42.9,12
2020-10-13,North West,32,3.1000000000000000888,0,0.0,0,0.0,0,0.0,0,0.0,0,0.0,0,0.0,0,0.4,0,0.0,0,0.0,1,0.6000000000000001,1,0.6000000000000001,2,1.0,1,2.6,2,4.8,2,7.0,8,15.0,6,24.7,3,40.5,6,49.3,43
2020-10-14,North West,38,3.2999999999999998224,0,0.0,0,0.0,0,0.0,0,0.0,0,0.0,0,0.0,0,0.4,1,0.2,1,0.2,1,0.6000000000000001,0,0.6000000000000001,2,1.0,1,1.9,4,5.6,2,6.4,5,15.7,8,26.3,8,42.3,5,52.5,40
2020-10-15,North West,44,3.5,0,0.0,0,0.0,0,0.0,0,0.0,0,0.0,0,0.0,0,0.4,0,0.2,0,0.2,1,0.8,1,0.8,1,1.2,3,2.4,3,5.8,6,7.5,7,15.7,5,27.3,12,48.6,5,52.5,43
2020-10-16,North West,44,3.7999999999999998224,0,0.0,0,0.0,0,0.0,0,0.0,0,0.0,0,0.0,0,0.4,1,0.4,0,0.2,0,0.8,0,0.6000000000000001,2,1.6,2,2.6,6,7.1,6,8.1,5,14.6,11,31.5,1,45.9,10,62.0,35
2020-10-17,North West,56,4,0,0.0,0,0.0,0,0.0,0,0.0,0,0.0,0,0.0,0,0.2,0,0.4,1,0.5,1,1.0,1,0.8,3,2.2,4,3.1,4,7.7,7,8.9,11,17.7,10,31.0,8,45.0,6,62.0,48
2020-10-18,North West,51,4.2000000000000001776,0,0.0,0,0.0,0,0.0,0,0.0,0,0.0,0,0.0,0,0.2,0,0.4,0,0.5,1,1.0,1,1.0,0,2.2,1,3.3,3,7.4,6,9.1,6,17.3,15,33.6,12,46.8,6,68.4,21
2020-10-19,North West,54,4.2999999999999998224,0,0.0,0,0.0,0,0.0,0,0.0,0,0.0,0,0.0,0,0.0,0,0.4,0,0.5,1,1.3,0,0.8,2,2.4,2,3.3,5,7.1,7,9.7,8,19.2,7,32.6,11,49.5,11,77.9,17
2020-10-20,North West,55,4.7000000000000001776,0,0.0,0,0.0,0,0.0,0,0.0,0,0.0,0,0.0,0,0.0,0,0.4,0,0.5,0,1.0,1,0.8,1,2.2,2,3.6,5,7.9,5,10.5,16,22.3,14,36.8,9,54.9,2,71.6,92
2020-10-21,North West,62,5,0,0.0,0,0.0,0,0.0,0,0.0,0,0.0,0,0.0,1,0.2,0,0.2,0,0.2,0,0.8,1,1.0,0,1.8,2,3.8,5,8.2,8,12.1,11,24.6,16,41.0,8,54.9,10,79.5,62
2020-10-22,North West,59,5.2000000000000001776,0,0.0,0,0.0,0,0.0,0,0.0,0,0.0,0,0.0,0,0.2,0,0.2,0,0.2,0,0.6000000000000001,0,0.8,2,2.0,0,3.1,7,9.3,9,12.9,9,25.3,14,45.7,9,52.2,9,85.9,56
2020-10-23,North West,62,5.4000000000000003553,0,0.0,0,0.0,0,0.0,0,0.0,0,0.0,0,0.0,0,0.2,0,0.0,0,0.2,0,0.6000000000000001,1,1.0,2,2.0,1,2.9,2,8.2,9,13.7,16,29.6,15,47.8,8,58.5,8,82.7,60
2020-10-24,North West,57,5.4000000000000003553,0,0.0,0,0.0,0,0.0,0,0.0,0,0.0,0,0.0,0,0.2,0,0.0,1,0.2,2,0.8,2,1.2,2,1.8,5,3.1,2,7.7,7,13.7,9,28.8,9,47.3,11,61.2,7,84.3,46
2020-10-25,North West,78,5.7999999999999998224,0,0.0,0,0.0,0,0.0,0,0.0,0,0.0,0,0.0,0,0.2,0,0.0,1,0.5,0,0.6000000000000001,1,1.2,2,2.2,5,4.1,8,9.0,6,13.7,16,32.6,16,47.8,11,60.3,12,93.8,40
2020-10-26,North West,70,6,0,0.0,0,0.0,0,0.0,0,0.0,0,0.0,1,0.2,0,0.2,0,0.0,1,0.7000000000000001,0,0.4,2,1.6,4,2.6,2,4.1,4,8.7,7,13.7,13,34.6,11,49.9,13,62.1,12,95.4,25
2020-10-27,North West,68,6.2000000000000001776,0,0.0,0,0.0,0,0.0,0,0.0,0,0.0,0,0.2,0,0.2,0,0.0,0,0.7000000000000001,0,0.4,3,1.9,2,2.8,2,4.1,3,8.2,7,14.2,12,33.0,10,47.8,11,63.9,18,120.9,113
2020-10-28,North West,73,6.4000000000000003553,0,0.0,0,0.0,0,0.0,0,0.0,0,0.0,1,0.4,0,0.0,0,0.0,0,0.7000000000000001,0,0.4,0,1.7000000000000002,4,3.6,3,4.3,3,7.7,9,14.5,12,33.4,17,48.3,11,66.6,13,125.7,75
2020-10-29,North West,90,6.7999999999999998224,0,0.0,0,0.0,0,0.0,0,0.0,0,0.0,1,0.6000000000000001,0,0.0,0,0.0,0,0.7000000000000001,1,0.6000000000000001,0,1.7000000000000002,1,3.4,1,4.5,3,6.6,9,14.5,9,33.4,27,55.2,22,78.3,16,136.8,70
2020-10-30,North West,94,7.2000000000000001776,0,0.0,0,0.0,0,0.0,0,0.0,0,0.0,0,0.6000000000000001,0,0.0,0,0.0,0,0.7000000000000001,0,0.6000000000000001,1,1.7000000000000002,1,3.2,5,5.5,10,8.7,6,13.7,18,34.2,27,61.5,11,81.0,15,147.9,73
2020-10-31,North West,83,7.5999999999999996447,0,0.0,0,0.0,0,0.0,0,0.0,0,0.0,0,0.6000000000000001,0,0.0,0,0.0,0,0.5,1,0.4,6,2.5,1,3.0,2,4.8,7,10.1,8,14.0,12,35.3,15,64.6,18,87.3,13,157.5,99
2020-11-01,North West,85,7.7000000000000001776,0,0.0,0,0.0,0,0.0,0,0.0,0,0.0,0,0.6000000000000001,0,0.0,0,0.0,0,0.2,0,0.4,2,2.7,1,2.8,5,4.8,6,9.5,9,14.8,14,34.6,22,67.8,11,87.3,15,162.2,33
2020-11-02,North West,80,7.7999999999999998224,0,0.0,0,0.0,0,0.0,0,0.0,0,0.0,0,0.4,0,0.0,0,0.0,0,0.0,0,0.4,3,2.9,1,2.2,3,5.0,5,9.8,10,15.6,11,33.8,21,73.0,15,89.1,11,160.6,28
2020-11-03,North West,94,8.1999999999999992895,0,0.0,0,0.0,0,0.0,0,0.0,0,0.0,0,0.4,0,0.0,0,0.0,1,0.2,2,0.8,0,2.3,5,2.8,2,5.0,11,11.9,13,17.2,6,31.5,22,79.3,15,92.7,17,159.1,108
2020-11-04,North West,84,8.3000000000000007105,0,0.0,0,0.0,0,0.0,0,0.0,0,0.0,0,0.2,0,0.0,1,0.2,1,0.5,0,0.8,0,2.3,2,2.4,6,5.7,6,12.7,7,16.6,13,31.9,25,83.5,11,92.7,12,157.5,132
2020-11-05,North West,86,8.3000000000000007105,0,0.0,0,0.0,0,0.0,0,0.0,0,0.0,0,0.0,0,0.0,0,0.2,1,0.7000000000000001,1,0.8,1,2.5,1,2.4,2,6.0,12,15.1,9,16.6,7,31.1,14,76.7,26,96.3,12,151.1,123
2020-11-06,North West,98,8.3000000000000007105,0,0.0,0,0.0,0,0.0,0,0.0,0,0.0,0,0.0,0,0.0,0,0.2,0,0.7000000000000001,3,1.5,0,2.3,2,2.6,3,5.5,7,14.3,8,17.2,11,28.4,18,72.0,21,105.3,25,167.0,85
2020-11-07,North West,88,8.4000000000000003553,0,0.0,0,0.0,0,0.0,0,0.0,0,0.0,0,0.0,0,0.0,0,0.2,0,0.7000000000000001,0,1.3,2,1.6,6,3.6,3,5.7,11,15.4,13,18.5,8,26.9,17,73.0,11,99.0,17,173.4,104
2020-11-08,North West,87,8.4000000000000003553,0,0.0,0,0.0,0,0.0,0,0.0,0,0.0,0,0.0,0,0.0,0,0.2,0,0.7000000000000001,1,1.5,1,1.4,1,3.6,6,6.0,7,15.6,12,19.3,10,25.3,22,73.0,15,102.6,12,168.6,28
2020-11-09,North West,91,8.5999999999999996447,0,0.0,0,0.0,0,0.0,0,0.0,0,0.0,0,0.0,0,0.0,0,0.2,1,1.0,2,1.9,1,1.0,5,4.5,5,6.4,7,16.1,7,18.5,12,25.7,15,69.9,25,111.6,11,168.6,36
2020-11-10,North West,83,8.4000000000000003553,0,0.0,0,0.0,0,0.0,0,0.0,0,0.0,0,0.0,0,0.0,0,0.2,1,1.0,0,1.5,2,1.4,2,3.8,1,6.2,3,14.0,12,18.3,16,29.6,18,67.8,19,115.2,9,155.9,147
2020-11-11,North West,80,8.4000000000000003553,0,0.0,0,0.0,0,0.0,0,0.0,0,0.0,1,0.2,0,0.0,0,0.0,0,0.7000000000000001,0,1.5,2,1.7000000000000002,2,3.8,4,5.7,9,14.8,5,17.7,12,29.2,8,58.8,23,125.9,14,159.1,122
2020-11-12,North West,80,8.3000000000000007105,0,0.0,0,0.0,0,0.0,0,0.0,0,0.0,0,0.2,0,0.0,0,0.0,0,0.5,0,1.3,1,1.7000000000000002,1,3.8,3,6.0,7,13.5,9,17.7,11,30.7,18,60.9,12,113.4,18,168.6,130
2020-11-13,North West,105,8.4000000000000003553,0,0.0,0,0.0,0,0.0,0,0.0,0,0.0,0,0.2,1,0.2,1,0.2,1,0.7000000000000001,1,0.8,1,1.9,3,4.1,3,6.0,8,13.8,13,19.1,18,33.4,18,60.9,26,117.8,11,146.3,56
2020-11-14,North West,82,8.3000000000000007105,0,0.0,0,0.0,0,0.0,0,0.0,0,0.0,0,0.2,0,0.2,0,0.2,0,0.7000000000000001,1,1.0,0,1.6,2,3.2,0,5.2,5,12.2,7,17.5,17,36.9,20,62.5,17,123.2,13,140.0,97
2020-11-15,North West,93,8.4000000000000003553,0,0.0,0,0.0,0,0.0,0,0.0,0,0.0,0,0.2,0,0.2,0,0.2,0,0.7000000000000001,1,1.0,1,1.6,1,3.2,3,4.5,6,11.9,16,18.5,25,42.6,13,57.8,14,122.3,13,141.6,25
2020-11-16,North West,82,8.1999999999999992895,0,0.0,0,0.0,0,0.0,0,0.0,0,0.0,1,0.4,0,0.2,0,0.2,1,0.7000000000000001,0,0.6000000000000001,2,1.7000000000000002,1,2.4,2,3.8,6,11.6,11,19.6,14,43.4,11,55.7,18,116.0,15,147.9,43
2020-11-17,North West,83,8.1999999999999992895,0,0.0,0,0.0,0,0.0,0,0.0,0,0.0,0,0.4,0,0.2,1,0.4,0,0.5,0,0.6000000000000001,1,1.6,3,2.6,0,3.6,7,12.7,16,20.7,15,43.0,12,52.5,14,111.6,14,155.9,159
2020-11-18,North West,103,8.5999999999999996447,0,0.0,0,0.0,0,0.0,0,0.0,0,0.0,0,0.2,0,0.2,1,0.6000000000000001,0,0.5,0,0.6000000000000001,2,1.6,3,2.8,1,2.9,7,12.2,13,22.8,21,46.5,19,58.3,19,108.0,17,160.6,105
2020-11-19,North West,74,8.5,0,0.0,0,0.0,0,0.0,0,0.0,0,0.0,0,0.2,0,0.2,0,0.6000000000000001,0,0.5,0,0.6000000000000001,2,1.7000000000000002,2,3.0,0,2.1,10,13.0,4,21.5,11,46.5,18,58.3,15,110.7,12,151.1,105
2020-11-20,North West,69,8,0,0.0,0,0.0,0,0.0,0,0.0,1,0.2,0,0.2,0,0.0,0,0.4,0,0.2,0,0.4,3,2.1,4,3.2,0,1.4,7,12.7,8,20.1,8,42.6,16,57.3,11,97.2,11,151.1,89
2020-11-21,North West,86,8,0,0.0,0,0.0,0,0.0,0,0.0,0,0.2,0,0.2,0,0.0,0,0.4,1,0.5,1,0.4,1,2.3,2,3.2,1,1.7000000000000002,8,13.5,11,21.2,10,39.9,20,57.3,15,95.4,16,155.9,60
2020-11-22,North West,68,7.7000000000000001776,0,0.0,0,0.0,0,0.0,0,0.0,0,0.2,0,0.2,0,0.0,0,0.4,0,0.5,0,0.2,1,2.3,1,3.2,2,1.4,8,14.0,9,19.3,10,34.2,12,56.7,14,95.4,11,152.7,73
2020-11-23,North West,71,7.5,0,0.0,0,0.0,0,0.0,0,0.0,0,0.2,0,0.0,0,0.0,0,0.4,2,0.7000000000000001,1,0.4,0,1.9,2,3.4,2,1.4,5,13.8,6,18.0,15,34.6,17,59.9,13,90.9,8,141.6,27
2020-11-24,North West,68,7.2999999999999998224,0,0.0,0,0.0,0,0.0,0,0.0,0,0.2,0,0.0,1,0.2,0,0.2,0,0.7000000000000001,0,0.4,2,2.1,2,3.2,3,2.1,6,13.5,4,14.8,9,32.3,19,63.6,11,88.2,11,136.8,108
2020-11-25,North West,84,7.0999999999999996447,0,0.0,0,0.0,0,0.0,0,0.0,0,0.2,0,0.0,0,0.2,0,0.0,0,0.7000000000000001,1,0.6000000000000001,2,2.1,3,3.2,6,3.3,5,13.0,9,13.7,8,27.3,17,62.5,18,87.3,15,133.6,125
2020-11-26,North West,57,6.9000000000000003553,0,0.0,0,0.0,0,0.0,0,0.0,0,0.2,0,0.0,0,0.2,0,0.0,0,0.7000000000000001,0,0.6000000000000001,1,1.9,0,2.8,2,3.8,4,11.4,6,14.2,10,26.9,14,60.4,11,83.7,9,128.8,75
2020-11-27,North West,64,6.7999999999999998224,0,0.0,0,0.0,0,0.0,0,0.0,0,0.0,0,0.0,0,0.2,2,0.4,0,0.7000000000000001,1,0.8,0,1.4,4,2.8,1,4.1,6,11.1,5,13.4,9,27.3,5,54.6,16,88.2,15,135.2,84
2020-11-28,North West,55,6.4000000000000003553,0,0.0,0,0.0,0,0.0,0,0.0,0,0.0,1,0.2,0,0.2,0,0.4,0,0.5,1,0.8,0,1.2,0,2.4,2,4.3,4,10.1,6,12.1,10,27.3,8,48.3,10,83.7,13,130.4,58
2020-11-29,North West,55,6.2000000000000001776,0,0.0,0,0.0,0,0.0,0,0.0,0,0.0,0,0.2,0,0.2,0,0.4,0,0.5,0,0.8,0,1.0,2,2.6,0,3.8,6,9.5,5,11.0,10,27.3,6,45.2,13,82.8,13,133.6,26
2020-11-30,North West,59,6,0,0.0,0,0.0,0,0.0,0,0.0,0,0.0,0,0.2,0,0.2,0,0.4,0,0.0,0,0.6000000000000001,2,1.4,6,3.4,0,3.3,6,9.8,6,11.0,10,25.3,14,43.6,10,80.1,5,128.8,20
2020-12-01,North West,60,5.9000000000000003553,0,0.0,0,0.0,0,0.0,0,0.0,0,0.0,0,0.2,0,0.0,0,0.4,0,0.0,0,0.6000000000000001,1,1.2,0,3.0,3,3.3,3,9.0,5,11.3,17,28.4,7,37.3,12,81.0,12,130.4,95
2020-12-02,North West,53,5.5,0,0.0,0,0.0,0,0.0,0,0.0,0,0.0,0,0.2,0,0.0,0,0.4,1,0.2,0,0.4,1,1.0,0,2.4,2,2.4,2,8.2,7,10.7,8,28.4,10,33.6,10,73.8,12,125.7,111
2020-12-03,North West,68,5.5999999999999996447,0,0.0,0,0.0,0,0.0,0,0.0,0,0.0,0,0.2,0,0.0,0,0.4,0,0.2,0,0.4,1,1.0,1,2.6,3,2.6,6,8.7,4,10.2,12,29.2,15,34.1,10,72.9,16,136.8,42
2020-12-04,North West,65,5.7000000000000001776,0,0.0,0,0.0,0,0.0,0,0.0,0,0.0,0,0.2,0,0.0,0,0.0,1,0.5,1,0.4,1,1.2,1,2.0,0,2.4,3,7.9,9,11.3,11,29.9,12,37.8,14,71.1,12,132.0,63
2020-12-05,North West,52,5.5999999999999996447,0,0.0,0,0.0,0,0.0,0,0.0,0,0.0,0,0.0,0,0.0,0,0.0,0,0.5,1,0.4,0,1.2,1,2.2,4,2.9,5,8.2,6,11.3,3,27.3,12,39.9,9,70.2,11,128.8,58
2020-12-06,North West,49,5.5,0,0.0,0,0.0,0,0.0,0,0.0,0,0.0,0,0.0,0,0.0,0,0.0,1,0.7000000000000001,0,0.4,3,1.7000000000000002,1,2.0,2,3.3,8,8.7,3,10.7,9,26.9,5,39.4,7,64.8,10,124.1,35
2020-12-07,North West,55,5.5,0,0.0,0,0.0,0,0.0,0,0.0,0,0.0,0,0.0,0,0.0,1,0.2,0,0.7000000000000001,0,0.4,0,1.4,1,1.0,2,3.8,1,7.4,8,11.3,7,25.7,15,39.9,13,67.5,7,127.2,14
2020-12-08,North West,62,5.5,0,0.0,0,0.0,0,0.0,0,0.0,0,0.0,0,0.0,0,0.0,0,0.2,0,0.7000000000000001,1,0.6000000000000001,1,1.4,1,1.2,1,3.3,6,8.2,6,11.5,11,23.4,7,39.9,12,67.5,16,133.6,107
2020-12-09,North West,60,5.5999999999999996447,0,0.0,0,0.0,0,0.0,0,0.0,0,0.0,0,0.0,0,0.0,0,0.2,1,0.7000000000000001,1,0.8,1,1.4,4,2.0,2,3.3,3,8.5,6,11.3,14,25.7,10,39.9,11,68.4,7,125.7,68
2020-12-10,North West,53,5.4000000000000003553,0,0.0,0,0.0,0,0.0,0,0.0,0,0.0,0,0.0,0,0.0,0,0.2,0,0.7000000000000001,1,1.0,1,1.4,3,2.4,3,3.3,6,8.5,7,12.1,9,24.6,11,37.8,5,63.9,7,111.3,77
2020-12-11,North West,47,5.0999999999999996447,0,0.0,0,0.0,0,0.0,0,0.0,0,0.0,0,0.0,0,0.0,0,0.2,0,0.5,1,1.0,1,1.4,0,2.2,1,3.6,4,8.7,2,10.2,6,22.7,9,36.2,10,60.3,13,112.9,57
2020-12-12,North West,62,5.2999999999999998224,0,0.0,0,0.0,0,0.0,0,0.0,0,0.0,0,0.0,0,0.0,0,0.2,1,0.7000000000000001,0,0.8,1,1.6,0,2.0,3,3.3,2,7.9,9,11.0,11,25.7,6,33.1,18,68.4,11,112.9,63
2020-12-13,North West,49,5.2999999999999998224,0,0.0,0,0.0,0,0.0,0,0.0,0,0.0,0,0.0,0,0.0,0,0.2,0,0.5,0,0.8,0,1.0,0,1.8,1,3.1,6,7.4,4,11.3,5,24.2,9,35.2,13,73.8,11,114.5,13
2020-12-14,North West,59,5.2999999999999998224,0,0.0,0,0.0,0,0.0,0,0.0,0,0.0,0,0.0,0,0.0,0,0.0,0,0.5,1,1.0,0,1.0,3,2.2,3,3.3,5,8.5,6,10.7,9,25.0,8,31.5,12,72.9,12,122.5,28
2020-12-15,North West,46,5.0999999999999996447,0,0.0,0,0.0,0,0.0,0,0.0,0,0.0,0,0.0,0,0.0,0,0.0,0,0.5,0,0.8,0,0.8,1,2.2,2,3.6,5,8.2,6,10.7,4,22.3,13,34.7,9,70.2,6,106.6,64
2020-12-16,North West,48,5,0,0.0,0,0.0,0,0.0,0,0.0,0,0.0,0,0.0,0,0.0,0,0.0,0,0.2,0,0.6000000000000001,0,0.6000000000000001,5,2.4,0,3.1,3,8.2,2,9.7,5,18.8,16,37.8,10,69.3,7,106.6,64
2020-12-17,North West,36,4.7000000000000001776,0,0.0,0,0.0,0,0.0,0,0.0,0,0.0,0,0.0,0,0.0,0,0.0,0,0.2,0,0.4,2,0.8,0,1.8,1,2.6,2,7.1,6,9.4,6,17.7,7,35.7,5,69.3,7,106.6,52
2020-12-18,North West,52,4.7999999999999998224,0,0.0,0,0.0,0,0.0,0,0.0,0,0.0,0,0.0,0,0.0,0,0.0,0,0.2,1,0.4,1,0.8,1,2.0,2,2.9,2,6.6,6,10.5,5,17.3,11,36.8,13,72.0,10,101.8,59
2020-12-19,North West,52,4.7000000000000001776,0,0.0,0,0.0,0,0.0,0,0.0,0,0.0,0,0.0,0,0.0,0,0.0,1,0.2,0,0.4,1,0.8,2,2.4,2,2.6,5,7.4,7,9.9,7,15.7,5,36.2,8,63.0,14,106.6,31
2020-12-20,North West,46,4.5999999999999996447,0,0.0,0,0.0,0,0.0,0,0.0,0,0.0,0,0.0,0,0.0,0,0.0,1,0.5,1,0.6000000000000001,1,1.0,0,2.4,3,3.1,1,6.1,5,10.2,5,15.7,4,33.6,9,59.4,16,114.5,38
2020-12-21,North West,55,4.5999999999999996447,0,0.0,0,0.0,0,0.0,0,0.0,0,0.0,0,0.0,0,0.0,0,0.0,0,0.5,0,0.4,0,1.0,1,2.0,1,2.6,8,6.9,1,8.9,10,16.1,11,35.2,11,58.5,12,114.5,29
2020-12-22,North West,52,4.5999999999999996447,0,0.0,0,0.0,0,0.0,0,0.0,0,0.0,1,0.2,0,0.0,1,0.2,0,0.5,1,0.6000000000000001,0,1.0,2,2.2,1,2.4,3,6.4,5,8.6,6,16.9,12,34.7,11,60.3,9,119.3,89
2020-12-23,North West,58,4.7999999999999998224,0,0.0,0,0.0,0,0.0,0,0.0,0,0.0,0,0.2,0,0.0,1,0.4,1,0.7000000000000001,0,0.6000000000000001,1,1.2,1,1.4,1,2.6,4,6.6,5,9.4,10,18.8,12,32.6,15,64.8,7,119.3,83
2020-12-24,North West,68,5.2000000000000001776,0,0.0,0,0.0,0,0.0,0,0.0,0,0.0,0,0.2,0,0.0,0,0.4,0,0.7000000000000001,0,0.6000000000000001,2,1.2,4,2.2,3,3.1,4,7.1,5,9.1,7,19.2,12,35.2,15,73.8,16,133.6,47
2020-12-25,North West,61,5.2999999999999998224,0,0.0,0,0.0,0,0.0,0,0.0,0,0.0,0,0.2,0,0.0,0,0.4,0,0.7000000000000001,0,0.4,2,1.4,2,2.4,3,3.3,4,7.7,9,9.9,9,20.7,14,36.8,10,71.1,8,130.4,71
2020-12-26,North West,60,5.4000000000000003553,0,0.0,0,0.0,0,0.0,0,0.0,0,0.0,0,0.2,0,0.0,1,0.6000000000000001,0,0.5,1,0.6000000000000001,2,1.6,3,2.6,1,3.1,6,7.9,2,8.6,11,22.3,14,41.5,11,73.8,8,120.9,6
2020-12-27,North West,52,5.5,0,0.0,0,0.0,0,0.0,0,0.0,0,0.0,0,0.2,0,0.0,0,0.6000000000000001,0,0.2,0,0.4,0,1.4,0,2.6,0,2.4,5,9.0,9,9.7,11,24.6,14,46.8,4,69.3,9,109.7,23
2020-12-28,North West,76,5.7999999999999998224,0,0.0,0,0.0,0,0.0,0,0.0,0,0.0,0,0.2,0,0.0,0,0.6000000000000001,1,0.5,0,0.4,2,1.7000000000000002,2,2.8,3,2.9,0,6.9,12,12.6,13,25.7,15,48.9,12,70.2,16,116.1,30
2020-12-29,North West,64,6,0,0.0,0,0.0,0,0.0,0,0.0,0,0.0,0,0.0,0,0.0,0,0.4,0,0.5,0,0.2,1,1.9,0,2.4,1,2.9,3,6.9,8,13.4,6,25.7,12,48.9,23,81.0,10,117.7,45
2020-12-30,North West,56,6,0,0.0,0,0.0,0,0.0,0,0.0,0,0.0,0,0.0,0,0.0,0,0.2,0,0.2,2,0.6000000000000001,1,1.9,2,2.6,2,3.1,8,7.9,5,13.4,9,25.3,10,47.8,10,76.5,7,117.7,149
2020-12-31,North West,73,6,0,0.0,0,0.0,0,0.0,0,0.0,0,0.0,0,0.0,0,0.0,1,0.4,1,0.5,1,0.8,1,1.7000000000000002,2,2.2,2,2.9,7,8.7,3,12.9,20,30.3,10,46.8,15,76.5,10,108.2,91
2021-01-01,North West,56,6,0,0.0,0,0.0,0,0.0,0,0.0,0,0.0,0,0.0,1,0.2,0,0.4,0,0.5,1,1.0,1,1.6,5,2.8,0,2.1,5,9.0,9,12.9,3,28.0,7,43.1,11,77.4,13,116.1,55
2021-01-02,North West,59,5.9000000000000003553,0,0.0,0,0.0,0,0.0,0,0.0,0,0.0,0,0.0,0,0.2,0,0.2,0,0.5,1,1.0,1,1.4,3,2.8,3,2.6,3,8.2,8,14.5,11,28.0,11,41.5,9,75.6,9,117.7,20
2021-01-03,North West,67,6.0999999999999996447,0,0.0,0,0.0,0,0.0,0,0.0,0,0.0,0,0.0,1,0.4,0,0.2,0,0.5,1,1.3,3,1.9,1,3.0,1,2.9,8,9.0,6,13.7,11,28.0,14,41.5,13,83.7,8,116.1,35
2021-01-04,North West,64,6,0,0.0,0,0.0,0,0.0,0,0.0,0,0.0,0,0.0,0,0.4,0,0.2,0,0.2,0,1.3,1,1.7000000000000002,2,3.0,4,3.1,5,10.3,6,12.1,12,27.6,11,39.4,13,84.6,10,106.6,35
2021-01-05,North West,78,6.2000000000000001776,0,0.0,0,0.0,0,0.0,0,0.0,0,0.0,0,0.0,0,0.4,1,0.4,0,0.2,1,1.5,1,1.7000000000000002,4,3.8,0,2.9,6,11.1,11,12.9,9,28.8,16,41.5,13,75.6,16,116.1,104
2021-01-06,North West,98,6.7000000000000001776,0,0.0,0,0.0,0,0.0,0,0.0,0,0.0,0,0.0,1,0.6000000000000001,0,0.4,1,0.5,0,1.0,2,1.9,4,4.3,3,3.1,8,11.1,9,14.0,16,31.5,18,45.7,25,89.1,11,122.5,81
2021-01-07,North West,86,6.9000000000000003553,0,0.0,0,0.0,0,0.0,0,0.0,0,0.0,0,0.0,0,0.6000000000000001,2,0.6000000000000001,1,0.5,0,0.8,2,2.1,4,4.7,3,3.3,6,10.9,9,15.6,8,26.9,21,51.5,13,87.3,17,133.6,97
2021-01-08,North West,92,7.4000000000000003553,0,0.0,0,0.0,0,0.0,0,0.0,0,0.0,0,0.0,0,0.4,1,0.9,1,0.7000000000000001,0,0.6000000000000001,0,1.9,4,4.5,2,3.8,9,11.9,6,14.8,12,30.3,18,57.3,14,90.0,25,152.7,98
2021-01-09,North West,99,8,0,0.0,0,0.0,0,0.0,0,0.0,0,0.0,0,0.0,0,0.4,3,1.5,1,1.0,3,1.0,1,1.9,2,4.3,4,4.1,11,14.0,13,16.1,12,30.7,19,61.5,16,96.3,14,160.6,97
2021-01-10,North West,97,8.4000000000000003553,0,0.0,0,0.0,0,0.0,0,0.0,0,0.0,0,0.0,0,0.2,0,1.5,1,1.2,1,1.0,1,1.6,8,5.7,1,4.1,9,14.3,7,16.4,14,31.9,22,65.7,15,98.1,18,176.6,36
2021-01-11,North West,105,8.9000000000000003553,0,0.0,0,0.0,0,0.0,0,0.0,0,0.0,0,0.0,0,0.2,0,1.5,0,1.2,4,1.9,1,1.6,4,6.1,4,4.1,12,16.1,14,18.5,15,33.0,10,65.1,24,108.0,17,187.7,23
2021-01-12,North West,92,9.0999999999999996447,0,0.0,0,0.0,0,0.0,0,0.0,0,0.0,0,0.0,0,0.2,1,1.5,0,1.2,1,1.9,1,1.6,5,6.3,2,4.5,6,16.1,14,19.3,11,33.8,15,64.6,17,111.6,19,192.5,133
2021-01-13,North West,125,9.5,0,0.0,0,0.0,0,0.0,0,0.0,0,0.0,0,0.0,0,0.0,0,1.5,2,1.4,1,2.1,1,1.4,8,7.1,4,4.8,8,16.1,14,20.7,5,29.6,26,68.8,26,112.5,30,222.7,155
2021-01-14,North West,117,9.9000000000000003553,0,0.0,0,0.0,0,0.0,0,0.0,0,0.0,0,0.0,0,0.0,0,1.1,1,1.4,2,2.5,2,1.4,3,6.9,6,5.5,11,17.5,13,21.7,22,34.9,15,65.7,18,116.9,24,233.8,113
2021-01-15,North West,114,10.199999999999999289,0,0.0,0,0.0,0,0.0,0,0.0,0,0.0,0,0.0,0,0.0,0,0.9,0,1.2,1,2.7,4,2.1,4,6.9,5,6.2,10,17.7,10,22.8,17,36.9,23,68.3,14,116.9,26,235.4,111
2021-01-16,North West,112,10.400000000000000355,0,0.0,0,0.0,0,0.0,0,0.0,0,0.0,0,0.0,0,0.0,0,0.2,0,1.0,3,2.7,1,2.1,2,6.9,3,6.0,11,17.7,16,23.6,16,38.4,22,69.9,15,116.0,23,249.7,130
2021-01-17,North West,122,10.699999999999999289,0,0.0,0,0.0,0,0.0,0,0.0,0,0.0,0,0.0,0,0.0,0,0.2,1,1.0,2,2.9,1,2.1,4,6.1,8,7.6,17,19.9,11,24.7,14,38.4,17,67.2,23,123.2,24,259.3,47
2021-01-18,North West,128,11,0,0.0,0,0.0,0,0.0,0,0.0,0,0.0,0,0.0,0,0.0,0,0.2,0,1.0,0,2.1,2,2.3,4,6.1,4,7.6,14,20.4,8,23.1,16,38.8,26,75.6,30,128.6,24,270.4,51
2021-01-19,North West,145,11.800000000000000711,0,0.0,0,0.0,0,0.0,0,0.0,1,0.2,0,0.0,0,0.0,0,0.0,0,1.0,2,2.3,1,2.3,2,5.5,2,7.6,8,20.9,21,25.0,19,41.9,30,83.5,25,135.8,34,294.3,155
2021-01-20,North West,139,11.900000000000000355,0,0.0,0,0.0,0,0.0,0,0.0,0,0.2,1,0.2,0,0.0,1,0.2,0,0.5,2,2.5,1,2.3,9,5.7,7,8.3,12,22.0,12,24.4,28,50.7,24,82.5,21,131.3,21,279.9,197
2021-01-21,North West,120,12,0,0.0,0,0.0,0,0.0,0,0.0,0,0.2,0,0.2,0,0.0,0,0.2,2,0.7000000000000001,1,2.3,3,2.5,3,5.7,1,7.1,17,23.6,12,24.2,18,49.1,14,81.9,23,135.8,26,283.1,129
2021-01-22,North West,135,12.300000000000000711,0,0.0,0,0.0,0,0.0,0,0.0,0,0.2,1,0.4,0,0.0,2,0.6000000000000001,0,0.7000000000000001,5,3.1,4,2.5,3,5.5,3,6.7,11,23.8,14,25.2,17,49.1,20,80.4,32,152.0,23,278.3,133
2021-01-23,North West,135,12.599999999999999645,0,0.0,0,0.0,0,0.0,0,0.0,0,0.2,0,0.4,0,0.0,1,0.9,0,0.7000000000000001,2,2.9,5,3.3,5,6.1,10,8.3,6,22.5,16,25.2,14,48.4,21,79.8,30,165.5,25,281.5,133
2021-01-24,North West,127,12.699999999999999289,0,0.0,0,0.0,0,0.0,0,0.0,0,0.2,0,0.4,1,0.2,1,1.1,0,0.5,0,2.5,2,3.5,5,6.3,2,6.9,8,20.1,11,25.2,9,46.5,20,81.4,37,178.1,31,292.7,54
2021-01-25,North West,130,12.699999999999999289,0,0.0,0,0.0,0,0.0,0,0.0,0,0.2,0,0.4,1,0.4,1,1.3,0,0.5,1,2.7,4,3.9,5,6.5,6,7.4,9,18.8,19,28.2,20,48.0,14,75.1,26,174.5,24,292.7,47
2021-01-26,North West,126,12.400000000000000355,0,0.0,0,0.0,0,0.0,0,0.0,0,0.0,0,0.4,0,0.4,0,1.3,3,1.2,0,2.3,4,4.5,7,7.5,2,7.4,10,19.3,13,26.0,16,46.8,25,72.5,21,170.9,25,278.3,197
2021-01-27,North West,137,12.400000000000000355,0,0.0,0,0.0,0,0.0,0,0.0,0,0.0,0,0.2,0,0.4,0,1.1,1,1.4,2,2.3,3,4.9,6,6.9,5,6.9,8,18.3,12,26.0,18,43.0,34,77.7,19,169.1,29,291.1,222
2021-01-28,North West,143,12.699999999999999289,0,0.0,0,0.0,0,0.0,0,0.0,0,0.0,0,0.2,1,0.6000000000000001,1,1.3,1,1.2,1,2.3,2,4.7,3,6.9,3,7.4,14,17.5,12,26.0,26,46.1,26,84.0,22,168.2,31,299.0,139
2021-01-29,North West,133,12.699999999999999289,0,0.0,0,0.0,0,0.0,0,0.0,0,0.0,0,0.0,2,1.0,0,0.9,1,1.4,1,1.5,3,4.5,1,6.5,4,7.6,11,17.5,15,26.3,18,46.5,21,84.6,31,167.3,25,302.2,130
2021-01-30,North West,107,12.300000000000000711,0,0.0,0,0.0,0,0.0,0,0.0,0,0.0,1,0.2,0,1.0,0,0.6000000000000001,0,1.4,2,1.5,3,4.1,4,6.3,5,6.4,3,16.7,11,25.0,16,47.2,17,82.5,22,160.1,23,299.0,154
2021-01-31,North West,118,12.199999999999999289,0,0.0,0,0.0,0,0.0,0,0.0,0,0.0,0,0.2,1,1.0,1,0.6000000000000001,1,1.7000000000000002,3,2.1,3,4.3,3,5.9,5,7.1,7,16.4,12,25.2,15,49.5,24,84.6,21,145.7,22,284.7,68
2021-02-01,North West,120,12,0,0.0,0,0.0,0,0.0,0,0.0,0,0.0,0,0.2,1,1.0,0,0.4,0,1.7000000000000002,2,2.3,1,3.7,2,5.3,5,6.9,14,17.7,15,24.2,15,47.6,24,89.8,21,141.2,20,278.3,27
2021-02-02,North West,110,11.800000000000000711,0,0.0,0,0.0,0,0.0,0,0.0,0,0.0,1,0.4,0,1.0,1,0.6000000000000001,0,1.0,1,2.5,1,3.1,3,4.5,8,8.3,10,17.7,13,24.2,14,46.8,16,85.1,23,143.0,19,268.8,208
2021-02-03,North West,109,11.400000000000000355,0,0.0,0,0.0,0,0.0,0,0.0,0,0.0,0,0.4,0,1.0,0,0.6000000000000001,2,1.2,3,2.7,4,3.3,5,4.3,4,8.1,9,18.0,15,25.0,14,45.3,17,76.2,16,140.3,20,254.5,170
2021-02-04,North West,98,10.800000000000000711,0,0.0,0,0.0,0,0.0,0,0.0,0,0.0,0,0.4,0,0.8,0,0.4,1,1.2,1,2.7,2,3.3,6,4.9,3,8.1,7,16.1,8,23.9,15,41.1,17,71.4,13,132.2,25,244.9,120
2021-02-05,North West,100,10.400000000000000355,0,0.0,0,0.0,0,0.0,0,0.0,0,0.0,0,0.4,0,0.4,1,0.6000000000000001,2,1.4,1,2.7,2,3.1,1,4.9,4,8.1,10,15.9,7,21.7,14,39.5,17,69.3,25,126.8,16,230.6,131
2021-02-06,North West,71,9.9000000000000003553,0,0.0,0,0.0,0,0.0,0,0.0,0,0.0,0,0.2,0,0.4,0,0.6000000000000001,0,1.4,2,2.7,3,3.1,1,4.3,5,8.1,3,15.9,13,22.3,5,35.3,9,65.1,17,122.3,13,214.7,100
2021-02-07,North West,76,9.3000000000000007105,0,0.0,0,0.0,0,0.0,0,0.0,0,0.0,0,0.2,1,0.4,0,0.4,1,1.4,1,2.3,2,2.9,2,4.1,4,7.9,8,16.1,8,21.2,11,33.8,16,60.9,12,114.3,10,195.6,33
2021-02-08,North West,93,8.9000000000000003553,0,0.0,0,0.0,0,0.0,0,0.0,0,0.0,0,0.2,0,0.2,0,0.4,0,1.4,1,2.1,5,3.7,2,4.1,2,7.1,10,15.1,11,20.1,11,32.3,18,57.8,19,112.5,14,186.1,32
2021-02-09,North West,78,8.5,0,0.0,0,0.0,0,0.0,0,0.0,0,0.0,0,0.0,0,0.2,0,0.2,0,1.4,2,2.3,4,4.3,2,3.8,4,6.2,5,13.8,9,19.1,8,29.9,21,60.4,12,102.6,11,173.4,159
2021-02-10,North West,97,8.4000000000000003553,0,0.0,0,0.0,0,0.0,0,0.0,0,0.0,0,0.0,0,0.2,0,0.2,0,1.0,0,1.7000000000000002,1,3.7,4,3.6,5,6.4,9,13.8,16,19.3,17,31.1,13,58.3,11,98.1,21,175.0,136
2021-02-11,North West,86,8.1999999999999992895,0,0.0,0,0.0,0,0.0,0,0.0,0,0.0,0,0.0,0,0.2,0,0.2,0,0.7000000000000001,2,1.9,3,3.9,5,3.4,6,7.1,7,13.8,4,18.3,8,28.4,14,56.7,19,103.5,18,163.8,75
2021-02-12,North West,81,7.9000000000000003553,0,0.0,0,0.0,0,0.0,0,0.0,1,0.2,0,0.0,0,0.2,1,0.2,0,0.2,0,1.7000000000000002,0,3.5,2,3.6,3,6.9,12,14.3,9,18.8,12,27.6,16,56.2,11,90.9,14,160.6,95
2021-02-13,North West,78,8,0,0.0,0,0.0,0,0.0,0,0.0,0,0.2,0,0.0,1,0.4,0,0.2,0,0.2,2,1.7000000000000002,0,2.9,4,4.3,4,6.7,7,15.4,11,18.3,12,30.3,13,58.3,9,83.7,15,163.8,90
2021-02-14,North West,74,8,0,0.0,0,0.0,0,0.0,0,0.0,0,0.2,0,0.0,0,0.2,0,0.2,1,0.2,0,1.5,2,2.9,3,4.5,4,6.7,5,14.6,9,18.5,13,31.1,15,57.8,10,81.9,12,167.0,25
2021-02-15,North West,58,7.5,0,0.0,0,0.0,1,0.2,0,0.0,0,0.2,0,0.0,0,0.2,0,0.2,0,0.2,0,1.3,2,2.3,1,4.3,4,7.1,10,14.6,5,16.9,6,29.2,12,54.6,9,72.9,8,157.5,0
2021-02-16,North West,68,7.4000000000000003553,0,0.0,0,0.0,0,0.2,0,0.0,1,0.4,0,0.0,1,0.4,0,0.2,0,0.2,1,1.0,0,1.6,4,4.7,3,6.9,5,14.6,9,16.9,11,30.3,10,48.9,10,71.1,13,160.6,203
2021-02-17,North West,67,7,0,0.0,0,0.0,0,0.2,0,0.0,0,0.4,0,0.0,0,0.4,0,0.2,1,0.5,0,1.0,1,1.6,4,4.7,4,6.7,10,14.8,13,16.1,4,25.3,12,48.3,12,72.0,6,136.8,89
2021-02-18,North West,64,6.7000000000000001776,0,0.0,0,0.0,0,0.2,0,0.0,0,0.4,0,0.0,0,0.4,0,0.2,0,0.5,3,1.3,1,1.2,2,4.1,7,6.9,7,14.8,6,16.6,10,26.1,9,45.7,8,62.1,11,125.7,63
2021-02-19,North West,46,6.2000000000000001776,0,0.0,0,0.0,0,0.2,0,0.0,0,0.2,1,0.2,0,0.4,0,0.0,0,0.5,2,1.7000000000000002,2,1.6,3,4.3,1,6.4,3,12.4,5,15.6,10,25.3,5,39.9,7,58.5,7,114.5,79
2021-02-20,North West,40,5.7000000000000001776,0,0.0,0,0.0,0,0.2,0,0.0,0,0.2,0,0.2,0,0.2,0,0.0,0,0.5,1,1.5,3,2.1,1,3.6,1,5.7,5,11.9,3,13.4,8,23.8,4,35.2,7,56.7,7,101.8,67
2021-02-21,North West,41,5.2000000000000001776,0,0.0,0,0.0,0,0.2,0,0.0,0,0.2,0,0.2,0,0.2,1,0.2,0,0.2,0,1.5,1,1.9,6,4.3,2,5.2,3,11.4,4,12.1,6,21.1,7,31.0,3,50.4,8,95.4,19
2021-02-22,North West,43,5,0,0.0,0,0.0,0,0.0,0,0.0,0,0.2,0,0.2,0,0.2,0,0.2,0,0.2,1,1.7000000000000002,0,1.6,2,4.5,3,5.0,4,9.8,4,11.8,9,22.3,5,27.3,10,51.3,5,90.7,18
2021-02-23,North West,42,4.7000000000000001776,0,0.0,0,0.0,0,0.0,0,0.0,0,0.0,0,0.2,0,0.0,0,0.2,0,0.2,0,1.5,4,2.3,4,4.5,4,5.2,3,9.3,5,10.7,6,20.3,4,24.2,4,45.9,8,82.7,79
2021-02-24,North West,39,4.2999999999999998224,0,0.0,0,0.0,0,0.0,0,0.0,0,0.0,0,0.2,0,0.0,0,0.2,0,0.0,0,1.5,0,2.1,1,3.8,0,4.3,4,7.7,7,9.1,6,21.1,10,23.1,7,41.4,4,79.5,68
2021-02-25,North West,27,3.7999999999999998224,0,0.0,0,0.0,0,0.0,0,0.0,0,0.0,0,0.2,0,0.0,0,0.2,0,0.0,0,0.8,1,2.1,1,3.6,1,2.9,4,6.9,0,7.5,4,18.8,4,20.5,10,43.2,2,65.2,28
2021-02-26,North West,40,3.7000000000000001776,0,0.0,0,0.0,0,0.0,0,0.0,0,0.0,0,0.0,0,0.0,1,0.4,2,0.5,0,0.4,2,2.1,3,3.6,3,3.3,5,7.4,1,6.4,9,18.4,2,18.9,6,42.3,6,63.6,55
2021-02-27,North West,24,3.5,0,0.0,0,0.0,0,0.0,0,0.0,0,0.0,0,0.0,0,0.0,0,0.4,0,0.5,0,0.2,1,1.7000000000000002,5,4.5,1,3.3,5,7.4,2,6.2,3,16.5,4,18.9,1,36.9,2,55.7,0
2021-02-28,North West,39,3.5,0,0.0,0,0.0,0,0.0,0,0.0,0,0.0,0,0.0,0,0.0,0,0.2,0,0.5,2,0.6000000000000001,0,1.6,3,3.8,4,3.8,6,8.2,4,6.2,4,15.7,8,19.4,7,40.5,1,44.5,66
2021-03-01,North West,31,3.2999999999999998224,0,0.0,0,0.0,0,0.0,0,0.0,0,0.0,0,0.0,0,0.0,0,0.2,1,0.7000000000000001,0,0.4,1,1.7000000000000002,1,3.6,2,3.6,9,9.5,4,6.2,1,12.7,1,17.3,4,35.1,7,47.7,10
2021-03-02,North West,20,3,0,0.0,0,0.0,0,0.0,0,0.0,0,0.0,0,0.0,0,0.0,0,0.2,0,0.7000000000000001,1,0.6000000000000001,1,1.2,0,2.8,1,2.9,6,10.3,2,5.4,1,10.8,2,16.3,4,35.1,2,38.2,46
2021-03-03,North West,14,2.7000000000000001776,0,0.0,0,0.0,0,0.0,0,0.0,0,0.0,0,0.0,0,0.0,1,0.4,0,0.7000000000000001,2,1.0,0,1.2,0,2.6,0,2.9,1,9.5,3,4.3,1,8.8,0,11.0,2,30.6,4,38.2,39
2021-03-04,North West,16,2.5,0,0.0,0,0.0,0,0.0,0,0.0,0,0.0,0,0.0,0,0.0,0,0.4,0,0.7000000000000001,0,1.0,1,1.2,2,2.8,0,2.6,0,8.5,2,4.8,2,8.1,3,10.5,4,25.2,2,38.2,27
2021-03-05,North West,33,2.3999999999999999112,0,0.0,0,0.0,0,0.0,0,0.0,0,0.0,0,0.0,0,0.0,0,0.2,0,0.2,0,1.0,2,1.2,1,2.4,0,1.9,3,7.9,7,6.4,4,6.1,5,12.1,4,23.4,7,39.8,31
2021-03-06,North West,23,2.3999999999999999112,0,0.0,0,0.0,1,0.2,0,0.0,0,0.0,0,0.0,0,0.0,0,0.2,0,0.2,1,1.3,0,1.0,0,1.4,1,1.9,1,6.9,1,6.2,6,7.3,6,13.1,1,23.4,5,44.5,23
2021-03-07,North West,23,2.2000000000000001776,0,0.0,0,0.0,0,0.2,0,0.0,0,0.0,0,0.0,0,0.0,0,0.2,2,0.7000000000000001,1,1.0,2,1.4,0,0.8,0,1.0,2,5.8,5,6.4,2,6.5,5,11.6,1,18.0,3,47.7,4
2021-03-08,North West,17,2,0,0.0,0,0.0,0,0.2,0,0.0,0,0.0,0,0.0,0,0.0,0,0.2,0,0.5,0,1.0,2,1.6,3,1.2,3,1.2,0,3.4,3,6.2,1,6.5,2,12.1,1,15.3,2,39.8,7
2021-03-09,North West,16,1.8999999999999999112,0,0.0,0,0.0,0,0.2,0,0.0,0,0.0,0,0.0,0,0.0,0,0.2,0,0.5,0,0.8,0,1.4,1,1.4,1,1.2,1,2.1,4,6.7,1,6.5,1,11.6,5,16.2,2,39.8,48
2021-03-10,North West,14,1.8999999999999999112,0,0.0,0,0.0,0,0.2,0,0.0,0,0.0,0,0.0,0,0.0,0,0.0,0,0.5,0,0.4,0,1.4,2,1.8,1,1.4,2,2.4,1,6.2,0,6.1,3,13.1,3,17.1,2,36.6,20
2021-03-11,North West,14,1.8999999999999999112,0,0.0,0,0.0,0,0.2,0,0.0,0,0.0,0,0.0,0,0.0,0,0.0,0,0.5,0,0.4,0,1.2,1,1.6,0,1.4,0,2.4,0,5.6,5,7.3,5,14.2,2,15.3,1,35.0,22
2021-03-12,North West,10,1.6000000000000000888,0,0.0,0,0.0,0,0.2,0,0.0,0,0.0,0,0.0,0,0.0,0,0.0,0,0.5,0,0.4,0,0.8,2,1.8,1,1.7000000000000002,1,1.9,1,4.0,1,6.1,1,12.1,2,13.5,1,25.4,29
2021-03-13,North West,13,1.5,0,0.0,0,0.0,0,0.0,0,0.0,0,0.0,0,0.0,0,0.0,0,0.0,0,0.5,0,0.2,1,1.0,1,2.0,0,1.4,1,1.9,2,4.3,1,4.2,3,10.5,1,13.5,3,22.3,18
2021-03-14,North West,20,1.3999999999999999112,0,0.0,0,0.0,0,0.0,0,0.0,0,0.0,0,0.0,0,0.0,1,0.2,0,0.0,0,0.0,1,0.8,2,2.4,0,1.4,4,2.4,4,4.0,2,4.2,3,9.5,3,15.3,0,17.5,1
2021-03-15,North West,15,1.3999999999999999112,0,0.0,0,0.0,0,0.0,0,0.0,0,0.0,0,0.0,0,0.0,0,0.2,0,0.0,0,0.0,2,0.8,1,2.0,2,1.2,0,2.4,3,4.0,3,5.0,1,8.9,2,16.2,1,15.9,3
2021-03-16,North West,11,1.3000000000000000444,0,0.0,0,0.0,0,0.0,0,0.0,0,0.0,0,0.0,0,0.0,0,0.2,0,0.0,0,0.0,0,0.8,0,1.8,0,1.0,1,2.4,0,3.0,2,5.4,3,10.0,4,15.3,1,14.3,28
2021-03-17,North West,10,1.3000000000000000444,0,0.0,0,0.0,0,0.0,0,0.0,0,0.0,0,0.0,0,0.0,0,0.2,0,0.0,0,0.0,0,0.8,1,1.6,0,0.7000000000000001,4,2.9,0,2.7,1,5.8,0,8.4,1,13.5,3,15.9,20
2021-03-18,North West,6,1.1999999999999999556,0,0.0,0,0.0,0,0.0,0,0.0,0,0.0,0,0.0,0,0.0,0,0.2,0,0.0,1,0.2,0,0.8,0,1.4,2,1.2,0,2.9,0,2.7,0,3.8,0,5.8,1,12.6,2,17.5,17
2021-03-19,North West,12,1.1999999999999999556,0,0.0,0,0.0,0,0.0,0,0.0,0,0.0,0,0.0,0,0.0,0,0.2,0,0.0,0,0.2,0,0.8,0,1.0,0,1.0,1,2.9,2,3.0,0,3.5,3,6.8,2,12.6,4,22.3,18
2021-03-20,North West,12,1.1999999999999999556,0,0.0,0,0.0,0,0.0,0,0.0,0,0.0,0,0.0,0,0.0,0,0.2,0,0.0,0,0.2,2,1.0,1,1.0,0,1.0,3,3.4,2,3.0,2,3.8,0,5.3,1,12.6,1,19.1,8
2021-03-21,North West,11,1,0,0.0,0,0.0,0,0.0,0,0.0,0,0.0,0,0.0,0,0.0,0,0.0,0,0.0,0,0.2,0,0.8,1,0.8,1,1.2,1,2.6,0,1.9,0,3.1,2,4.7,4,13.5,2,22.3,5
2021-03-22,North West,7,0.9000000000000000222,0,0.0,0,0.0,0,0.0,0,0.0,0,0.0,0,0.0,0,0.0,0,0.0,0,0.0,0,0.2,0,0.4,1,0.8,1,1.0,1,2.9,0,1.1,0,1.9,0,4.2,1,12.6,3,25.4,0
2021-03-23,North West,14,1,0,0.0,0,0.0,0,0.0,0,0.0,0,0.0,0,0.0,0,0.0,0,0.0,1,0.2,0,0.2,0,0.4,0,0.8,0,1.0,1,2.9,4,2.1,2,1.9,0,2.6,3,11.7,3,28.6,24
2021-03-24,North West,6,0.9000000000000000222,0,0.0,0,0.0,0,0.0,0,0.0,0,0.0,0,0.0,0,0.0,0,0.0,0,0.2,0,0.2,0,0.4,0,0.6000000000000001,0,1.0,0,1.9,0,2.1,3,2.7,1,3.2,1,11.7,1,25.4,15
2021-03-25,North West,12,1,0,0.0,0,0.0,0,0.0,0,0.0,0,0.0,0,0.0,0,0.0,0,0.0,0,0.2,0,0.0,1,0.6000000000000001,1,0.8,1,0.7000000000000001,2,2.4,1,2.4,2,3.5,2,4.2,0,10.8,2,25.4,11
2021-03-26,North West,3,0.9000000000000000222,0,0.0,0,0.0,0,0.0,0,0.0,0,0.0,0,0.0,0,0.0,0,0.0,0,0.2,0,0.0,0,0.6000000000000001,0,0.8,0,0.7000000000000001,0,2.1,0,1.9,1,3.8,0,2.6,1,9.9,1,20.7,12
2021-03-27,North West,3,0.80000000000000004441,0,0.0,0,0.0,0,0.0,0,0.0,0,0.0,0,0.0,0,0.0,0,0.0,0,0.2,0,0.0,0,0.2,0,0.6000000000000001,0,0.7000000000000001,0,1.3,1,1.6,0,3.1,1,3.2,0,9.0,1,20.7,8
2021-03-28,North West,6,0.70000000000000006661,0,0.0,0,0.0,0,0.0,0,0.0,0,0.0,0,0.0,0,0.0,0,0.0,0,0.2,0,0.0,1,0.4,1,0.6000000000000001,0,0.5,0,1.1,0,1.6,0,3.1,1,2.6,2,7.2,1,19.1,7
2021-03-29,North West,4,0.70000000000000006661,0,0.0,0,0.0,0,0.0,0,0.0,0,0.0,0,0.0,0,0.0,0,0.0,0,0.2,1,0.2,0,0.4,0,0.4,0,0.2,0,0.8,0,1.6,1,3.5,2,3.7,0,6.3,0,14.3,2
2021-03-30,North West,6,0.5,0,0.0,0,0.0,0,0.0,0,0.0,0,0.0,0,0.0,0,0.0,0,0.0,0,0.0,0,0.2,0,0.4,0,0.4,0,0.2,0,0.5,0,0.5,0,2.7,1,4.2,2,5.4,3,14.3,6
2021-03-31,North West,4,0.5,0,0.0,0,0.0,0,0.0,0,0.0,0,0.0,0,0.0,0,0.0,0,0.0,0,0.0,0,0.2,0,0.4,1,0.6000000000000001,1,0.5,0,0.5,0,0.5,0,1.5,0,3.7,1,5.4,1,14.3,6
2021-04-01,North West,7,0.4000000000000000222,0,0.0,0,0.0,0,0.0,0,0.0,0,0.0,0,0.0,1,0.2,0,0.0,0,0.0,0,0.2,1,0.4,0,0.4,1,0.5,1,0.30000000000000004,1,0.5,0,0.8,0,2.6,1,6.3,1,12.7,4
2021-04-02,North West,1,0.4000000000000000222,0,0.0,0,0.0,0,0.0,0,0.0,0,0.0,0,0.0,0,0.2,0,0.0,0,0.0,0,0.2,0,0.4,0,0.4,0,0.5,0,0.30000000000000004,0,0.5,0,0.4,0,2.6,1,6.3,0,11.1,10
2021-04-03,North West,1,,,,,,,,,,,,,,,,,,,,,,,,,,,,,,,,,,,,,,,,3
2021-04-04,North West,1,,,,,,,,,,,,,,,,,,,,,,,,,,,,,,,,,,,,,,,,0
2021-04-05,North West,0,,,,,,,,,,,,,,,,,,,,,,,,,,,,,,,,,,,,,,,,0
2021-04-06,North West,1,,,,,,,,,,,,,,,,,,,,,,,,,,,,,,,,,,,,,,,,4
2021-04-07,North West,,,,,,,,,,,,,,,,,,,,,,,,,,,,,,,,,,,,,,,,,7
