date,areaName,deaths_00_04,rollingRate_00_04,rollingSum_00_04,deaths_10_14,rollingRate_10_14,rollingSum_10_14,deaths_15_19,rollingRate_15_19,rollingSum_15_19,deaths_20_24,rollingRate_20_24,rollingSum_20_24,deaths_25_29,rollingRate_25_29,rollingSum_25_29,deaths_30_34,rollingRate_30_34,rollingSum_30_34,deaths_35_39,rollingRate_35_39,rollingSum_35_39,deaths_40_44,rollingRate_40_44,rollingSum_40_44,deaths_45_49,rollingRate_45_49,rollingSum_45_49,deaths_50_54,rollingRate_50_54,rollingSum_50_54,deaths_55_59,rollingRate_55_59,rollingSum_55_59,deaths_05_09,rollingRate_05_09,rollingSum_05_09,deaths_60_64,rollingRate_60_64,rollingSum_60_64,deaths_65_69,rollingRate_65_69,rollingSum_65_69,deaths_70_74,rollingRate_70_74,rollingSum_70_74,deaths_75_79,rollingRate_75_79,rollingSum_75_79,deaths_80_84,rollingRate_80_84,rollingSum_80_84,deaths_85_89,rollingRate_85_89,rollingSum_85_89,deaths_90+,rollingRate_90+,rollingSum_90+,deaths_60+,rollingRate_60+,rollingSum_60+,deaths_00_59,rollingRate_00_59,rollingSum_00_59
2020-12-29,West Midlands,0,0.30000000000000004,1,0,0.0,0,0,0.0,0,0,0.0,0,0,0.0,0,0,0.30000000000000004,1,0,0.30000000000000004,1,0,0.30000000000000004,1,0,1.3,5,1,1.0,4,0,1.1,4,0,0.0,0,1,2.8,9,2,6.8,20,3,10.3,30,5,21.3,46,8,38.3,60,13,78.3,73,15,157.6,84,47,22.6,322,1,0.4,17
2020-12-28,West Midlands,0,0.30000000000000004,1,0,0.0,0,0,0.0,0,0,0.0,0,0,0.0,0,1,0.30000000000000004,1,1,0.30000000000000004,1,0,0.30000000000000004,1,1,1.8,7,0,0.7000000000000001,3,2,1.6,6,0,0.0,0,0,2.5,8,3,7.4,22,4,10.6,31,7,22.7,49,8,40.9,64,7,74.0,69,9,153.9,82,38,22.8,325,5,0.4,20
2020-12-27,West Midlands,0,0.8,3,0,0.0,0,0,0.0,0,0,0.0,0,0,0.0,0,0,0.0,0,0,0.0,0,0,0.9,3,1,1.8,7,1,0.7000000000000001,3,1,1.8,7,0,0.0,0,1,2.8,9,6,7.1,21,1,12.7,37,9,23.2,50,6,40.3,63,8,76.1,71,14,153.9,82,45,23.3,333,3,0.5,23
2020-12-26,West Midlands,1,1.1,4,0,0.0,0,0,0.0,0,0,0.0,0,0,0.0,0,0,0.0,0,0,0.0,0,1,1.2,4,0,1.6,6,2,0.7000000000000001,3,0,1.8,7,0,0.0,0,2,2.8,9,2,6.1,18,9,14.8,43,6,22.7,49,7,40.3,63,8,79.4,74,14,142.6,76,48,23.3,332,4,0.5,24
2020-12-25,West Midlands,0,1.1,4,0,0.0,0,0,0.0,0,0,0.0,0,0,0.0,0,0,0.0,0,0,0.0,0,0,1.2,4,0,1.8,7,0,0.5,2,0,2.1,8,0,0.0,0,0,3.1,10,4,6.1,18,6,12.7,37,4,21.8,47,13,40.3,63,15,85.8,80,10,131.4,70,52,22.8,325,0,0.6000000000000001,25
2020-12-24,West Midlands,0,1.1,4,0,0.0,0,0,0.0,0,0,0.0,0,0,0.0,0,0,0.0,0,0,0.0,0,0,1.2,4,3,2.1,8,0,1.2,5,0,2.4,9,0,0.0,0,5,3.1,10,2,5.8,17,4,12.4,36,11,23.2,50,10,44.7,70,13,80.4,75,7,129.5,69,52,22.9,327,3,0.7000000000000001,30
2020-12-23,West Midlands,0,1.1,4,0,0.0,0,0,0.0,0,0,0.0,0,0,0.0,0,0,0.0,0,0,0.0,0,0,1.2,4,0,1.3,5,0,1.5,6,1,2.6,10,0,0.0,0,0,1.9,6,1,6.4,19,3,12.7,37,4,21.8,47,8,46.6,73,9,75.1,70,15,142.6,76,40,23.0,328,1,0.6000000000000001,29
2020-12-22,West Midlands,0,1.1,4,0,0.0,0,0,0.0,0,0,0.0,0,0,0.0,0,0,0.0,0,0,0.0,0,0,1.2,4,2,1.6,6,0,1.5,6,2,2.9,11,0,0.0,0,0,2.2,7,4,6.8,20,4,13.1,38,8,23.2,50,12,46.6,73,9,75.1,70,13,138.9,74,50,23.3,332,4,0.7000000000000001,31
2020-12-21,West Midlands,2,1.1,4,0,0.0,0,0,0.0,0,0,0.0,0,0,0.0,0,0,0.0,0,0,0.0,0,2,1.2,4,1,1.6,6,0,1.7000000000000002,7,3,2.4,9,0,0.0,0,1,2.2,7,2,6.8,20,10,12.7,37,8,21.3,46,7,45.4,71,9,78.3,73,9,138.9,74,46,23.0,328,8,0.7000000000000001,30
2020-12-20,West Midlands,1,0.6000000000000001,2,0,0.0,0,0,0.0,0,0,0.0,0,0,0.0,0,0,0.0,0,0,0.0,0,1,0.6000000000000001,2,0,1.6,6,1,2.2,9,1,1.8,7,0,0.0,0,1,2.2,7,3,7.4,22,7,10.3,30,8,22.3,48,6,46.0,72,11,77.2,72,8,142.6,76,44,22.9,327,4,0.6000000000000001,26
2020-12-19,West Midlands,1,0.6000000000000001,2,0,0.0,0,0,0.0,0,0,0.0,0,0,0.0,0,0,0.30000000000000004,1,0,0.0,0,1,0.6000000000000001,2,1,1.6,6,1,2.0,8,1,1.8,7,0,0.0,0,3,2.5,8,2,7.4,22,3,9.6,28,4,20.9,45,7,50.5,79,14,75.1,70,8,153.9,82,41,23.4,334,5,0.6000000000000001,26
2020-12-18,West Midlands,0,0.30000000000000004,1,0,0.0,0,0,0.0,0,0,0.0,0,0,0.0,0,0,0.30000000000000004,1,0,0.0,0,0,0.30000000000000004,1,1,1.3,5,3,1.7000000000000002,7,1,1.6,6,0,0.0,0,0,2.8,9,3,7.1,21,5,9.3,27,7,22.3,48,20,53.0,83,10,72.9,68,9,165.1,88,54,24.1,344,5,0.5,21
2020-12-17,West Midlands,0,0.30000000000000004,1,0,0.0,0,0,0.0,0,0,0.0,0,0,0.0,0,0,0.30000000000000004,1,0,0.0,0,0,0.30000000000000004,1,0,1.0,4,1,1.0,4,1,1.6,6,0,0.0,0,1,3.1,10,4,7.8,23,5,8.2,24,8,22.7,49,13,47.3,74,8,67.6,63,14,182.0,97,53,23.8,340,2,0.4,17
2020-12-16,West Midlands,0,0.30000000000000004,1,0,0.0,0,0,0.0,0,0,0.0,0,0,0.0,0,0,0.30000000000000004,1,0,0.0,0,0,0.30000000000000004,1,1,1.0,4,0,0.7000000000000001,3,2,1.3,5,0,0.0,0,1,3.4,11,2,9.1,27,4,6.9,20,7,22.3,48,8,46.6,73,9,70.8,66,13,178.3,95,44,23.8,340,3,0.30000000000000004,15
2020-12-15,West Midlands,0,0.30000000000000004,1,0,0.0,0,0,0.0,0,0,0.0,0,0,0.0,0,0,0.30000000000000004,1,0,0.0,0,0,0.30000000000000004,1,2,1.0,4,1,0.7000000000000001,3,0,0.8,3,0,0.0,0,0,3.4,11,4,9.8,29,3,7.2,21,4,23.2,50,10,47.9,75,12,76.1,71,13,167.0,89,46,24.3,346,3,0.30000000000000004,13
2020-12-14,West Midlands,0,0.30000000000000004,1,0,0.30000000000000004,1,0,0.0,0,0,0.0,0,0,0.0,0,0,0.30000000000000004,1,0,0.0,0,0,0.30000000000000004,1,1,0.5,2,2,1.0,4,1,1.1,4,0,0.0,0,1,4.0,13,4,10.5,31,3,7.9,23,10,22.3,48,8,51.8,81,8,79.4,74,11,163.3,87,45,25.0,357,4,0.30000000000000004,14
2020-12-13,West Midlands,1,0.6000000000000001,2,0,0.30000000000000004,1,0,0.0,0,0,0.0,0,0,0.0,0,1,0.30000000000000004,1,0,0.5,2,1,0.6000000000000001,2,0,0.30000000000000004,1,0,0.7000000000000001,3,1,1.6,6,0,0.0,0,2,4.0,13,3,9.8,29,5,8.2,24,5,21.8,47,13,51.1,80,9,77.2,72,14,163.3,87,51,24.7,352,4,0.4,18
2020-12-12,West Midlands,0,0.6000000000000001,2,0,0.30000000000000004,1,0,0.0,0,0,0.0,0,0,0.0,0,0,0.0,0,0,0.5,2,0,0.6000000000000001,2,0,0.30000000000000004,1,0,1.0,4,0,1.6,6,0,0.0,0,4,4.0,13,1,10.2,30,2,7.9,23,7,22.7,49,11,48.6,76,12,83.7,78,14,159.5,85,51,24.8,354,0,0.4,18
2020-12-11,West Midlands,0,0.6000000000000001,2,0,0.30000000000000004,1,0,0.0,0,0,0.30000000000000004,1,0,0.0,0,0,0.0,0,0,0.8,3,0,0.6000000000000001,2,0,0.30000000000000004,1,0,1.2,5,1,1.6,6,0,0.0,0,1,2.8,9,5,10.8,32,2,8.9,26,8,21.8,47,11,45.4,71,5,83.7,78,18,163.3,87,50,24.5,350,1,0.5,21
2020-12-10,West Midlands,0,0.6000000000000001,2,0,0.30000000000000004,1,0,0.0,0,0,0.5,2,0,0.0,0,0,0.0,0,0,0.8,3,0,0.6000000000000001,2,0,0.5,2,0,1.5,6,0,1.3,5,0,0.0,0,2,3.1,10,8,9.8,29,1,10.0,29,7,23.6,51,12,44.7,70,11,93.3,87,12,152.0,81,53,25.0,357,0,0.5,23
2020-12-09,West Midlands,0,0.6000000000000001,2,0,0.30000000000000004,1,0,0.0,0,0,0.5,2,0,0.0,0,0,0.0,0,0,0.8,3,0,0.6000000000000001,2,1,1.0,4,0,2.0,8,0,2.4,9,0,0.0,0,1,2.8,9,4,9.5,28,5,11.3,33,9,22.7,49,10,42.8,67,14,94.4,88,7,155.8,83,50,25.0,357,1,0.7000000000000001,31
2020-12-08,West Midlands,0,0.6000000000000001,2,1,0.30000000000000004,1,0,0.6000000000000001,2,0,0.5,2,0,0.0,0,0,0.0,0,0,0.8,3,0,0.6000000000000001,2,0,0.8,3,2,2.0,8,1,2.6,10,0,0.0,0,2,2.8,9,6,8.5,25,5,10.6,31,2,21.8,47,16,41.5,65,15,85.8,80,11,170.8,91,57,24.4,348,4,0.7000000000000001,33
2020-12-07,West Midlands,1,0.6000000000000001,2,0,0.0,0,0,0.6000000000000001,2,0,0.5,2,0,0.2,1,0,0.0,0,2,0.8,3,1,0.6000000000000001,2,0,0.8,3,1,1.7000000000000002,7,3,3.4,13,0,0.0,0,1,2.5,8,2,7.1,21,4,10.6,31,9,23.6,51,7,39.6,62,6,76.1,71,11,165.1,88,40,23.3,332,8,0.8,35
2020-12-06,West Midlands,1,0.30000000000000004,1,0,0.0,0,0,0.6000000000000001,2,0,0.5,2,0,0.2,1,0,0.0,0,0,0.30000000000000004,1,1,0.30000000000000004,1,0,1.0,4,1,2.0,8,1,2.6,10,0,0.0,0,2,2.5,8,4,7.8,23,4,12.0,35,7,26.0,56,9,42.8,67,15,84.7,79,12,165.1,88,53,25.0,356,4,0.7000000000000001,30
2020-12-05,West Midlands,0,0.30000000000000004,1,0,0.0,0,0,0.6000000000000001,2,1,0.5,2,0,0.2,1,0,0.0,0,1,0.5,2,0,0.30000000000000004,1,0,1.3,5,1,2.0,8,0,3.4,13,0,0.0,0,0,1.9,6,3,7.8,23,5,12.7,37,5,28.3,61,6,46.6,73,12,85.8,80,16,163.3,87,47,25.7,367,3,0.8,35
2020-12-04,West Midlands,0,0.30000000000000004,1,0,0.0,0,0,0.6000000000000001,2,1,0.30000000000000004,1,0,0.2,1,0,0.0,0,0,0.30000000000000004,1,0,0.30000000000000004,1,1,1.6,6,1,1.7000000000000002,7,0,3.7,14,0,0.0,0,2,1.9,6,2,8.1,24,5,14.8,43,12,29.7,64,10,47.3,74,14,81.5,76,12,150.1,80,57,25.7,367,3,0.8,34
2020-12-03,West Midlands,0,0.30000000000000004,1,0,0.0,0,0,0.6000000000000001,2,0,0.0,0,0,0.2,1,0,0.0,0,0,0.30000000000000004,1,0,0.30000000000000004,1,2,1.3,5,2,1.7000000000000002,7,4,4.0,15,0,0.0,0,1,1.9,6,7,8.5,25,5,13.4,39,5,26.0,56,9,48.6,76,12,78.3,73,14,146.4,78,53,24.7,353,8,0.7000000000000001,33
2020-12-02,West Midlands,0,0.6000000000000001,2,0,0.0,0,2,0.6000000000000001,2,0,0.0,0,0,0.2,1,0,0.0,0,0,0.30000000000000004,1,0,0.6000000000000001,2,0,1.3,5,0,1.7000000000000002,7,1,3.2,12,0,0.0,0,1,1.9,6,1,7.4,22,3,14.8,43,7,28.3,61,8,49.2,77,6,76.1,71,15,138.9,74,41,24.8,354,3,0.7000000000000001,32
2020-12-01,West Midlands,0,0.8,3,0,0.0,0,0,0.0,0,0,0.0,0,1,0.2,1,0,0.30000000000000004,1,0,0.30000000000000004,1,0,0.9,3,0,1.3,5,1,1.7000000000000002,7,4,3.2,12,0,0.0,0,1,1.9,6,2,8.5,25,5,17.2,50,6,26.9,58,13,52.4,82,6,79.4,74,8,123.9,66,41,25.3,361,6,0.7000000000000001,33
2020-11-30,West Midlands,0,0.8,3,0,0.0,0,0,0.0,0,0,0.0,0,0,0.0,0,0,0.30000000000000004,1,0,0.30000000000000004,1,0,0.9,3,1,1.6,6,2,1.5,6,0,2.4,9,0,0.0,0,1,2.2,7,4,11.2,33,8,16.8,49,14,26.9,58,12,47.9,75,14,81.5,76,11,133.2,71,64,25.9,369,3,0.6000000000000001,29
2020-11-29,West Midlands,1,0.8,3,0,0.0,0,0,0.0,0,0,0.0,0,0,0.0,0,0,0.30000000000000004,1,1,0.30000000000000004,1,1,0.9,3,1,1.3,5,1,1.2,5,4,2.6,10,0,0.0,0,0,2.5,8,4,11.2,33,6,16.8,49,12,23.2,50,15,48.6,76,16,83.7,78,11,131.4,70,64,25.5,364,9,0.6000000000000001,28
2020-11-28,West Midlands,0,0.6000000000000001,2,0,0.0,0,0,0.0,0,0,0.0,0,0,0.0,0,0,0.30000000000000004,1,0,0.0,0,0,0.6000000000000001,2,1,2.1,8,0,1.0,4,1,1.6,6,0,0.0,0,0,2.8,9,4,11.2,33,11,15.1,44,8,22.3,48,7,46.0,72,8,79.4,74,9,135.1,72,47,24.7,352,2,0.5,23
2020-11-27,West Midlands,0,0.6000000000000001,2,0,0.0,0,0,0.0,0,0,0.0,0,0,0.0,0,0,0.30000000000000004,1,0,0.0,0,0,0.6000000000000001,2,0,1.8,7,1,1.0,4,1,1.6,6,0,0.0,0,2,3.1,10,3,11.5,34,1,13.7,40,4,20.4,44,12,46.6,73,11,85.8,80,10,144.5,77,43,25.1,358,2,0.5,22
2020-11-26,West Midlands,1,0.6000000000000001,2,0,0.0,0,0,0.0,0,0,0.0,0,0,0.2,1,0,0.30000000000000004,1,0,0.0,0,1,0.6000000000000001,2,2,1.8,7,2,0.7000000000000001,3,1,1.6,6,0,0.0,0,1,2.8,9,4,10.8,32,9,15.1,44,10,23.6,51,10,42.8,67,10,99.7,93,10,146.4,78,54,26.2,374,7,0.5,22
2020-11-25,West Midlands,1,0.30000000000000004,1,0,0.0,0,0,0.30000000000000004,1,0,0.0,0,0,0.2,1,1,0.30000000000000004,1,0,0.0,0,1,0.30000000000000004,1,0,1.3,5,0,0.2,1,1,2.4,9,0,0.0,0,1,3.4,11,4,11.2,33,10,13.7,40,4,22.3,48,13,46.6,73,9,96.5,90,7,140.7,75,48,25.9,370,4,0.4,20
2020-11-24,West Midlands,0,0.30000000000000004,1,0,0.0,0,0,0.30000000000000004,1,0,0.0,0,0,0.2,1,0,0.0,0,0,0.0,0,0,0.30000000000000004,1,1,1.6,6,0,0.2,1,1,2.6,10,0,0.0,0,2,4.0,13,10,10.8,32,4,11.7,34,6,24.6,53,6,44.1,69,8,107.3,100,13,146.4,78,49,26.6,379,2,0.5,21
2020-11-23,West Midlands,0,0.30000000000000004,1,0,0.0,0,0,0.30000000000000004,1,0,0.0,0,0,0.2,1,0,0.0,0,0,0.0,0,0,0.30000000000000004,1,0,1.3,5,1,0.2,1,1,2.6,10,0,0.0,0,2,3.7,12,4,9.1,27,8,12.0,35,6,22.7,49,13,47.9,75,16,108.3,101,10,142.6,76,59,26.3,375,2,0.4,20
2020-11-22,West Midlands,0,0.30000000000000004,1,0,0.0,0,0,0.30000000000000004,1,0,0.0,0,0,0.2,1,0,0.0,0,0,0.30000000000000004,1,0,0.30000000000000004,1,4,1.3,5,0,0.2,1,0,2.9,11,0,0.0,0,1,4.0,13,4,7.8,23,1,11.7,34,10,22.7,49,11,46.6,73,12,106.2,99,13,135.1,72,52,25.4,363,4,0.5,22
2020-11-21,West Midlands,0,0.30000000000000004,1,0,0.0,0,0,0.30000000000000004,1,0,0.0,0,0,0.5,2,0,0.30000000000000004,1,0,0.30000000000000004,1,0,0.30000000000000004,1,0,0.30000000000000004,1,0,0.2,1,1,3.2,12,0,0.0,0,1,4.0,13,5,7.8,23,7,12.0,35,4,24.1,52,8,46.0,72,14,104.0,97,14,127.6,68,53,25.2,360,1,0.5,21
2020-11-20,West Midlands,0,0.30000000000000004,1,0,0.0,0,0,0.30000000000000004,1,0,0.0,0,1,0.5,2,0,0.30000000000000004,1,0,0.30000000000000004,1,0,0.30000000000000004,1,0,0.5,2,0,0.5,2,1,3.2,12,0,0.0,0,1,3.7,12,1,7.1,21,5,10.3,30,11,24.1,52,6,46.6,73,24,99.7,93,11,123.9,66,59,24.3,347,2,0.5,23
2020-11-19,West Midlands,0,0.30000000000000004,1,0,0.0,0,1,0.30000000000000004,1,0,0.0,0,0,0.2,1,0,0.30000000000000004,1,0,0.30000000000000004,1,0,0.30000000000000004,1,0,0.5,2,0,0.7000000000000001,3,4,3.2,12,0,0.0,0,3,4.0,13,5,7.4,22,5,9.3,27,7,22.3,48,16,47.9,75,7,82.6,77,7,114.5,61,50,22.6,323,5,0.5,23
2020-11-18,West Midlands,1,0.30000000000000004,1,0,0.0,0,0,0.0,0,0,0.0,0,0,0.2,1,0,0.30000000000000004,1,0,0.30000000000000004,1,1,0.30000000000000004,1,1,0.5,2,0,1.0,4,2,2.4,9,0,0.0,0,3,3.4,11,3,7.1,21,4,9.6,28,9,22.7,49,9,43.5,68,19,83.7,78,10,112.6,60,57,22.1,315,5,0.4,20
2020-11-17,West Midlands,0,0.0,0,0,0.0,0,0,0.0,0,0,0.0,0,0,0.2,1,0,0.30000000000000004,1,0,0.30000000000000004,1,0,0.0,0,0,0.5,2,0,1.2,5,1,2.4,9,0,0.0,0,1,2.5,8,5,7.1,21,5,11.3,33,2,22.3,48,12,43.5,68,9,72.9,68,11,103.2,55,45,21.1,301,1,0.4,19
2020-11-16,West Midlands,0,0.0,0,0,0.0,0,0,0.0,0,0,0.0,0,0,0.2,1,0,0.30000000000000004,1,1,0.30000000000000004,1,0,0.0,0,0,0.5,2,1,1.7000000000000002,7,2,2.1,8,0,0.0,0,3,2.8,9,0,7.4,22,7,11.0,32,6,25.5,55,11,37.7,59,14,70.8,66,6,103.2,55,47,20.9,298,4,0.4,20
2020-11-15,West Midlands,0,0.0,0,0,0.0,0,0,0.0,0,0,0.0,0,1,0.2,1,1,0.5,2,0,0.0,0,0,0.0,0,0,0.5,2,0,1.7000000000000002,7,1,2.4,9,0,0.0,0,1,2.5,8,4,9.8,29,2,10.3,30,13,24.1,52,10,34.5,54,10,62.2,58,9,103.2,55,49,20.1,286,3,0.5,21
2020-11-14,West Midlands,0,0.0,0,0,0.0,0,0,0.0,0,0,0.0,0,0,0.0,0,0,0.30000000000000004,1,0,0.5,2,0,0.0,0,1,0.8,3,1,1.7000000000000002,7,1,2.1,8,0,0.0,0,0,2.8,9,3,9.5,28,2,10.0,29,4,22.3,48,9,32.6,51,10,61.1,57,12,93.8,50,40,19.1,272,3,0.5,21
2020-11-13,West Midlands,0,0.0,0,0,0.0,0,0,0.0,0,0,0.0,0,0,0.0,0,0,0.30000000000000004,1,0,0.5,2,0,0.0,0,0,0.5,2,1,1.7000000000000002,7,1,2.4,9,0,0.0,0,2,2.8,9,2,9.5,28,2,11.7,34,7,23.6,51,8,31.3,49,8,62.2,58,6,80.7,43,35,19.1,272,2,0.5,21
2020-11-12,West Midlands,0,0.0,0,0,0.0,0,0,0.0,0,0,0.30000000000000004,1,0,0.0,0,0,0.30000000000000004,1,0,0.5,2,0,0.0,0,0,0.8,3,1,1.5,6,1,2.4,9,0,0.0,0,1,2.5,8,4,11.2,33,6,12.4,36,8,23.6,51,9,28.1,44,8,61.1,57,6,76.9,41,42,18.9,270,2,0.5,22
2020-11-11,West Midlands,0,0.0,0,0,0.0,0,0,0.0,0,0,0.30000000000000004,1,0,0.0,0,0,0.30000000000000004,1,0,0.5,2,0,0.0,0,1,0.8,3,1,1.2,5,2,2.6,10,0,0.0,0,0,2.5,8,3,10.5,31,9,12.4,36,8,23.6,51,9,28.1,44,9,59.0,55,5,73.2,39,43,18.5,264,4,0.5,22
2020-11-10,West Midlands,0,0.0,0,0,0.0,0,0,0.0,0,0,0.30000000000000004,1,0,0.0,0,0,0.30000000000000004,1,0,0.5,2,0,0.0,0,0,0.8,3,2,1.5,6,0,2.1,8,0,0.0,0,2,2.8,9,6,10.2,30,4,10.0,29,9,21.8,47,3,33.2,52,7,51.5,48,11,76.9,41,42,17.9,256,2,0.5,21
2020-11-09,West Midlands,0,0.0,0,0,0.0,0,0,0.0,0,0,0.30000000000000004,1,0,0.0,0,1,0.30000000000000004,1,0,0.8,3,0,0.0,0,0,1.0,4,1,1.0,4,3,2.1,8,0,0.0,0,2,2.5,8,7,8.1,24,5,10.0,29,3,21.3,46,6,36.4,57,6,49.3,46,6,61.9,33,35,17.0,243,5,0.5,21
2020-11-08,West Midlands,0,0.30000000000000004,1,0,0.0,0,0,0.0,0,0,0.30000000000000004,1,0,0.0,0,0,0.0,0,2,0.8,3,0,0.30000000000000004,1,1,1.0,4,0,1.0,4,0,1.6,6,0,0.0,0,2,2.5,8,3,6.4,19,1,10.0,29,9,23.2,50,7,34.5,54,9,52.6,49,4,63.8,34,35,17.0,243,3,0.4,20
2020-11-07,West Midlands,0,0.6000000000000001,2,0,0.0,0,0,0.0,0,0,0.30000000000000004,1,0,0.0,0,0,0.0,0,0,0.30000000000000004,1,0,0.6000000000000001,2,0,0.8,3,1,1.2,5,2,2.1,8,0,0.0,0,0,1.9,6,3,6.1,18,7,10.6,31,7,20.4,44,7,33.2,52,11,50.4,47,5,63.8,34,40,16.3,232,3,0.5,22
2020-11-06,West Midlands,0,0.6000000000000001,2,0,0.0,0,0,0.0,0,1,0.30000000000000004,1,0,0.0,0,0,0.0,0,0,0.30000000000000004,1,0,0.6000000000000001,2,1,0.8,3,0,1.0,4,1,1.8,7,0,0.0,0,1,1.9,6,7,5.4,16,4,8.9,26,7,19.9,43,3,33.9,53,7,46.1,43,4,69.4,37,33,15.7,224,3,0.4,20
2020-11-05,West Midlands,0,0.6000000000000001,2,0,0.0,0,0,0.0,0,0,0.0,0,0,0.0,0,0,0.0,0,0,0.30000000000000004,1,0,0.6000000000000001,2,0,0.5,2,0,1.0,4,2,1.8,7,0,0.0,0,1,1.9,6,2,3.7,11,6,8.2,24,8,18.1,39,9,35.1,55,6,49.3,46,4,73.2,39,36,15.4,220,2,0.4,18
2020-11-04,West Midlands,0,0.6000000000000001,2,0,0.0,0,0,0.0,0,0,0.0,0,0,0.0,0,0,0.0,0,0,0.30000000000000004,1,0,0.6000000000000001,2,1,0.5,2,2,1.5,6,0,1.3,5,0,0.0,0,1,1.6,5,2,3.0,9,2,6.5,19,4,17.6,38,17,33.2,52,2,49.3,46,7,71.3,38,35,14.5,207,3,0.4,18
2020-11-03,West Midlands,0,0.6000000000000001,2,0,0.0,0,0,0.0,0,0,0.0,0,0,0.0,0,0,0.0,0,1,0.30000000000000004,1,0,0.6000000000000001,2,1,0.30000000000000004,1,0,1.0,4,0,1.3,5,0,0.0,0,1,1.6,5,0,2.7,8,4,6.2,18,8,16.2,35,8,26.2,41,5,48.3,45,3,63.8,34,29,13.0,186,2,0.30000000000000004,15
2020-11-02,West Midlands,1,0.6000000000000001,2,0,0.0,0,0,0.0,0,0,0.0,0,0,0.0,0,0,0.0,0,0,0.0,0,1,0.6000000000000001,2,0,0.0,0,1,1.2,5,1,1.6,6,0,0.0,0,2,1.2,4,2,3.0,9,5,5.2,15,7,15.3,33,3,24.3,38,9,48.3,45,7,69.4,37,35,12.7,181,4,0.30000000000000004,15
2020-11-01,West Midlands,1,0.6000000000000001,2,0,0.30000000000000004,1,0,0.0,0,0,0.0,0,0,0.0,0,0,0.0,0,0,0.0,0,1,0.6000000000000001,2,0,0.30000000000000004,1,1,1.2,5,2,1.6,6,0,0.0,0,0,0.9,3,2,2.4,7,3,3.8,11,3,12.5,27,5,26.8,42,7,46.1,43,4,63.8,34,24,11.7,167,5,0.4,17
2020-10-31,West Midlands,0,0.30000000000000004,1,0,0.30000000000000004,1,0,0.0,0,0,0.0,0,0,0.0,0,0,0.0,0,0,0.0,0,0,0.30000000000000004,1,0,0.30000000000000004,1,0,1.0,4,1,1.1,4,0,0.0,0,0,1.2,4,1,2.4,7,2,3.4,10,6,12.1,26,8,25.6,40,7,40.8,38,8,65.7,35,32,11.2,160,1,0.30000000000000004,12
2020-10-30,West Midlands,0,0.30000000000000004,1,0,0.30000000000000004,1,0,0.0,0,0,0.0,0,0,0.0,0,0,0.0,0,0,0.0,0,0,0.30000000000000004,1,0,0.30000000000000004,1,0,1.0,4,1,1.1,4,0,0.0,0,1,1.2,4,2,2.4,7,2,3.1,9,3,10.2,22,5,21.1,33,10,33.2,31,6,60.0,32,29,9.7,138,1,0.30000000000000004,12
2020-10-29,West Midlands,0,0.30000000000000004,1,0,0.30000000000000004,1,0,0.0,0,0,0.0,0,0,0.0,0,0,0.0,0,0,0.0,0,0,0.30000000000000004,1,0,0.30000000000000004,1,2,1.0,4,0,0.8,3,0,0.0,0,0,0.9,3,0,3.0,9,1,3.1,9,7,10.7,23,6,20.4,32,6,26.8,25,3,58.2,31,23,9.3,132,2,0.2,11
2020-10-28,West Midlands,0,0.8,3,0,0.30000000000000004,1,0,0.0,0,0,0.0,0,0,0.0,0,0,0.0,0,0,0.0,0,0,0.9,3,0,0.5,2,0,0.7000000000000001,3,0,0.8,3,0,0.0,0,1,0.9,3,1,3.0,9,1,2.7,8,1,7.9,17,6,17.9,28,1,29.0,27,3,63.8,34,14,8.8,126,0,0.30000000000000004,15
2020-10-27,West Midlands,0,0.8,3,0,0.30000000000000004,1,0,0.0,0,0,0.0,0,0,0.0,0,0,0.0,0,0,0.0,0,0,0.9,3,0,0.5,2,1,1.0,4,1,0.8,3,0,0.0,0,0,0.6000000000000001,2,1,3.0,9,1,2.7,8,6,9.3,20,5,14.7,23,5,29.0,27,6,63.8,34,24,8.6,123,2,0.4,16
2020-10-26,West Midlands,1,0.8,3,1,0.30000000000000004,1,0,0.0,0,0,0.0,0,0,0.0,0,0,0.0,0,0,0.30000000000000004,1,1,0.9,3,1,0.5,2,1,0.7000000000000001,3,1,0.5,2,0,0.0,0,1,0.9,3,0,2.7,8,1,2.4,7,1,7.4,16,7,12.8,20,7,31.1,29,4,60.0,32,21,8.1,115,6,0.30000000000000004,15
2020-10-25,West Midlands,0,0.6000000000000001,2,0,0.0,0,0,0.0,0,0,0.0,0,0,0.0,0,0,0.0,0,0,0.30000000000000004,1,0,0.6000000000000001,2,0,0.30000000000000004,1,0,0.5,2,0,0.30000000000000004,1,0,0.0,0,1,1.2,4,2,2.7,8,2,2.7,8,2,7.9,17,3,8.9,14,2,24.7,23,5,58.2,31,17,7.4,105,0,0.2,9
2020-10-24,West Midlands,0,0.6000000000000001,2,0,0.0,0,0,0.0,0,0,0.0,0,0,0.0,0,0,0.0,0,0,0.30000000000000004,1,0,0.6000000000000001,2,0,0.30000000000000004,1,0,0.7000000000000001,3,1,0.5,2,0,0.0,0,0,1.2,4,1,2.0,6,1,2.1,6,2,7.4,16,1,7.7,12,0,22.5,21,5,50.7,27,10,6.4,92,1,0.2,11
2020-10-23,West Midlands,0,0.6000000000000001,2,0,0.0,0,0,0.0,0,0,0.0,0,0,0.0,0,0,0.0,0,0,0.30000000000000004,1,0,0.6000000000000001,2,0,0.30000000000000004,1,0,0.7000000000000001,3,0,0.5,2,0,0.0,0,0,1.2,4,4,2.4,7,2,2.4,7,4,7.0,15,4,8.3,13,4,26.8,25,5,45.0,24,23,6.7,95,0,0.2,11
2020-10-22,West Midlands,2,0.6000000000000001,2,0,0.0,0,0,0.0,0,0,0.0,0,0,0.0,0,0,0.0,0,0,0.30000000000000004,1,2,0.6000000000000001,2,1,0.30000000000000004,1,1,1.0,4,0,0.5,2,0,0.0,0,0,1.6,5,0,1.0,3,0,2.1,6,1,6.5,14,2,7.0,11,8,24.7,23,6,41.3,22,17,5.9,84,6,0.30000000000000004,12
2020-10-21,West Midlands,0,0.0,0,0,0.0,0,0,0.0,0,0,0.0,0,0,0.0,0,0,0.0,0,0,0.30000000000000004,1,0,0.0,0,0,0.0,0,1,1.0,4,0,0.5,2,0,0.0,0,0,1.6,5,1,1.0,3,1,3.1,9,4,6.5,14,1,8.3,13,1,18.2,17,3,31.9,17,11,5.5,78,1,0.2,7
2020-10-20,West Midlands,0,0.0,0,0,0.0,0,0,0.0,0,0,0.0,0,0,0.0,0,0,0.0,0,1,0.30000000000000004,1,0,0.0,0,0,0.30000000000000004,1,0,0.7000000000000001,3,0,0.8,3,0,0.0,0,1,1.6,5,0,0.7000000000000001,2,0,3.4,10,2,5.1,11,2,8.3,13,7,19.3,18,4,28.1,15,16,5.2,74,1,0.2,8
2020-10-19,West Midlands,0,0.0,0,0,0.0,0,0,0.0,0,0,0.0,0,0,0.0,0,0,0.0,0,0,0.0,0,0,0.0,0,0,0.30000000000000004,1,0,0.7000000000000001,3,0,1.1,4,0,0.0,0,2,1.6,5,0,1.0,3,2,3.4,10,2,4.2,9,1,8.9,14,1,11.8,11,3,24.4,13,11,4.6,65,0,0.2,8
2020-10-18,West Midlands,0,0.0,0,0,0.0,0,0,0.0,0,0,0.0,0,0,0.0,0,0,0.0,0,0,0.0,0,0,0.0,0,0,0.30000000000000004,1,1,0.7000000000000001,3,1,1.1,4,0,0.0,0,1,1.2,4,0,1.4,4,0,2.7,8,1,3.7,8,1,8.3,13,0,11.8,11,1,20.6,11,4,4.1,59,2,0.2,8
2020-10-17,West Midlands,0,0.0,0,0,0.0,0,0,0.0,0,0,0.0,0,0,0.0,0,0,0.0,0,0,0.0,0,0,0.0,0,0,0.30000000000000004,1,0,0.5,2,1,0.8,3,0,0.0,0,0,0.9,3,2,2.7,8,2,3.1,9,1,3.7,8,2,9.6,15,4,13.9,13,2,22.5,12,13,4.8,68,1,0.1,6
2020-10-16,West Midlands,0,0.0,0,0,0.0,0,0,0.0,0,0,0.0,0,0,0.0,0,0,0.0,0,0,0.0,0,0,0.0,0,0,0.30000000000000004,1,1,0.5,2,0,0.5,2,0,0.0,0,1,0.9,3,0,2.0,6,1,2.4,7,3,3.2,7,2,9.6,15,2,9.7,9,3,20.6,11,12,4.1,58,1,0.1,5
2020-10-15,West Midlands,0,0.0,0,0,0.0,0,0,0.0,0,0,0.0,0,0,0.0,0,0,0.0,0,0,0.0,0,0,0.0,0,0,0.30000000000000004,1,1,0.2,1,0,0.5,2,0,0.0,0,0,0.6000000000000001,2,0,2.0,6,3,2.1,6,1,1.9,4,4,8.9,14,2,7.5,7,1,16.9,9,11,3.4,48,1,0.1,4
2020-10-14,West Midlands,0,0.30000000000000004,1,0,0.0,0,0,0.0,0,0,0.0,0,0,0.0,0,0,0.0,0,0,0.0,0,0,0.30000000000000004,1,1,0.30000000000000004,1,0,0.0,0,1,0.5,2,0,0.0,0,0,0.6000000000000001,2,0,2.4,7,2,1.7000000000000002,5,1,1.4,3,1,8.3,13,2,8.6,8,1,16.9,9,7,3.3,47,2,0.1,5
2020-10-13,West Midlands,0,0.30000000000000004,1,0,0.0,0,0,0.0,0,0,0.0,0,0,0.0,0,0,0.30000000000000004,1,0,0.0,0,0,0.30000000000000004,1,0,0.0,0,0,0.0,0,1,0.30000000000000004,1,0,0.0,0,1,0.6000000000000001,2,1,2.4,7,0,1.0,3,0,1.4,3,3,8.3,13,0,6.4,6,2,18.8,10,7,3.1,44,1,0.1,4
2020-10-12,West Midlands,0,0.30000000000000004,1,0,0.0,0,0,0.0,0,0,0.0,0,0,0.0,0,0,0.30000000000000004,1,0,0.0,0,0,0.30000000000000004,1,0,0.0,0,0,0.0,0,0,0.0,0,0,0.0,0,1,0.30000000000000004,1,1,2.0,6,0,1.0,3,1,1.9,4,0,7.7,12,1,7.5,7,1,22.5,12,5,3.2,45,0,0.1,3
2020-10-11,West Midlands,0,0.30000000000000004,1,0,0.0,0,0,0.0,0,0,0.0,0,0,0.0,0,0,0.30000000000000004,1,0,0.0,0,0,0.30000000000000004,1,0,0.0,0,0,0.0,0,0,0.0,0,0,0.0,0,0,0.0,0,4,2.0,6,1,1.0,3,1,1.4,3,3,8.9,14,2,7.5,7,2,22.5,12,13,3.2,45,0,0.1,3
2020-10-10,West Midlands,0,0.6000000000000001,2,0,0.0,0,0,0.0,0,0,0.0,0,0,0.0,0,0,0.30000000000000004,1,0,0.0,0,0,0.6000000000000001,2,0,0.0,0,0,0.2,1,0,0.0,0,0,0.0,0,0,0.0,0,0,0.7000000000000001,2,0,1.0,3,0,0.9,2,2,8.9,14,0,7.5,7,1,18.8,10,3,2.7,38,0,0.1,6
2020-10-09,West Midlands,0,0.6000000000000001,2,0,0.0,0,0,0.0,0,0,0.0,0,0,0.0,0,0,0.30000000000000004,1,0,0.0,0,0,0.6000000000000001,2,0,0.0,0,0,0.2,1,0,0.0,0,0,0.0,0,0,0.0,0,0,0.7000000000000001,2,0,1.4,4,0,1.4,3,1,9.6,15,0,7.5,7,1,16.9,9,2,2.8,40,0,0.1,6
2020-10-08,West Midlands,1,0.6000000000000001,2,0,0.0,0,0,0.0,0,0,0.0,0,0,0.0,0,0,0.30000000000000004,1,0,0.0,0,1,0.6000000000000001,2,0,0.0,0,0,0.2,1,0,0.0,0,0,0.0,0,0,0.0,0,1,0.7000000000000001,2,2,1.7000000000000002,5,0,1.9,4,3,10.2,16,3,8.6,8,1,15.0,8,10,3.0,43,2,0.1,6
2020-10-07,West Midlands,0,0.30000000000000004,1,0,0.0,0,0,0.0,0,0,0.0,0,0,0.0,0,1,0.30000000000000004,1,0,0.0,0,0,0.30000000000000004,1,0,0.0,0,0,0.2,1,0,0.30000000000000004,1,0,0.0,0,0,0.0,0,0,0.30000000000000004,1,0,1.7000000000000002,5,1,2.3,5,1,8.9,14,0,5.4,5,2,18.8,10,4,2.8,40,1,0.1,5
2020-10-06,West Midlands,0,0.30000000000000004,1,0,0.0,0,0,0.0,0,0,0.0,0,0,0.0,0,0,0.0,0,0,0.0,0,0,0.30000000000000004,1,0,0.0,0,0,0.2,1,0,0.30000000000000004,1,0,0.0,0,0,0.0,0,0,0.30000000000000004,1,0,2.1,6,1,3.2,7,2,8.9,14,1,6.4,6,4,15.0,8,8,2.9,42,0,0.1,4
2020-10-05,West Midlands,0,0.30000000000000004,1,0,0.0,0,0,0.0,0,0,0.0,0,0,0.0,0,0,0.0,0,0,0.0,0,0,0.30000000000000004,1,0,0.0,0,0,0.2,1,0,0.30000000000000004,1,0,0.0,0,0,0.0,0,1,0.30000000000000004,1,0,2.4,7,0,2.8,6,2,8.3,13,1,5.4,5,1,9.4,5,5,2.6,37,0,0.1,4
2020-10-04,West Midlands,1,0.30000000000000004,1,0,0.0,0,0,0.0,0,0,0.0,0,0,0.0,0,0,0.0,0,0,0.0,0,1,0.30000000000000004,1,0,0.0,0,1,0.2,1,0,0.30000000000000004,1,0,0.0,0,0,0.0,0,0,0.0,0,1,2.4,7,0,2.8,6,3,7.7,12,2,6.4,6,0,13.1,7,6,2.7,38,3,0.1,4
2020-10-03,West Midlands,0,0.0,0,0,0.0,0,0,0.0,0,0,0.0,0,0,0.0,0,0,0.0,0,0,0.0,0,0,0.0,0,0,0.0,0,0,0.0,0,0,0.5,2,0,0.0,0,0,0.30000000000000004,1,0,0.0,0,1,2.1,6,1,3.2,7,3,5.8,9,0,6.4,6,0,15.0,8,5,2.6,37,0,0.0,2
2020-10-02,West Midlands,0,0.0,0,0,0.0,0,0,0.0,0,0,0.0,0,0,0.0,0,0,0.0,0,0,0.0,0,0,0.0,0,0,0.0,0,0,0.0,0,0,0.5,2,0,0.0,0,0,0.30000000000000004,1,0,0.0,0,1,2.7,8,1,2.8,6,2,3.8,6,1,6.4,6,0,16.9,9,5,2.5,36,0,0.0,2
2020-10-01,West Midlands,0,0.0,0,0,0.0,0,0,0.0,0,0,0.0,0,0,0.0,0,0,0.0,0,0,0.0,0,0,0.0,0,0,0.0,0,0,0.0,0,1,0.5,2,0,0.0,0,0,0.9,3,0,0.0,0,2,3.1,9,1,2.3,5,1,2.6,4,0,5.4,5,3,16.9,9,7,2.5,35,1,0.0,2
2020-09-30,West Midlands,0,0.0,0,0,0.0,0,0,0.0,0,0,0.0,0,0,0.0,0,0,0.0,0,0,0.0,0,0,0.0,0,0,0.0,0,0,0.0,0,0,0.5,2,0,0.0,0,0,0.9,3,0,0.0,0,1,2.4,7,3,2.8,6,1,3.2,5,1,5.4,5,0,11.3,6,6,2.2,32,0,0.0,2
2020-09-29,West Midlands,0,0.30000000000000004,1,0,0.0,0,0,0.0,0,0,0.0,0,0,0.0,0,0,0.0,0,0,0.0,0,0,0.30000000000000004,1,0,0.0,0,0,0.0,0,0,0.5,2,0,0.0,0,0,1.2,4,0,0.7000000000000001,2,1,2.1,6,0,1.4,3,1,4.5,7,0,5.4,5,1,18.8,10,3,2.6,37,0,0.1,4
2020-09-28,West Midlands,0,0.30000000000000004,1,0,0.0,0,0,0.0,0,0,0.0,0,0,0.0,0,0,0.0,0,0,0.0,0,0,0.30000000000000004,1,0,0.0,0,0,0.2,1,0,0.5,2,0,0.0,0,0,1.2,4,0,0.7000000000000001,2,0,2.1,6,0,1.4,3,1,3.8,6,2,6.4,6,3,16.9,9,6,2.5,36,0,0.1,5
2020-09-27,West Midlands,0,0.30000000000000004,1,0,0.0,0,0,0.0,0,0,0.0,0,0,0.0,0,0,0.0,0,0,0.0,0,0,0.30000000000000004,1,0,0.0,0,0,0.2,1,1,0.5,2,0,0.0,0,1,1.2,4,0,0.7000000000000001,2,0,2.4,7,1,2.3,5,0,3.2,5,2,4.3,4,1,11.3,6,5,2.3,33,1,0.1,5
2020-09-26,West Midlands,0,0.30000000000000004,1,0,0.0,0,0,0.0,0,0,0.0,0,0,0.0,0,0,0.0,0,0,0.30000000000000004,1,0,0.30000000000000004,1,0,0.0,0,0,0.2,1,0,0.5,2,0,0.0,0,0,0.9,3,0,0.7000000000000001,2,3,2.4,7,0,2.8,6,0,3.2,5,0,4.3,4,1,11.3,6,4,2.3,33,0,0.1,6
2020-09-25,West Midlands,0,0.30000000000000004,1,0,0.0,0,0,0.0,0,0,0.0,0,0,0.0,0,0,0.0,0,0,0.30000000000000004,1,0,0.30000000000000004,1,0,0.0,0,0,0.2,1,0,0.5,2,0,0.0,0,2,0.9,3,0,0.7000000000000001,2,2,1.7000000000000002,5,0,2.8,6,0,3.2,5,0,4.3,4,0,11.3,6,4,2.2,31,0,0.1,6
2020-09-24,West Midlands,0,0.6000000000000001,2,0,0.0,0,0,0.0,0,0,0.0,0,0,0.0,0,0,0.0,0,0,0.30000000000000004,1,0,0.6000000000000001,2,0,0.0,0,0,0.2,1,1,0.5,2,0,0.0,0,0,0.30000000000000004,1,0,1.0,3,0,1.0,3,2,2.8,6,2,3.2,5,0,6.4,6,0,13.1,7,4,2.2,31,1,0.2,8
2020-09-23,West Midlands,1,0.6000000000000001,2,0,0.0,0,0,0.0,0,0,0.0,0,0,0.0,0,0,0.0,0,0,0.30000000000000004,1,1,0.6000000000000001,2,0,0.0,0,0,0.2,1,0,0.30000000000000004,1,0,0.0,0,1,0.30000000000000004,1,2,1.0,3,0,1.4,4,0,2.3,5,3,1.9,3,1,6.4,6,4,13.1,7,11,2.0,29,2,0.2,7
2020-09-22,West Midlands,0,0.30000000000000004,1,0,0.0,0,0,0.0,0,0,0.0,0,0,0.0,0,0,0.0,0,0,0.30000000000000004,1,0,0.30000000000000004,1,0,0.0,0,1,0.2,1,0,0.30000000000000004,1,0,0.0,0,0,0.0,0,0,0.7000000000000001,2,1,1.4,4,0,2.8,6,0,0.6000000000000001,1,1,5.4,5,0,5.6,3,2,1.5,21,1,0.1,5
2020-09-21,West Midlands,0,0.30000000000000004,1,0,0.0,0,0,0.0,0,0,0.0,0,0,0.0,0,0,0.0,0,0,0.30000000000000004,1,0,0.30000000000000004,1,0,0.0,0,0,0.0,0,0,0.30000000000000004,1,0,0.0,0,0,0.0,0,0,0.7000000000000001,2,1,1.0,3,2,2.8,6,0,0.6000000000000001,1,0,4.3,4,0,7.5,4,3,1.4,20,0,0.1,4
2020-09-20,West Midlands,0,0.30000000000000004,1,0,0.0,0,0,0.0,0,0,0.0,0,0,0.0,0,0,0.0,0,1,0.30000000000000004,1,0,0.30000000000000004,1,0,0.0,0,0,0.0,0,1,0.30000000000000004,1,0,0.0,0,0,0.0,0,0,1.0,3,0,1.0,3,2,1.9,4,0,0.6000000000000001,1,2,5.4,5,1,7.5,4,5,1.4,20,2,0.1,4
2020-09-19,West Midlands,0,0.30000000000000004,1,0,0.0,0,0,0.0,0,0,0.0,0,0,0.0,0,0,0.0,0,0,0.0,0,0,0.30000000000000004,1,0,0.0,0,0,0.0,0,0,0.0,0,0,0.0,0,0,0.0,0,0,1.0,3,1,1.4,4,0,0.9,2,0,0.6000000000000001,1,0,4.3,4,1,7.5,4,2,1.3,18,0,0.0,2
2020-09-18,West Midlands,1,0.30000000000000004,1,0,0.0,0,0,0.0,0,0,0.0,0,0,0.0,0,0,0.0,0,0,0.0,0,1,0.30000000000000004,1,0,0.0,0,0,0.0,0,0,0.0,0,0,0.0,0,0,0.0,0,1,1.0,3,0,1.0,3,0,0.9,2,0,0.6000000000000001,1,2,4.3,4,1,5.6,3,4,1.1,16,2,0.0,2
2020-09-17,West Midlands,0,0.0,0,0,0.0,0,0,0.0,0,0,0.0,0,0,0.0,0,0,0.0,0,0,0.0,0,0,0.0,0,0,0.0,0,0,0.0,0,0,0.0,0,0,0.0,0,0,0.0,0,0,0.7000000000000001,2,1,1.0,3,1,0.9,2,0,1.3,2,0,2.1,2,0,3.8,2,2,0.9,13,0,0.0,0
2020-09-16,West Midlands,0,0.0,0,0,0.0,0,0,0.0,0,0,0.0,0,0,0.0,0,0,0.0,0,0,0.0,0,0,0.0,0,0,0.0,0,0,0.0,0,0,0.0,0,0,0.0,0,0,0.0,0,1,0.7000000000000001,2,0,0.7000000000000001,2,1,0.5,1,1,1.3,2,0,2.1,2,0,5.6,3,3,0.8,12,0,0.0,0
2020-09-15,West Midlands,0,0.0,0,0,0.0,0,0,0.0,0,0,0.0,0,0,0.0,0,0,0.0,0,0,0.0,0,0,0.0,0,0,0.0,0,0,0.0,0,0,0.0,0,0,0.0,0,0,0.0,0,0,0.30000000000000004,1,0,0.7000000000000001,2,0,0.0,0,0,0.6000000000000001,1,0,2.1,2,1,5.6,3,1,0.6000000000000001,9,0,0.0,0
2020-09-14,West Midlands,0,0.0,0,0,0.0,0,0,0.0,0,0,0.0,0,0,0.0,0,0,0.0,0,0,0.0,0,0,0.0,0,0,0.0,0,0,0.0,0,0,0.0,0,0,0.0,0,0,0.0,0,1,0.7000000000000001,2,1,0.7000000000000001,2,0,0.5,1,0,0.6000000000000001,1,1,2.1,2,0,5.6,3,3,0.8,11,0,0.0,0
2020-09-13,West Midlands,0,0.0,0,0,0.0,0,0,0.0,0,0,0.0,0,0,0.0,0,0,0.0,0,0,0.0,0,0,0.0,0,0,0.0,0,0,0.0,0,0,0.0,0,0,0.0,0,0,0.0,0,0,0.7000000000000001,2,1,0.30000000000000004,1,0,0.5,1,0,0.6000000000000001,1,1,1.1,1,1,7.5,4,3,0.7000000000000001,10,0,0.0,0
2020-09-12,West Midlands,0,0.0,0,0,0.0,0,0,0.0,0,0,0.0,0,0,0.0,0,0,0.0,0,0,0.0,0,0,0.0,0,0,0.0,0,0,0.0,0,0,0.0,0,0,0.0,0,0,0.0,0,0,0.7000000000000001,2,0,0.0,0,0,0.5,1,0,0.6000000000000001,1,0,0.0,0,0,5.6,3,0,0.5,7,0,0.0,0
2020-09-11,West Midlands,0,0.0,0,0,0.0,0,0,0.0,0,0,0.0,0,0,0.0,0,0,0.0,0,0,0.0,0,0,0.0,0,0,0.0,0,0,0.0,0,0,0.0,0,0,0.0,0,0,0.0,0,0,0.7000000000000001,2,0,0.0,0,0,0.5,1,1,0.6000000000000001,1,0,0.0,0,0,5.6,3,1,0.5,7,0,0.0,0
2020-09-10,West Midlands,0,0.0,0,0,0.0,0,0,0.0,0,0,0.0,0,0,0.0,0,0,0.0,0,0,0.30000000000000004,1,0,0.0,0,0,0.0,0,0,0.0,0,0,0.0,0,0,0.0,0,0,0.0,0,0,0.7000000000000001,2,0,0.0,0,0,0.5,1,0,0.0,0,0,0.0,0,1,5.6,3,1,0.4,6,0,0.0,1
2020-09-09,West Midlands,0,0.0,0,0,0.0,0,0,0.0,0,0,0.0,0,0,0.0,0,0,0.0,0,0,0.30000000000000004,1,0,0.0,0,0,0.0,0,0,0.0,0,0,0.0,0,0,0.0,0,0,0.0,0,0,0.7000000000000001,2,0,0.0,0,0,0.5,1,0,0.0,0,0,0.0,0,0,3.8,2,0,0.4,5,0,0.0,1
2020-09-08,West Midlands,0,0.0,0,0,0.0,0,0,0.0,0,0,0.0,0,0,0.0,0,0,0.0,0,0,0.30000000000000004,1,0,0.0,0,0,0.0,0,0,0.0,0,0,0.0,0,0,0.0,0,0,0.0,0,1,0.7000000000000001,2,0,0.0,0,1,0.5,1,0,0.0,0,0,0.0,0,1,3.8,2,3,0.4,5,0,0.0,1
2020-09-07,West Midlands,0,0.0,0,0,0.0,0,0,0.0,0,0,0.0,0,0,0.0,0,0,0.0,0,0,0.30000000000000004,1,0,0.0,0,0,0.0,0,0,0.0,0,0,0.0,0,0,0.0,0,0,0.0,0,1,0.30000000000000004,1,0,0.0,0,0,0.0,0,0,0.0,0,0,0.0,0,1,1.9,1,2,0.1,2,0,0.0,1
2020-09-06,West Midlands,0,0.0,0,0,0.0,0,0,0.0,0,0,0.0,0,0,0.0,0,0,0.0,0,0,0.30000000000000004,1,0,0.0,0,0,0.0,0,0,0.0,0,0,0.0,0,0,0.0,0,0,0.0,0,0,0.0,0,0,0.0,0,0,0.0,0,0,0.0,0,0,0.0,0,0,0.0,0,0,0.0,0,0,0.0,1
2020-09-05,West Midlands,0,0.0,0,0,0.0,0,0,0.0,0,0,0.0,0,0,0.0,0,0,0.0,0,0,0.30000000000000004,1,0,0.0,0,0,0.0,0,0,0.0,0,0,0.0,0,0,0.0,0,0,0.30000000000000004,1,0,0.0,0,0,0.0,0,0,0.0,0,0,0.0,0,0,0.0,0,0,0.0,0,0,0.1,1,0,0.0,1
2020-09-04,West Midlands,0,0.0,0,0,0.0,0,0,0.0,0,0,0.0,0,0,0.0,0,0,0.0,0,1,0.30000000000000004,1,0,0.0,0,0,0.0,0,0,0.0,0,0,0.0,0,0,0.0,0,0,0.30000000000000004,1,0,0.0,0,0,0.0,0,0,0.0,0,0,0.6000000000000001,1,0,0.0,0,0,0.0,0,0,0.1,2,1,0.0,1
2020-09-03,West Midlands,0,0.0,0,0,0.0,0,0,0.0,0,0,0.0,0,0,0.0,0,0,0.0,0,0,0.0,0,0,0.0,0,0,0.0,0,0,0.0,0,0,0.0,0,0,0.0,0,0,0.30000000000000004,1,0,0.0,0,0,0.0,0,0,0.0,0,0,1.3,2,0,0.0,0,0,0.0,0,0,0.2,3,0,0.0,0
2020-09-02,West Midlands,0,0.0,0,0,0.0,0,0,0.0,0,0,0.0,0,0,0.0,0,0,0.0,0,0,0.0,0,0,0.0,0,0,0.0,0,0,0.2,1,0,0.0,0,0,0.0,0,0,0.30000000000000004,1,0,0.0,0,0,0.0,0,0,0.0,0,0,1.3,2,0,0.0,0,0,0.0,0,0,0.2,3,0,0.0,1
2020-09-01,West Midlands,0,0.0,0,0,0.0,0,0,0.0,0,0,0.0,0,0,0.0,0,0,0.0,0,0,0.0,0,0,0.0,0,0,0.0,0,0,0.2,1,0,0.0,0,0,0.0,0,0,0.30000000000000004,1,0,0.0,0,0,0.30000000000000004,1,0,0.0,0,0,1.3,2,0,0.0,0,0,5.6,3,0,0.5,7,0,0.0,1
2020-08-31,West Midlands,0,0.0,0,0,0.0,0,0,0.0,0,0,0.0,0,0,0.0,0,0,0.0,0,0,0.0,0,0,0.0,0,0,0.0,0,0,0.2,1,0,0.0,0,0,0.0,0,0,0.30000000000000004,1,0,0.0,0,0,0.30000000000000004,1,0,0.0,0,0,1.3,2,0,0.0,0,0,5.6,3,0,0.5,7,0,0.0,1
2020-08-30,West Midlands,0,0.0,0,0,0.0,0,0,0.0,0,0,0.0,0,0,0.0,0,0,0.0,0,0,0.0,0,0,0.0,0,0,0.0,0,0,0.2,1,0,0.0,0,0,0.0,0,1,0.30000000000000004,1,0,0.0,0,0,0.30000000000000004,1,0,0.0,0,0,1.3,2,0,0.0,0,0,5.6,3,1,0.5,7,0,0.0,1
2020-08-29,West Midlands,0,0.0,0,0,0.0,0,0,0.0,0,0,0.0,0,0,0.0,0,0,0.0,0,0,0.0,0,0,0.0,0,0,0.0,0,0,0.2,1,0,0.0,0,0,0.0,0,0,0.0,0,0,0.0,0,0,0.30000000000000004,1,0,0.0,0,1,1.3,2,0,0.0,0,0,5.6,3,1,0.4,6,0,0.0,1
2020-08-28,West Midlands,0,0.0,0,0,0.0,0,0,0.0,0,0,0.0,0,0,0.0,0,0,0.0,0,0,0.0,0,0,0.0,0,0,0.0,0,0,0.2,1,0,0.0,0,0,0.0,0,0,0.0,0,0,0.0,0,0,0.30000000000000004,1,0,0.0,0,1,0.6000000000000001,1,0,0.0,0,0,5.6,3,1,0.4,5,0,0.0,1
2020-08-27,West Midlands,0,0.0,0,0,0.0,0,0,0.0,0,0,0.0,0,0,0.0,0,0,0.0,0,0,0.0,0,0,0.0,0,0,0.0,0,1,0.2,1,0,0.0,0,0,0.0,0,0,0.0,0,0,0.0,0,0,0.30000000000000004,1,0,0.0,0,0,0.0,0,0,0.0,0,0,5.6,3,0,0.30000000000000004,4,1,0.0,1
2020-08-26,West Midlands,0,0.0,0,0,0.0,0,0,0.0,0,0,0.0,0,0,0.0,0,0,0.0,0,0,0.0,0,0,0.0,0,0,0.0,0,0,0.0,0,0,0.0,0,0,0.0,0,0,0.0,0,0,0.0,0,1,0.30000000000000004,1,0,0.0,0,0,0.0,0,0,0.0,0,3,5.6,3,4,0.30000000000000004,4,0,0.0,0
2020-08-25,West Midlands,0,0.0,0,0,0.0,0,0,0.0,0,0,0.0,0,0,0.0,0,0,0.0,0,0,0.0,0,0,0.0,0,0,0.0,0,0,0.0,0,0,0.0,0,0,0.0,0,0,0.0,0,0,0.0,0,0,0.0,0,0,0.0,0,0,0.0,0,0,0.0,0,0,0.0,0,0,0.0,0,0,0.0,0
2020-08-24,West Midlands,0,0.0,0,0,0.0,0,0,0.0,0,0,0.0,0,0,0.0,0,0,0.0,0,0,0.0,0,0,0.0,0,0,0.0,0,0,0.0,0,0,0.0,0,0,0.0,0,0,0.0,0,0,0.0,0,0,0.0,0,0,0.0,0,0,0.0,0,0,0.0,0,0,0.0,0,0,0.0,0,0,0.0,0
2020-08-23,West Midlands,0,0.0,0,0,0.0,0,0,0.0,0,0,0.0,0,0,0.0,0,0,0.0,0,0,0.0,0,0,0.0,0,0,0.0,0,0,0.0,0,0,0.0,0,0,0.0,0,0,0.0,0,0,0.0,0,0,0.0,0,0,0.0,0,0,0.0,0,0,0.0,0,0,0.0,0,0,0.0,0,0,0.0,0
2020-08-22,West Midlands,0,0.0,0,0,0.0,0,0,0.0,0,0,0.0,0,0,0.0,0,0,0.0,0,0,0.0,0,0,0.0,0,0,0.0,0,0,0.0,0,0,0.0,0,0,0.0,0,0,0.0,0,0,0.0,0,0,0.0,0,0,0.0,0,0,0.0,0,0,0.0,0,0,0.0,0,0,0.0,0,0,0.0,0
2020-08-21,West Midlands,0,0.0,0,0,0.0,0,0,0.0,0,0,0.0,0,0,0.0,0,0,0.0,0,0,0.0,0,0,0.0,0,0,0.0,0,0,0.0,0,0,0.0,0,0,0.0,0,0,0.0,0,0,0.0,0,0,0.0,0,0,0.5,1,0,0.0,0,0,0.0,0,0,0.0,0,0,0.1,1,0,0.0,0
2020-08-20,West Midlands,0,0.0,0,0,0.0,0,0,0.0,0,0,0.0,0,0,0.0,0,0,0.0,0,0,0.0,0,0,0.0,0,0,0.0,0,0,0.0,0,0,0.0,0,0,0.0,0,0,0.0,0,0,0.0,0,0,0.0,0,0,0.5,1,0,0.6000000000000001,1,0,0.0,0,0,0.0,0,0,0.1,2,0,0.0,0
2020-08-19,West Midlands,0,0.0,0,0,0.0,0,0,0.0,0,0,0.0,0,0,0.0,0,0,0.0,0,0,0.0,0,0,0.0,0,0,0.0,0,0,0.0,0,0,0.0,0,0,0.0,0,0,0.0,0,0,0.0,0,0,0.0,0,0,0.5,1,0,0.6000000000000001,1,0,0.0,0,0,0.0,0,0,0.1,2,0,0.0,0
2020-08-18,West Midlands,0,0.0,0,0,0.0,0,0,0.0,0,0,0.0,0,0,0.0,0,0,0.0,0,0,0.0,0,0,0.0,0,0,0.0,0,0,0.0,0,0,0.0,0,0,0.0,0,0,0.0,0,0,0.0,0,0,0.0,0,0,0.5,1,0,0.6000000000000001,1,0,0.0,0,0,0.0,0,0,0.1,2,0,0.0,0
2020-08-17,West Midlands,0,0.0,0,0,0.0,0,0,0.0,0,0,0.0,0,0,0.0,0,0,0.0,0,0,0.0,0,0,0.0,0,0,0.0,0,0,0.0,0,0,0.0,0,0,0.0,0,0,0.0,0,0,0.0,0,0,0.0,0,0,0.5,1,0,0.6000000000000001,1,0,1.1,1,0,0.0,0,0,0.2,3,0,0.0,0
2020-08-16,West Midlands,0,0.0,0,0,0.0,0,0,0.0,0,0,0.0,0,0,0.0,0,0,0.0,0,0,0.0,0,0,0.0,0,0,0.0,0,0,0.0,0,0,0.0,0,0,0.0,0,0,0.0,0,0,0.0,0,0,0.0,0,0,0.5,1,0,0.6000000000000001,1,0,1.1,1,0,0.0,0,0,0.2,3,0,0.0,0
2020-08-15,West Midlands,0,0.0,0,0,0.0,0,0,0.0,0,0,0.0,0,0,0.0,0,0,0.0,0,0,0.0,0,0,0.0,0,0,0.0,0,0,0.0,0,0,0.0,0,0,0.0,0,0,0.0,0,0,0.0,0,0,0.0,0,1,0.5,1,0,0.6000000000000001,1,0,1.1,1,0,0.0,0,1,0.2,3,0,0.0,0
2020-08-14,West Midlands,0,0.0,0,0,0.0,0,0,0.0,0,0,0.0,0,0,0.0,0,0,0.0,0,0,0.0,0,0,0.0,0,0,0.0,0,0,0.0,0,0,0.0,0,0,0.0,0,0,0.0,0,0,0.0,0,0,0.0,0,0,0.0,0,1,1.3,2,0,1.1,1,0,0.0,0,1,0.2,3,0,0.0,0
2020-08-13,West Midlands,0,0.0,0,0,0.0,0,0,0.0,0,0,0.0,0,0,0.0,0,0,0.0,0,0,0.0,0,0,0.0,0,0,0.0,0,0,0.0,0,0,0.0,0,0,0.0,0,0,0.30000000000000004,1,0,0.0,0,0,0.30000000000000004,1,0,0.0,0,0,0.6000000000000001,1,0,2.1,2,0,0.0,0,0,0.4,5,0,0.0,0
2020-08-12,West Midlands,0,0.0,0,0,0.0,0,0,0.0,0,0,0.0,0,0,0.0,0,0,0.0,0,0,0.0,0,0,0.0,0,0,0.0,0,0,0.0,0,0,0.0,0,0,0.0,0,0,0.30000000000000004,1,0,0.0,0,0,0.30000000000000004,1,0,0.0,0,0,0.6000000000000001,1,0,2.1,2,0,0.0,0,0,0.4,5,0,0.0,0
2020-08-11,West Midlands,0,0.0,0,0,0.0,0,0,0.0,0,0,0.0,0,0,0.0,0,0,0.0,0,0,0.0,0,0,0.0,0,0,0.0,0,0,0.0,0,0,0.0,0,0,0.0,0,0,0.30000000000000004,1,0,0.0,0,0,0.30000000000000004,1,0,0.0,0,0,0.6000000000000001,1,1,2.1,2,0,0.0,0,1,0.4,5,0,0.0,0
2020-08-10,West Midlands,0,0.0,0,0,0.0,0,0,0.0,0,0,0.0,0,0,0.0,0,0,0.0,0,0,0.0,0,0,0.0,0,0,0.0,0,0,0.0,0,0,0.0,0,0,0.0,0,0,0.30000000000000004,1,0,0.0,0,0,0.7000000000000001,2,0,0.0,0,0,0.6000000000000001,1,0,2.1,2,0,0.0,0,0,0.4,6,0,0.0,0
2020-08-09,West Midlands,0,0.0,0,0,0.0,0,0,0.0,0,0,0.0,0,0,0.0,0,0,0.0,0,0,0.0,0,0,0.0,0,0,0.0,0,0,0.0,0,0,0.0,0,0,0.0,0,0,0.30000000000000004,1,0,0.0,0,0,0.7000000000000001,2,0,0.0,0,0,0.6000000000000001,1,0,2.1,2,0,0.0,0,0,0.4,6,0,0.0,0
2020-08-08,West Midlands,0,0.0,0,0,0.0,0,0,0.0,0,0,0.0,0,0,0.0,0,0,0.0,0,0,0.0,0,0,0.0,0,0,0.0,0,0,0.0,0,0,0.0,0,0,0.0,0,0,0.30000000000000004,1,0,0.0,0,0,0.7000000000000001,2,0,0.0,0,1,0.6000000000000001,1,0,2.1,2,0,0.0,0,1,0.4,6,0,0.0,0
2020-08-07,West Midlands,0,0.0,0,0,0.0,0,0,0.0,0,0,0.0,0,0,0.0,0,0,0.0,0,0,0.0,0,0,0.0,0,0,0.0,0,0,0.0,0,0,0.0,0,0,0.0,0,1,0.30000000000000004,1,0,0.0,0,1,0.7000000000000001,2,0,0.0,0,0,0.0,0,1,2.1,2,0,0.0,0,3,0.4,5,0,0.0,0
2020-08-06,West Midlands,0,0.0,0,0,0.0,0,0,0.0,0,0,0.0,0,0,0.0,0,0,0.0,0,0,0.0,0,0,0.0,0,0,0.0,0,0,0.0,0,0,0.0,0,0,0.0,0,0,0.0,0,0,0.0,0,0,0.30000000000000004,1,0,0.0,0,0,0.6000000000000001,1,0,1.1,1,0,0.0,0,0,0.2,3,0,0.0,0
2020-08-05,West Midlands,0,0.0,0,0,0.0,0,0,0.0,0,0,0.0,0,0,0.0,0,0,0.0,0,0,0.0,0,0,0.0,0,0,0.0,0,0,0.0,0,0,0.0,0,0,0.0,0,0,0.0,0,0,0.0,0,0,0.30000000000000004,1,0,0.0,0,0,0.6000000000000001,1,0,1.1,1,0,0.0,0,0,0.2,3,0,0.0,0
2020-08-04,West Midlands,0,0.0,0,0,0.0,0,0,0.0,0,0,0.0,0,0,0.0,0,0,0.0,0,0,0.0,0,0,0.0,0,0,0.0,0,0,0.0,0,0,0.0,0,0,0.0,0,0,0.0,0,0,0.0,0,1,0.30000000000000004,1,0,0.0,0,0,0.6000000000000001,1,1,1.1,1,0,0.0,0,2,0.2,3,0,0.0,0
2020-08-03,West Midlands,0,0.0,0,0,0.0,0,0,0.0,0,0,0.0,0,0,0.0,0,0,0.0,0,0,0.0,0,0,0.0,0,0,0.0,0,0,0.0,0,0,0.0,0,0,0.0,0,0,0.0,0,0,0.0,0,0,0.0,0,0,0.0,0,0,0.6000000000000001,1,0,0.0,0,0,0.0,0,0,0.1,1,0,0.0,0
2020-08-02,West Midlands,0,0.0,0,0,0.0,0,0,0.0,0,0,0.0,0,0,0.0,0,0,0.0,0,0,0.0,0,0,0.0,0,0,0.0,0,0,0.0,0,0,0.0,0,0,0.0,0,0,0.30000000000000004,1,0,0.0,0,0,0.0,0,0,0.0,0,0,0.6000000000000001,1,0,0.0,0,0,1.9,1,0,0.2,3,0,0.0,0
2020-08-01,West Midlands,0,0.0,0,0,0.0,0,0,0.0,0,0,0.0,0,0,0.0,0,0,0.0,0,0,0.0,0,0,0.0,0,0,0.0,0,0,0.0,0,0,0.0,0,0,0.0,0,0,0.30000000000000004,1,0,0.0,0,0,0.0,0,0,0.0,0,0,0.6000000000000001,1,0,0.0,0,0,1.9,1,0,0.2,3,0,0.0,0
2020-07-31,West Midlands,0,0.30000000000000004,1,0,0.0,0,0,0.0,0,0,0.0,0,0,0.0,0,0,0.0,0,0,0.0,0,0,0.30000000000000004,1,0,0.30000000000000004,1,0,0.0,0,0,0.0,0,0,0.0,0,0,0.30000000000000004,1,0,0.0,0,0,0.0,0,0,0.5,1,1,0.6000000000000001,1,0,0.0,0,0,1.9,1,1,0.30000000000000004,4,0,0.1,3
2020-07-30,West Midlands,0,0.30000000000000004,1,0,0.0,0,0,0.0,0,0,0.0,0,0,0.0,0,0,0.0,0,0,0.0,0,0,0.30000000000000004,1,0,0.30000000000000004,1,0,0.0,0,0,0.0,0,0,0.0,0,0,0.30000000000000004,1,0,0.0,0,0,0.0,0,0,0.5,1,0,0.0,0,0,0.0,0,0,1.9,1,0,0.2,3,0,0.1,3
2020-07-29,West Midlands,0,0.30000000000000004,1,0,0.0,0,0,0.0,0,0,0.0,0,0,0.0,0,0,0.0,0,0,0.0,0,0,0.30000000000000004,1,0,0.30000000000000004,1,0,0.0,0,0,0.0,0,0,0.0,0,0,0.30000000000000004,1,0,0.30000000000000004,1,0,0.30000000000000004,1,0,0.5,1,0,0.0,0,0,1.1,1,0,1.9,1,0,0.4,6,0,0.1,3
2020-07-28,West Midlands,0,0.30000000000000004,1,0,0.0,0,0,0.0,0,0,0.0,0,0,0.0,0,0,0.0,0,0,0.0,0,0,0.30000000000000004,1,0,0.30000000000000004,1,0,0.0,0,0,0.0,0,0,0.0,0,0,0.30000000000000004,1,0,0.30000000000000004,1,0,0.30000000000000004,1,0,0.5,1,0,0.0,0,0,3.2,3,0,3.8,2,0,0.6000000000000001,9,0,0.1,3
2020-07-27,West Midlands,0,0.30000000000000004,1,0,0.0,0,0,0.0,0,0,0.0,0,0,0.0,0,0,0.0,0,0,0.0,0,0,0.30000000000000004,1,0,0.30000000000000004,1,0,0.0,0,0,0.0,0,0,0.0,0,1,0.30000000000000004,1,0,0.30000000000000004,1,0,0.30000000000000004,1,0,0.5,1,0,0.0,0,0,4.3,4,1,3.8,2,2,0.7000000000000001,10,0,0.1,3
2020-07-26,West Midlands,0,0.30000000000000004,1,0,0.0,0,0,0.0,0,0,0.0,0,0,0.0,0,0,0.0,0,0,0.0,0,0,0.30000000000000004,1,0,0.30000000000000004,1,0,0.0,0,0,0.0,0,0,0.0,0,0,0.0,0,0,0.30000000000000004,1,0,0.30000000000000004,1,0,0.5,1,0,0.0,0,0,5.4,5,0,1.9,1,0,0.6000000000000001,9,0,0.1,3
2020-07-25,West Midlands,1,0.30000000000000004,1,0,0.0,0,0,0.0,0,0,0.0,0,0,0.0,0,0,0.0,0,0,0.0,0,1,0.30000000000000004,1,1,0.30000000000000004,1,0,0.0,0,0,0.0,0,0,0.0,0,0,0.0,0,0,0.30000000000000004,1,0,0.30000000000000004,1,1,0.5,1,0,0.0,0,0,5.4,5,0,1.9,1,1,0.6000000000000001,9,3,0.1,3
2020-07-24,West Midlands,0,0.0,0,0,0.0,0,0,0.0,0,0,0.0,0,0,0.0,0,0,0.0,0,0,0.0,0,0,0.0,0,0,0.0,0,0,0.0,0,0,0.0,0,0,0.0,0,0,0.0,0,0,0.30000000000000004,1,0,0.30000000000000004,1,0,0.0,0,0,0.0,0,0,5.4,5,0,1.9,1,0,0.6000000000000001,8,0,0.0,0
2020-07-23,West Midlands,0,0.0,0,0,0.0,0,0,0.0,0,0,0.0,0,0,0.0,0,0,0.0,0,0,0.0,0,0,0.0,0,0,0.0,0,0,0.0,0,0,0.0,0,0,0.0,0,0,0.0,0,1,0.30000000000000004,1,1,0.30000000000000004,1,0,0.0,0,0,0.0,0,1,6.4,6,0,1.9,1,3,0.6000000000000001,9,0,0.0,0
2020-07-22,West Midlands,0,0.0,0,0,0.0,0,0,0.0,0,0,0.0,0,0,0.0,0,0,0.0,0,0,0.0,0,0,0.0,0,0,0.0,0,0,0.0,0,0,0.0,0,0,0.0,0,0,0.0,0,0,0.0,0,0,0.0,0,0,0.0,0,0,0.0,0,2,5.4,5,1,1.9,1,3,0.4,6,0,0.0,0
2020-07-21,West Midlands,0,0.0,0,0,0.0,0,0,0.0,0,0,0.0,0,0,0.0,0,0,0.0,0,0,0.0,0,0,0.0,0,0,0.0,0,0,0.0,0,0,0.0,0,0,0.0,0,0,0.0,0,0,0.30000000000000004,1,0,0.0,0,0,0.0,0,0,0.0,0,1,4.3,4,0,0.0,0,1,0.4,5,0,0.0,0
2020-07-20,West Midlands,0,0.0,0,0,0.0,0,0,0.0,0,0,0.0,0,0,0.0,0,0,0.0,0,0,0.0,0,0,0.0,0,0,0.0,0,0,0.0,0,0,0.0,0,0,0.0,0,0,0.0,0,0,0.30000000000000004,1,0,0.0,0,0,0.0,0,0,0.0,0,1,3.2,3,0,0.0,0,1,0.30000000000000004,4,0,0.0,0
2020-07-19,West Midlands,0,0.0,0,0,0.0,0,0,0.0,0,0,0.0,0,0,0.0,0,0,0.0,0,0,0.0,0,0,0.0,0,0,0.0,0,0,0.0,0,0,0.0,0,0,0.0,0,0,0.0,0,0,0.30000000000000004,1,0,0.0,0,0,0.0,0,0,0.0,0,0,2.1,2,0,0.0,0,0,0.2,3,0,0.0,0
2020-07-18,West Midlands,0,0.0,0,0,0.0,0,0,0.0,0,0,0.0,0,0,0.0,0,0,0.0,0,0,0.0,0,0,0.0,0,0,0.0,0,0,0.0,0,0,0.0,0,0,0.0,0,0,0.0,0,0,0.30000000000000004,1,0,0.0,0,0,0.0,0,0,0.0,0,0,2.1,2,0,0.0,0,0,0.2,3,0,0.0,0
2020-07-17,West Midlands,0,0.0,0,0,0.0,0,0,0.0,0,0,0.0,0,0,0.0,0,0,0.0,0,0,0.0,0,0,0.0,0,0,0.0,0,0,0.0,0,0,0.0,0,0,0.0,0,0,0.0,0,0,0.30000000000000004,1,0,0.0,0,0,0.0,0,0,0.0,0,1,2.1,2,0,0.0,0,1,0.2,3,0,0.0,0
2020-07-16,West Midlands,0,0.0,0,0,0.0,0,0,0.0,0,0,0.0,0,0,0.0,0,0,0.0,0,0,0.0,0,0,0.0,0,0,0.0,0,0,0.0,0,0,0.0,0,0,0.0,0,0,0.0,0,0,0.30000000000000004,1,0,0.30000000000000004,1,0,0.0,0,0,0.0,0,0,1.1,1,0,0.0,0,0,0.2,3,0,0.0,0
2020-07-15,West Midlands,0,0.0,0,0,0.0,0,0,0.0,0,0,0.0,0,0,0.0,0,0,0.0,0,0,0.0,0,0,0.0,0,0,0.0,0,0,0.0,0,0,0.0,0,0,0.0,0,0,0.0,0,1,0.30000000000000004,1,0,1.7000000000000002,5,0,0.9,2,0,0.0,0,1,1.1,1,0,0.0,0,2,0.6000000000000001,9,0,0.0,0
2020-07-14,West Midlands,0,0.0,0,0,0.0,0,0,0.0,0,0,0.0,0,0,0.0,0,0,0.0,0,0,0.0,0,0,0.0,0,0,0.0,0,0,0.0,0,0,0.0,0,0,0.0,0,0,0.0,0,0,0.0,0,0,1.7000000000000002,5,0,0.9,2,0,0.0,0,0,0.0,0,0,0.0,0,0,0.5,7,0,0.0,0
2020-07-13,West Midlands,0,0.0,0,0,0.0,0,0,0.0,0,0,0.0,0,0,0.0,0,0,0.0,0,0,0.0,0,0,0.0,0,0,0.0,0,0,0.0,0,0,0.0,0,0,0.0,0,0,0.0,0,0,0.0,0,0,1.7000000000000002,5,0,1.4,3,0,1.3,2,0,1.1,1,0,0.0,0,0,0.8,11,0,0.0,0
2020-07-12,West Midlands,0,0.0,0,0,0.0,0,0,0.0,0,0,0.0,0,0,0.0,0,0,0.0,0,0,0.0,0,0,0.0,0,0,0.0,0,0,0.0,0,0,0.0,0,0,0.0,0,0,0.0,0,0,0.30000000000000004,1,0,1.7000000000000002,5,0,1.4,3,0,1.9,3,0,1.1,1,0,5.6,3,0,1.1,16,0,0.0,0
2020-07-11,West Midlands,0,0.0,0,0,0.0,0,0,0.0,0,0,0.0,0,0,0.0,0,0,0.0,0,0,0.0,0,0,0.0,0,0,0.0,0,0,0.0,0,0,0.0,0,0,0.0,0,0,0.0,0,0,0.30000000000000004,1,0,2.1,6,0,1.4,3,0,2.6,4,0,1.1,1,0,5.6,3,0,1.3,18,0,0.0,0
2020-07-10,West Midlands,0,0.30000000000000004,1,0,0.0,0,0,0.0,0,0,0.0,0,0,0.0,0,0,0.0,0,0,0.0,0,0,0.30000000000000004,1,0,0.0,0,0,0.2,1,0,0.0,0,0,0.0,0,0,0.0,0,0,0.7000000000000001,2,1,2.1,6,0,1.4,3,0,2.6,4,0,1.1,1,0,7.5,4,1,1.4,20,0,0.1,3
2020-07-09,West Midlands,0,0.30000000000000004,1,0,0.0,0,0,0.0,0,0,0.0,0,0,0.0,0,0,0.0,0,0,0.0,0,0,0.30000000000000004,1,0,0.0,0,0,0.2,1,0,0.0,0,0,0.0,0,0,0.0,0,0,0.7000000000000001,2,4,1.7000000000000002,5,2,1.9,4,0,3.8,6,0,1.1,1,0,9.4,5,6,1.6,23,0,0.1,3
2020-07-08,West Midlands,0,0.30000000000000004,1,0,0.0,0,0,0.0,0,0,0.0,0,0,0.0,0,0,0.0,0,0,0.0,0,0,0.30000000000000004,1,0,0.0,0,0,0.2,1,0,0.0,0,0,0.0,0,0,0.30000000000000004,1,0,1.0,3,0,0.30000000000000004,1,0,1.9,4,0,4.5,7,0,1.1,1,0,9.4,5,0,1.5,22,0,0.1,3
2020-07-07,West Midlands,0,0.30000000000000004,1,0,0.0,0,0,0.0,0,0,0.0,0,0,0.0,0,0,0.0,0,0,0.0,0,0,0.30000000000000004,1,0,0.0,0,0,0.2,1,0,0.30000000000000004,1,0,0.0,0,0,0.30000000000000004,1,0,1.0,3,0,0.30000000000000004,1,1,1.9,4,2,4.5,7,1,1.1,1,0,9.4,5,4,1.5,22,0,0.1,4
2020-07-06,West Midlands,0,0.30000000000000004,1,0,0.0,0,0,0.0,0,0,0.0,0,0,0.0,0,0,0.0,0,0,0.0,0,0,0.30000000000000004,1,0,0.0,0,0,0.2,1,0,0.5,2,0,0.0,0,0,0.30000000000000004,1,1,1.4,4,0,0.7000000000000001,2,0,2.3,5,1,3.8,6,0,0.0,0,3,9.4,5,5,1.6,23,0,0.1,5
2020-07-05,West Midlands,0,0.30000000000000004,1,0,0.0,0,0,0.0,0,0,0.0,0,0,0.0,0,0,0.0,0,0,0.0,0,0,0.30000000000000004,1,0,0.30000000000000004,1,0,0.2,1,0,0.5,2,0,0.0,0,0,0.30000000000000004,1,0,1.0,3,1,0.7000000000000001,2,0,2.3,5,1,3.8,6,0,1.1,1,0,3.8,2,2,1.4,20,0,0.1,6
2020-07-04,West Midlands,1,0.30000000000000004,1,0,0.0,0,0,0.0,0,0,0.0,0,0,0.0,0,0,0.0,0,0,0.0,0,1,0.30000000000000004,1,0,0.30000000000000004,1,1,0.2,1,0,0.5,2,0,0.0,0,0,0.30000000000000004,1,1,1.0,3,0,0.7000000000000001,2,0,2.3,5,0,3.8,6,0,3.2,3,1,3.8,2,2,1.5,22,3,0.1,6
2020-07-03,West Midlands,0,0.0,0,0,0.0,0,0,0.0,0,0,0.0,0,0,0.0,0,0,0.0,0,0,0.0,0,0,0.0,0,0,0.30000000000000004,1,0,0.0,0,0,0.5,2,0,0.0,0,0,0.30000000000000004,1,0,0.7000000000000001,2,0,1.0,3,1,2.8,6,2,4.5,7,0,3.2,3,1,3.8,2,4,1.7000000000000002,24,0,0.1,3
2020-07-02,West Midlands,0,0.0,0,0,0.0,0,0,0.0,0,0,0.0,0,0,0.0,0,0,0.0,0,0,0.0,0,0,0.0,0,0,0.30000000000000004,1,0,0.0,0,0,0.5,2,0,0.0,0,1,0.30000000000000004,1,1,1.0,3,0,1.0,3,2,2.3,5,1,4.5,7,0,3.2,3,0,1.9,1,5,1.6,23,0,0.1,3
2020-07-01,West Midlands,0,0.0,0,0,0.0,0,0,0.0,0,0,0.0,0,0,0.0,0,0,0.0,0,0,0.0,0,0,0.0,0,0,0.5,2,0,0.0,0,1,0.5,2,0,0.0,0,0,0.0,0,0,0.7000000000000001,2,0,1.0,3,0,2.8,6,0,5.1,8,0,5.4,5,0,5.6,3,0,1.9,27,1,0.1,4
2020-06-30,West Midlands,0,0.0,0,0,0.0,0,0,0.0,0,0,0.0,0,0,0.0,0,0,0.0,0,0,0.0,0,0,0.0,0,0,0.5,2,0,0.0,0,1,0.30000000000000004,1,0,0.0,0,0,0.0,0,1,0.7000000000000001,2,1,1.0,3,2,2.8,6,1,6.4,10,0,6.4,6,0,5.6,3,5,2.1,30,1,0.1,3
2020-06-29,West Midlands,0,0.0,0,0,0.0,0,0,0.0,0,0,0.0,0,0,0.0,0,0,0.0,0,0,0.0,0,0,0.0,0,1,0.5,2,0,0.0,0,0,0.0,0,0,0.0,0,0,0.0,0,0,1.0,3,0,1.0,3,0,2.3,5,1,6.4,10,1,8.6,8,0,11.3,6,2,2.5,35,1,0.0,2
2020-06-28,West Midlands,0,0.0,0,0,0.0,0,0,0.0,0,0,0.0,0,0,0.0,0,0,0.0,0,0,0.0,0,0,0.0,0,0,0.30000000000000004,1,0,0.0,0,0,0.5,2,0,0.0,0,0,0.0,0,0,1.4,4,1,1.0,3,0,2.8,6,1,7.0,11,2,9.7,9,0,11.3,6,4,2.7,39,0,0.1,3
2020-06-27,West Midlands,0,0.0,0,0,0.0,0,0,0.0,0,0,0.0,0,0,0.0,0,0,0.0,0,0,0.0,0,0,0.0,0,0,0.30000000000000004,1,0,0.0,0,0,0.5,2,0,0.0,0,0,0.30000000000000004,1,0,1.4,4,1,0.7000000000000001,2,1,3.2,7,1,6.4,10,0,8.6,8,1,15.0,8,4,2.8,40,0,0.1,3
2020-06-26,West Midlands,0,0.0,0,0,0.0,0,0,0.0,0,0,0.0,0,0,0.0,0,0,0.0,0,0,0.0,0,0,0.0,0,0,0.30000000000000004,1,0,0.0,0,0,0.5,2,0,0.0,0,0,0.30000000000000004,1,1,1.4,4,0,0.30000000000000004,1,0,2.8,6,2,6.4,10,0,10.7,10,0,16.9,9,3,2.9,41,0,0.1,3
2020-06-25,West Midlands,0,0.0,0,0,0.0,0,0,0.0,0,0,0.0,0,0,0.0,0,0,0.0,0,0,0.0,0,0,0.0,0,1,0.30000000000000004,1,0,0.0,0,0,0.5,2,0,0.0,0,0,0.30000000000000004,1,0,1.0,3,0,0.30000000000000004,1,3,2.8,6,2,5.8,9,2,12.9,12,2,22.5,12,9,3.1,44,1,0.1,3
2020-06-24,West Midlands,0,0.0,0,0,0.0,0,0,0.0,0,0,0.0,0,0,0.0,0,0,0.0,0,0,0.0,0,0,0.0,0,0,0.0,0,0,0.0,0,0,0.5,2,0,0.0,0,0,0.30000000000000004,1,0,1.0,3,0,1.0,3,0,2.3,5,2,4.5,7,1,10.7,10,0,20.6,11,3,2.8,40,0,0.0,2
2020-06-23,West Midlands,0,0.0,0,0,0.0,0,0,0.0,0,0,0.0,0,0,0.0,0,0,0.0,0,0,0.0,0,0,0.0,0,0,0.0,0,0,0.0,0,0,0.8,3,0,0.0,0,0,0.30000000000000004,1,2,1.0,3,1,1.4,4,1,3.2,7,1,3.8,6,2,11.8,11,3,20.6,11,10,3.0,43,0,0.1,3
2020-06-22,West Midlands,0,0.0,0,0,0.0,0,0,0.0,0,0,0.0,0,0,0.0,0,0,0.0,0,0,0.0,0,0,0.0,0,0,0.0,0,0,0.0,0,2,1.1,4,0,0.0,0,0,0.30000000000000004,1,1,0.30000000000000004,1,0,1.4,4,1,3.2,7,2,5.1,8,2,10.7,10,0,18.8,10,6,2.9,41,2,0.1,4
2020-06-21,West Midlands,0,0.0,0,0,0.0,0,0,0.0,0,0,0.0,0,0,0.0,0,0,0.0,0,0,0.0,0,0,0.0,0,0,0.0,0,0,0.0,0,0,0.8,3,0,0.0,0,1,0.30000000000000004,1,0,0.30000000000000004,1,0,1.7000000000000002,5,1,3.2,7,0,5.1,8,1,8.6,8,2,24.4,13,5,3.0,43,0,0.1,3
2020-06-20,West Midlands,0,0.0,0,0,0.0,0,0,0.0,0,0,0.0,0,0,0.0,0,0,0.0,0,0,0.0,0,0,0.0,0,0,0.0,0,0,0.0,0,0,0.8,3,0,0.0,0,0,0.0,0,0,0.7000000000000001,2,0,2.7,8,0,3.2,7,1,5.8,9,2,9.7,9,2,26.3,14,5,3.4,49,0,0.1,3
2020-06-19,West Midlands,0,0.0,0,0,0.0,0,0,0.0,0,0,0.0,0,0,0.0,0,0,0.0,0,0,0.0,0,0,0.0,0,0,0.0,0,0,0.0,0,0,0.8,3,0,0.0,0,0,0.0,0,0,0.7000000000000001,2,0,2.7,8,0,3.2,7,1,5.1,8,2,9.7,9,3,26.3,14,6,3.4,48,0,0.1,3
2020-06-18,West Midlands,0,0.0,0,0,0.0,0,0,0.0,0,0,0.0,0,0,0.0,0,0,0.0,0,0,0.0,0,0,0.0,0,0,0.0,0,0,0.0,0,0,0.8,3,0,0.0,0,0,0.0,0,0,0.7000000000000001,2,2,3.1,9,2,3.7,8,0,5.8,9,0,8.6,8,1,24.4,13,5,3.4,49,0,0.1,3
2020-06-17,West Midlands,0,0.0,0,0,0.0,0,0,0.0,0,0,0.0,0,0,0.0,0,0,0.0,0,0,0.0,0,0,0.0,0,0,0.0,0,0,0.0,0,1,0.8,3,0,0.0,0,0,0.0,0,0,0.7000000000000001,2,1,2.4,7,2,2.8,6,1,5.8,9,2,9.7,9,0,24.4,13,6,3.2,46,1,0.1,3
2020-06-16,West Midlands,0,0.0,0,0,0.0,0,0,0.0,0,0,0.0,0,0,0.0,0,0,0.0,0,0,0.0,0,0,0.0,0,0,0.0,0,0,0.0,0,1,0.5,2,0,0.0,0,0,0.6000000000000001,2,0,1.0,3,1,2.7,8,1,2.3,5,3,5.1,8,1,8.6,8,2,24.4,13,8,3.3,47,1,0.0,2
2020-06-15,West Midlands,0,0.0,0,0,0.0,0,0,0.0,0,0,0.0,0,0,0.0,0,0,0.0,0,0,0.0,0,0,0.0,0,0,0.0,0,0,0.2,1,1,0.30000000000000004,1,0,0.0,0,0,0.6000000000000001,2,1,1.4,4,1,2.4,7,1,1.9,4,2,3.8,6,0,12.9,12,3,22.5,12,8,3.3,47,1,0.0,2
2020-06-14,West Midlands,0,0.0,0,0,0.0,0,0,0.0,0,0,0.0,0,0,0.0,0,0,0.0,0,0,0.0,0,0,0.0,0,0,0.0,0,0,0.2,1,0,0.5,2,0,0.0,0,0,0.6000000000000001,2,1,1.0,3,3,2.4,7,1,1.9,4,1,3.8,6,2,17.2,16,3,22.5,12,11,3.5,50,0,0.1,3
2020-06-13,West Midlands,0,0.0,0,0,0.0,0,0,0.0,0,0,0.0,0,0,0.0,0,0,0.0,0,0,0.0,0,0,0.0,0,0,0.0,0,0,0.2,1,0,0.5,2,0,0.0,0,0,0.9,3,0,1.0,3,0,1.4,4,0,2.3,5,0,4.5,7,2,16.1,15,2,22.5,12,4,3.4,49,0,0.1,3
2020-06-12,West Midlands,0,0.0,0,0,0.0,0,0,0.0,0,0,0.0,0,0,0.0,0,0,0.0,0,0,0.30000000000000004,1,0,0.0,0,0,0.0,0,0,0.2,1,0,0.5,2,0,0.0,0,0,0.9,3,0,1.0,3,1,1.4,4,1,4.2,9,2,5.8,9,1,13.9,13,2,18.8,10,7,3.6,51,0,0.1,4
2020-06-11,West Midlands,0,0.0,0,0,0.0,0,0,0.0,0,0,0.0,0,0,0.0,0,0,0.0,0,0,0.30000000000000004,1,0,0.0,0,0,0.0,0,0,0.2,1,0,0.5,2,0,0.0,0,0,0.9,3,0,1.7000000000000002,5,0,1.7000000000000002,5,0,4.2,9,0,5.1,8,1,17.2,16,1,26.3,14,2,4.2,60,0,0.1,4
2020-06-10,West Midlands,0,0.0,0,0,0.0,0,0,0.0,0,0,0.0,0,0,0.0,0,0,0.0,0,0,0.30000000000000004,1,0,0.0,0,0,0.30000000000000004,1,0,0.2,1,0,0.5,2,0,0.0,0,2,1.2,4,1,1.7000000000000002,5,2,2.1,6,1,4.2,9,0,5.8,9,1,16.1,15,0,31.9,17,7,4.6,65,0,0.1,5
2020-06-09,West Midlands,0,0.0,0,0,0.0,0,0,0.0,0,0,0.0,0,0,0.0,0,0,0.0,0,0,0.30000000000000004,1,0,0.0,0,0,0.30000000000000004,1,1,0.2,1,0,0.5,2,0,0.0,0,0,0.6000000000000001,2,1,1.7000000000000002,5,0,2.4,7,0,4.2,9,1,8.3,13,5,17.2,16,1,31.9,17,8,4.8,69,1,0.1,5
2020-06-08,West Midlands,0,0.0,0,0,0.0,0,0,0.0,0,0,0.0,0,0,0.0,0,0,0.0,0,0,0.30000000000000004,1,0,0.0,0,0,0.30000000000000004,1,0,0.2,1,2,0.5,2,0,0.0,0,0,0.6000000000000001,2,0,1.7000000000000002,5,1,3.8,11,1,6.0,13,2,8.9,14,4,16.1,15,3,35.7,19,11,5.5,79,2,0.1,5
2020-06-07,West Midlands,0,0.0,0,0,0.0,0,0,0.0,0,0,0.0,0,0,0.0,0,0,0.0,0,0,0.30000000000000004,1,0,0.0,0,0,0.30000000000000004,1,0,0.5,2,0,0.0,0,0,0.0,0,1,0.6000000000000001,2,1,1.7000000000000002,5,0,3.4,10,2,5.6,12,2,8.3,13,1,16.1,15,3,30.0,16,10,5.1,73,0,0.1,4
2020-06-06,West Midlands,0,0.0,0,0,0.0,0,0,0.0,0,0,0.0,0,0,0.0,0,0,0.0,0,1,0.30000000000000004,1,0,0.0,0,0,0.30000000000000004,1,0,0.7000000000000001,3,0,0.0,0,0,0.0,0,0,0.30000000000000004,1,0,2.0,6,0,3.4,10,4,5.1,11,2,8.9,14,0,18.2,17,0,30.0,16,6,5.3,75,1,0.1,5
2020-06-05,West Midlands,0,0.0,0,0,0.0,0,0,0.0,0,0,0.0,0,0,0.0,0,0,0.0,0,0,0.0,0,0,0.0,0,0,0.30000000000000004,1,0,0.7000000000000001,3,0,0.30000000000000004,1,0,0.0,0,0,0.30000000000000004,1,2,2.4,7,2,3.8,11,1,3.7,8,1,8.9,14,4,19.3,18,6,33.8,18,16,5.4,77,0,0.1,5
2020-06-04,West Midlands,0,0.0,0,0,0.0,0,0,0.0,0,0,0.0,0,0,0.0,0,0,0.0,0,0,0.0,0,0,0.0,0,1,0.30000000000000004,1,0,0.7000000000000001,3,0,0.5,2,0,0.0,0,1,0.30000000000000004,1,0,1.7000000000000002,5,1,3.8,11,0,4.2,9,1,8.9,14,0,20.4,19,4,31.9,17,7,5.3,76,1,0.1,6
2020-06-03,West Midlands,0,0.0,0,0,0.0,0,0,0.0,0,0,0.0,0,0,0.0,0,0,0.0,0,0,0.0,0,0,0.0,0,0,0.0,0,0,0.7000000000000001,3,0,0.5,2,0,0.0,0,0,0.0,0,1,2.0,6,3,4.1,12,1,6.0,13,4,10.9,17,2,24.7,23,0,26.3,14,11,6.0,85,0,0.1,5
2020-06-02,West Midlands,0,0.30000000000000004,1,0,0.0,0,0,0.0,0,0,0.0,0,0,0.0,0,0,0.0,0,0,0.0,0,0,0.30000000000000004,1,0,0.0,0,1,1.0,4,0,0.5,2,0,0.0,0,0,0.0,0,1,2.0,6,4,3.4,10,4,7.4,16,2,10.9,17,4,24.7,23,3,39.4,21,18,6.5,93,1,0.2,8
2020-06-01,West Midlands,0,0.30000000000000004,1,0,0.0,0,0,0.0,0,0,0.0,0,0,0.0,0,0,0.0,0,0,0.0,0,0,0.30000000000000004,1,0,0.0,0,1,0.7000000000000001,3,0,0.5,2,0,0.0,0,0,0.0,0,0,3.0,9,0,3.1,9,0,7.0,15,1,11.5,18,4,25.7,24,0,46.9,25,5,7.0,100,1,0.2,7
2020-05-31,West Midlands,0,0.30000000000000004,1,0,0.0,0,0,0.0,0,0,0.0,0,0,0.0,0,0,0.0,0,0,0.0,0,0,0.30000000000000004,1,0,0.0,0,1,0.5,2,0,0.5,2,0,0.0,0,0,0.30000000000000004,1,2,3.4,10,0,3.8,11,1,7.9,17,3,14.1,22,3,25.7,24,3,56.3,30,12,8.1,115,1,0.1,6
2020-05-30,West Midlands,0,0.30000000000000004,1,0,0.0,0,0,0.0,0,0,0.0,0,0,0.0,0,0,0.0,0,0,0.0,0,0,0.30000000000000004,1,0,0.0,0,0,0.5,2,1,0.8,3,0,0.0,0,0,0.30000000000000004,1,1,3.7,11,1,3.8,11,1,7.4,16,2,14.1,22,1,29.0,27,2,52.5,28,8,8.1,116,1,0.2,7
2020-05-29,West Midlands,0,0.6000000000000001,2,0,0.0,0,0,0.0,0,0,0.0,0,0,0.0,0,0,0.0,0,0,0.0,0,0,0.6000000000000001,2,0,0.0,0,0,0.5,2,1,1.1,4,0,0.0,0,0,0.30000000000000004,1,0,3.7,11,2,4.8,14,2,7.4,16,1,15.3,24,5,30.0,28,5,58.2,31,15,8.8,125,1,0.2,10
2020-05-28,West Midlands,0,0.6000000000000001,2,0,0.0,0,0,0.0,0,0,0.0,0,0,0.0,0,0,0.0,0,0,0.0,0,0,0.6000000000000001,2,0,0.0,0,0,0.5,2,0,0.8,3,0,0.0,0,0,0.6000000000000001,2,1,4.1,12,2,5.2,15,4,8.8,19,4,15.3,24,4,31.1,29,1,61.9,33,16,9.4,134,0,0.2,9
2020-05-27,West Midlands,1,0.6000000000000001,2,0,0.0,0,0,0.0,0,0,0.0,0,0,0.0,0,0,0.0,0,0,0.0,0,1,0.6000000000000001,2,0,0.0,0,1,0.5,2,0,0.8,3,0,0.0,0,0,0.6000000000000001,2,1,4.4,13,1,5.2,15,4,8.8,19,4,14.1,22,2,32.2,30,7,75.1,40,19,9.9,141,3,0.2,9
2020-05-26,West Midlands,0,0.30000000000000004,1,0,0.0,0,0,0.0,0,0,0.0,0,0,0.0,0,0,0.0,0,0,0.0,0,0,0.30000000000000004,1,0,0.30000000000000004,1,0,0.2,1,0,0.8,3,0,0.0,0,0,0.9,3,4,4.7,14,3,4.8,14,3,8.8,19,3,14.7,23,5,36.5,34,7,75.1,40,25,10.3,147,0,0.2,7
2020-05-25,West Midlands,0,0.30000000000000004,1,0,0.0,0,0,0.0,0,0,0.0,0,0,0.0,0,0,0.0,0,0,0.0,0,0,0.30000000000000004,1,0,0.30000000000000004,1,0,0.2,1,0,0.8,3,0,0.0,0,1,0.9,3,1,4.1,12,2,5.2,15,2,10.2,22,5,15.3,24,4,33.2,31,5,78.8,42,20,10.4,149,0,0.2,7
2020-05-24,West Midlands,0,0.30000000000000004,1,0,0.0,0,0,0.0,0,0,0.0,0,0,0.0,0,0,0.0,0,0,0.0,0,0,0.30000000000000004,1,0,0.30000000000000004,1,1,0.2,1,1,1.1,4,0,0.0,0,0,0.6000000000000001,2,3,4.4,13,0,5.2,15,0,11.6,25,3,17.9,28,6,36.5,34,1,82.6,44,13,11.3,161,2,0.2,8
2020-05-23,West Midlands,1,0.30000000000000004,1,0,0.0,0,0,0.0,0,0,0.0,0,0,0.0,0,0,0.0,0,0,0.0,0,1,0.30000000000000004,1,0,0.30000000000000004,1,0,0.0,0,2,1.3,5,0,0.0,0,0,0.6000000000000001,2,1,3.4,10,4,6.2,18,1,13.4,29,4,19.2,30,2,36.5,34,5,101.3,54,17,12.4,177,4,0.2,8
2020-05-22,West Midlands,0,0.0,0,0,0.0,0,0,0.0,0,0,0.0,0,0,0.0,0,0,0.0,0,0,0.0,0,0,0.0,0,0,0.30000000000000004,1,0,0.2,1,0,1.1,4,0,0.0,0,1,0.9,3,1,3.7,11,3,5.2,15,5,14.4,31,1,25.6,40,6,41.8,39,7,107.0,57,24,13.7,196,0,0.1,6
2020-05-21,West Midlands,0,0.0,0,0,0.0,0,0,0.0,0,0,0.0,0,0,0.0,0,0,0.0,0,0,0.0,0,0,0.0,0,0,0.5,2,0,0.2,1,0,1.1,4,0,0.0,0,0,1.6,5,2,4.1,12,2,5.2,15,4,13.4,29,2,28.1,44,5,42.9,40,8,110.7,59,23,14.3,204,0,0.2,7
2020-05-20,West Midlands,0,0.0,0,0,0.0,0,0,0.0,0,0,0.0,0,0,0.0,0,0,0.0,0,0,0.0,0,0,0.0,0,1,0.5,2,0,0.7000000000000001,3,0,1.1,4,0,0.0,0,1,1.6,5,2,3.4,10,0,4.8,14,4,14.4,31,5,30.7,48,6,47.2,44,7,108.8,58,25,14.7,210,1,0.2,9
2020-05-19,West Midlands,0,0.30000000000000004,1,0,0.0,0,0,0.0,0,0,0.0,0,0,0.0,0,0,0.30000000000000004,1,0,0.0,0,0,0.30000000000000004,1,0,0.30000000000000004,1,0,1.0,4,0,1.3,5,0,0.0,0,0,1.2,4,2,2.7,8,4,6.2,18,6,14.8,32,4,33.2,52,2,49.3,46,9,108.8,58,27,15.3,218,0,0.30000000000000004,13
2020-05-18,West Midlands,0,0.6000000000000001,2,0,0.0,0,0,0.0,0,0,0.0,0,0,0.0,0,0,0.30000000000000004,1,0,0.0,0,0,0.6000000000000001,2,0,0.30000000000000004,1,0,1.2,5,1,1.8,7,0,0.0,0,0,1.9,6,2,2.7,8,2,5.2,15,5,13.0,28,9,34.5,54,7,55.8,52,7,103.2,55,32,15.3,218,1,0.4,18
2020-05-17,West Midlands,0,0.6000000000000001,2,0,0.0,0,0,0.0,0,0,0.0,0,0,0.0,0,0,0.30000000000000004,1,0,0.0,0,0,0.6000000000000001,2,0,0.30000000000000004,1,0,1.2,5,2,1.6,6,0,0.0,0,0,1.9,6,0,2.4,7,3,5.2,15,4,12.5,27,5,32.0,50,6,51.5,48,11,108.8,58,29,14.8,211,2,0.4,17
2020-05-16,West Midlands,0,0.6000000000000001,2,0,0.0,0,0,0.0,0,0,0.0,0,0,0.0,0,0,0.30000000000000004,1,0,0.30000000000000004,1,0,0.6000000000000001,2,0,0.30000000000000004,1,1,1.2,5,1,1.6,6,0,0.0,0,1,1.9,6,2,2.7,8,1,5.5,16,3,13.0,28,14,33.2,52,7,54.7,51,8,99.5,53,36,15.0,214,2,0.4,18
2020-05-15,West Midlands,0,0.6000000000000001,2,0,0.0,0,0,0.0,0,0,0.0,0,0,0.0,0,0,0.30000000000000004,1,0,0.30000000000000004,1,0,0.6000000000000001,2,1,0.8,3,0,1.0,4,0,1.3,5,0,0.0,0,3,1.6,5,2,2.4,7,3,6.2,18,3,13.4,29,5,28.8,45,7,59.0,55,9,99.5,53,32,14.9,212,1,0.4,18
2020-05-14,West Midlands,0,0.6000000000000001,2,0,0.0,0,0,0.0,0,0,0.0,0,0,0.0,0,0,0.30000000000000004,1,0,0.30000000000000004,1,0,0.6000000000000001,2,0,0.5,2,2,1.0,4,0,1.3,5,0,0.0,0,0,1.2,4,0,3.4,10,1,5.8,17,6,13.9,30,6,28.1,44,9,59.0,55,7,105.1,56,29,15.1,216,2,0.4,17
2020-05-13,West Midlands,1,0.6000000000000001,2,0,0.0,0,0,0.0,0,0,0.0,0,0,0.0,0,1,0.30000000000000004,1,0,0.30000000000000004,1,1,0.6000000000000001,2,0,0.5,2,1,0.5,2,1,1.3,5,0,0.0,0,0,1.2,4,0,4.4,13,4,7.9,23,5,13.0,28,9,30.0,47,8,55.8,52,7,118.2,63,33,16.1,230,5,0.30000000000000004,15
2020-05-12,West Midlands,1,0.30000000000000004,1,0,0.0,0,0,0.0,0,0,0.0,0,0,0.0,0,0,0.0,0,0,0.30000000000000004,1,1,0.30000000000000004,1,0,0.5,2,1,0.2,1,2,1.6,6,0,0.0,0,2,2.5,8,2,6.1,18,1,8.2,24,2,11.6,25,6,28.1,44,8,54.7,51,6,133.2,71,27,16.9,241,5,0.30000000000000004,12
2020-05-11,West Midlands,0,0.0,0,0,0.0,0,0,0.0,0,0,0.0,0,0,0.0,0,0,0.0,0,0,0.30000000000000004,1,0,0.0,0,0,0.8,3,0,0.5,2,0,1.1,4,0,0.0,0,0,1.9,6,1,6.4,19,2,8.6,25,4,14.8,32,5,30.0,47,3,59.0,55,10,140.7,75,25,18.2,259,0,0.2,10
2020-05-10,West Midlands,0,0.0,0,0,0.0,0,0,0.0,0,0,0.0,0,0,0.0,0,0,0.0,0,1,0.30000000000000004,1,0,0.0,0,0,1.0,4,0,0.5,2,2,1.8,7,0,0.0,0,0,2.2,7,1,6.4,19,4,9.3,27,5,14.4,31,7,33.2,52,9,69.7,65,6,142.6,76,32,19.4,277,3,0.30000000000000004,14
2020-05-09,West Midlands,0,0.0,0,0,0.0,0,0,0.0,0,0,0.0,0,0,0.0,0,0,0.0,0,0,0.0,0,0,0.0,0,2,1.3,5,0,0.7000000000000001,3,0,1.3,5,0,0.0,0,0,2.2,7,1,7.4,22,3,8.6,25,4,15.3,33,7,34.5,54,11,70.8,66,8,153.9,82,34,20.3,289,2,0.30000000000000004,13
2020-05-08,West Midlands,0,0.0,0,0,0.0,0,0,0.0,0,0,0.0,0,0,0.2,1,0,0.0,0,0,0.0,0,0,0.0,0,0,0.8,3,0,0.7000000000000001,3,0,1.6,6,0,0.0,0,2,2.8,9,5,7.8,23,2,11.3,33,4,15.3,33,4,34.5,54,7,68.6,64,12,155.8,83,36,21.0,299,0,0.30000000000000004,13
2020-05-07,West Midlands,0,0.0,0,0,0.0,0,0,0.0,0,0,0.0,0,0,0.2,1,0,0.0,0,0,0.0,0,0,0.0,0,0,0.8,3,0,0.7000000000000001,3,0,1.8,7,0,0.0,0,0,2.2,7,3,7.8,23,7,12.4,36,4,18.5,40,9,38.3,60,6,77.2,72,14,168.9,90,43,23.0,328,0,0.30000000000000004,14
2020-05-06,West Midlands,0,0.0,0,0,0.0,0,0,0.0,0,0,0.0,0,0,0.2,1,0,0.0,0,0,0.0,0,0,0.0,0,0,0.8,3,0,1.0,4,2,2.1,8,0,0.0,0,4,2.5,8,5,8.5,25,5,11.0,32,2,19.0,41,6,42.2,66,7,81.5,76,15,170.8,91,44,23.8,339,2,0.4,16
2020-05-05,West Midlands,0,0.0,0,0,0.0,0,0,0.0,0,0,0.0,0,0,0.2,1,0,0.0,0,0,0.0,0,0,0.0,0,1,0.8,3,2,1.5,6,0,1.8,7,0,0.0,0,0,1.6,5,3,7.4,22,2,11.0,32,9,21.3,46,9,46.0,72,12,82.6,77,10,180.1,96,45,24.5,350,3,0.4,17
2020-05-04,West Midlands,0,0.0,0,0,0.0,0,0,0.0,0,0,0.0,0,0,0.2,1,0,0.0,0,0,0.0,0,0,0.0,0,1,1.0,4,0,1.0,4,3,2.6,10,0,0.0,0,1,1.9,6,1,7.4,22,4,11.7,34,3,19.5,42,10,48.6,76,13,79.4,74,11,180.1,96,43,24.5,350,4,0.4,19
2020-05-03,West Midlands,0,0.0,0,0,0.0,0,0,0.30000000000000004,1,0,0.0,0,0,0.2,1,0,0.0,0,0,0.0,0,0,0.0,0,1,0.8,3,1,1.2,5,0,2.1,8,0,0.0,0,0,1.9,6,4,9.5,28,2,12.4,36,7,20.9,45,9,49.8,78,10,76.1,71,12,197.0,105,44,25.9,369,2,0.4,18
2020-05-02,West Midlands,0,0.0,0,0,0.0,0,0,0.30000000000000004,1,0,0.0,0,1,0.2,1,0,0.0,0,0,0.30000000000000004,1,0,0.0,0,0,1.0,4,0,1.0,4,1,2.4,9,0,0.0,0,2,2.2,7,2,10.2,30,11,14.1,41,4,19.9,43,7,53.7,84,9,91.2,85,9,206.4,110,44,28.0,400,2,0.4,20
2020-05-01,West Midlands,0,0.0,0,0,0.0,0,0,0.30000000000000004,1,0,0.0,0,0,0.0,0,0,0.0,0,0,0.5,2,0,0.0,0,0,1.6,6,0,1.0,4,1,2.4,9,0,0.0,0,0,1.9,6,5,10.8,32,5,13.4,39,11,20.9,45,10,59.4,93,15,104.0,97,19,213.9,114,65,29.9,426,1,0.5,22
2020-04-30,West Midlands,0,0.30000000000000004,1,0,0.0,0,0,0.30000000000000004,1,0,0.0,0,0,0.0,0,0,0.0,0,0,0.5,2,0,0.30000000000000004,1,0,1.6,6,1,1.5,6,1,2.4,9,0,0.0,0,1,2.5,8,5,11.2,33,3,12.7,37,5,19.9,43,15,64.5,101,10,97.6,91,15,208.3,111,54,29.7,424,2,0.6000000000000001,26
2020-04-29,West Midlands,0,0.6000000000000001,2,0,0.0,0,0,0.30000000000000004,1,0,0.0,0,0,0.0,0,0,0.0,0,0,0.5,2,0,0.6000000000000001,2,0,2.1,8,2,1.2,5,1,3.4,13,0,0.0,0,1,4.7,15,2,10.8,32,5,14.1,41,7,20.4,44,12,66.5,104,8,95.5,89,20,225.2,120,55,31.2,445,3,0.7000000000000001,33
2020-04-28,West Midlands,0,0.6000000000000001,2,0,0.0,0,0,0.30000000000000004,1,0,0.0,0,0,0.0,0,0,0.0,0,0,0.5,2,0,0.6000000000000001,2,2,2.1,8,0,0.7000000000000001,3,3,3.7,14,0,0.0,0,1,5.9,19,3,11.8,35,4,14.8,43,5,20.4,44,13,68.4,107,9,99.7,93,10,213.9,114,45,31.9,455,5,0.7000000000000001,32
2020-04-27,West Midlands,0,1.1,4,0,0.0,0,1,0.30000000000000004,1,0,0.0,0,0,0.0,0,0,0.30000000000000004,1,0,0.5,2,0,1.2,4,0,1.8,7,1,1.0,4,1,3.7,14,0,0.0,0,1,6.2,20,7,12.5,37,6,16.1,47,6,22.7,49,12,69.0,108,10,105.1,98,20,228.9,122,62,33.7,481,3,0.8,37
2020-04-26,West Midlands,0,1.4,5,0,0.0,0,0,0.0,0,0,0.0,0,0,0.0,0,0,0.30000000000000004,1,1,0.5,2,0,1.5,5,2,1.8,7,0,1.5,6,1,3.4,13,0,0.0,0,1,6.9,22,6,11.5,34,7,16.8,49,5,24.6,53,15,78.6,123,24,106.2,99,17,208.3,111,75,34.4,491,4,0.9,39
2020-04-25,West Midlands,0,1.4,5,0,0.0,0,0,0.0,0,0,0.0,0,0,0.0,0,0,0.5,2,1,0.30000000000000004,1,0,1.5,5,2,1.6,6,0,2.0,8,1,3.2,12,0,0.0,0,1,8.1,26,4,10.8,32,9,15.1,44,6,27.8,60,16,79.9,125,21,94.4,88,13,215.8,115,70,34.4,490,4,0.9,39
2020-04-24,West Midlands,1,1.4,5,0,0.0,0,0,0.0,0,0,0.0,0,0,0.2,1,0,0.5,2,0,0.0,0,1,1.5,5,0,1.6,6,2,2.5,10,1,3.7,14,0,0.0,0,2,8.1,26,6,11.5,34,3,15.5,45,9,32.0,69,18,79.2,124,9,91.2,85,16,234.6,125,63,35.6,508,5,1.0,43
2020-04-23,West Midlands,1,1.1,4,0,0.0,0,0,0.0,0,0,0.0,0,0,0.2,1,0,0.5,2,0,0.0,0,1,1.2,4,2,2.1,8,0,2.7,11,5,4.0,15,0,0.0,0,8,8.4,27,4,11.2,33,7,17.9,52,6,34.3,74,18,81.8,128,8,101.9,95,24,240.2,128,75,37.6,537,9,1.0,45
2020-04-22,West Midlands,0,0.8,3,0,0.0,0,0,0.0,0,0,0.0,0,0,0.2,1,0,0.5,2,0,0.0,0,0,0.9,3,0,2.1,8,0,2.7,11,2,3.2,12,0,0.0,0,5,7.5,24,5,12.5,37,7,19.2,56,7,37.1,80,15,79.9,125,12,114.8,107,14,221.4,118,65,38.3,547,2,0.9,40
2020-04-21,West Midlands,2,1.1,4,0,0.0,0,0,0.0,0,0,0.0,0,0,0.2,1,1,0.5,2,0,0.30000000000000004,1,2,1.2,4,1,2.3,9,1,3.0,12,3,3.4,13,0,0.0,0,2,7.2,23,5,14.2,42,8,21.0,61,10,42.2,91,14,82.4,129,14,124.4,116,18,227.1,121,71,40.9,583,10,1.0,46
2020-04-20,West Midlands,1,0.8,3,0,0.0,0,0,0.0,0,0,0.0,0,0,0.2,1,0,0.30000000000000004,1,0,0.30000000000000004,1,1,0.9,3,0,2.1,8,3,3.4,14,0,3.2,12,0,0.0,0,3,7.2,23,4,13.9,41,8,21.0,61,10,44.5,96,27,83.1,130,11,124.4,116,9,227.1,121,72,41.2,588,5,1.0,43
2020-04-19,West Midlands,0,0.6000000000000001,2,0,0.0,0,0,0.0,0,0,0.0,0,0,0.2,1,1,0.30000000000000004,1,0,0.30000000000000004,1,0,0.6000000000000001,2,1,2.1,8,2,3.2,13,0,4.5,17,0,0.0,0,5,7.2,23,4,15.9,47,2,21.3,62,12,45.9,99,17,76.7,120,13,134.1,125,21,242.1,129,74,42.4,605,4,1.0,45
2020-04-18,West Midlands,0,0.6000000000000001,2,0,0.0,0,0,0.0,0,0,0.0,0,1,0.2,1,0,0.0,0,0,0.30000000000000004,1,0,0.6000000000000001,2,2,2.3,9,2,3.0,12,3,5.0,19,0,0.0,0,1,6.2,20,6,17.6,52,10,26.1,76,15,49.1,106,15,81.2,127,18,140.5,131,23,225.2,120,88,44.3,632,8,1.0,46
2020-04-17,West Midlands,0,0.6000000000000001,2,0,0.0,0,0,0.0,0,0,0.0,0,0,0.0,0,0,0.0,0,0,0.8,3,0,0.6000000000000001,2,2,1.8,7,3,2.7,11,2,6.1,23,0,0.0,0,3,7.2,23,5,17.6,52,10,27.8,81,14,50.5,109,22,86.3,135,19,138.4,129,19,215.8,115,92,45.1,644,7,1.1,48
2020-04-16,West Midlands,0,0.6000000000000001,2,0,0.0,0,0,0.0,0,0,0.0,0,0,0.0,0,0,0.0,0,0,0.8,3,0,0.6000000000000001,2,2,2.1,8,0,2.2,9,2,6.3,24,0,0.0,0,5,7.8,25,8,18.9,56,11,28.5,83,12,51.0,110,15,86.9,136,20,140.5,131,14,202.7,108,85,45.5,649,4,1.1,48
2020-04-15,West Midlands,1,1.4,5,0,0.0,0,0,0.0,0,0,0.0,0,0,0.0,0,0,0.0,0,1,0.8,3,1,1.5,5,1,1.8,7,1,2.7,11,3,6.3,24,0,0.0,0,4,8.7,28,10,20.0,59,12,29.2,85,18,52.9,114,19,88.8,139,21,134.1,125,17,193.3,103,101,45.8,653,8,1.2,55
2020-04-14,West Midlands,1,1.4,5,0,0.0,0,0,0.0,0,0,0.0,0,0,0.7000000000000001,3,0,0.0,0,0,0.8,3,1,1.5,5,0,1.8,7,3,3.4,14,2,7.1,27,0,0.0,0,2,9.0,29,4,20.0,59,8,29.5,86,15,53.8,116,15,94.6,148,14,131.9,123,18,206.4,110,76,47.0,671,7,1.4,64
2020-04-13,West Midlands,0,1.1,4,0,0.0,0,0,0.0,0,0,0.0,0,0,0.7000000000000001,3,0,0.0,0,0,0.8,3,0,1.2,4,0,2.1,8,2,2.7,11,5,7.4,28,0,0.0,0,3,10.3,33,10,22.3,66,9,28.9,84,13,56.6,122,17,99.0,155,20,135.1,126,17,197.0,105,89,48.4,691,7,1.4,61
2020-04-12,West Midlands,0,1.4,5,0,0.0,0,0,0.0,0,0,0.0,0,0,0.7000000000000001,3,0,0.0,0,0,1.1,4,0,1.5,5,2,2.1,8,1,2.5,10,2,7.4,28,0,0.0,0,2,10.6,34,9,22.3,66,16,29.2,85,19,58.9,127,24,98.4,154,19,136.2,127,12,191.4,102,101,48.7,695,5,1.4,63
2020-04-11,West Midlands,0,1.4,5,0,0.0,0,0,0.0,0,0,0.0,0,0,0.7000000000000001,3,0,0.30000000000000004,1,2,1.3,5,0,1.5,5,0,1.8,7,1,2.7,11,7,7.9,30,0,0.0,0,4,12.1,39,6,23.7,70,15,24.7,72,18,57.9,125,23,98.4,154,16,144.8,135,18,200.8,107,100,49.2,702,10,1.5,67
2020-04-10,West Midlands,0,1.7000000000000002,6,0,0.0,0,0,0.0,0,0,0.0,0,0,1.0,4,0,0.30000000000000004,1,0,1.1,4,0,1.8,6,3,1.8,7,1,3.2,13,3,6.1,23,0,0.0,0,5,12.5,40,9,24.0,71,12,23.0,67,15,58.4,126,23,96.5,151,21,153.4,143,12,198.9,106,97,49.4,704,7,1.4,64
2020-04-09,West Midlands,3,1.7000000000000002,6,0,0.0,0,0,0.0,0,0,0.0,0,0,1.0,4,0,0.30000000000000004,1,0,1.3,5,3,1.8,6,1,1.0,4,2,3.0,12,2,5.5,21,0,0.0,0,8,13.1,42,11,23.0,68,13,22.0,64,16,57.5,124,18,93.9,147,14,145.9,136,9,206.4,110,89,48.4,691,11,1.3,59
2020-04-08,West Midlands,1,1.1,4,0,0.0,0,0,0.0,0,0,0.0,0,3,1.0,4,0,0.30000000000000004,1,1,1.3,5,1,1.2,4,1,0.8,3,4,3.0,12,6,5.5,21,0,0.0,0,5,12.8,41,10,23.0,68,13,20.6,60,20,59.3,128,28,96.5,151,19,161.9,151,24,219.6,117,119,50.2,716,17,1.2,54
2020-04-07,West Midlands,0,1.1,4,0,0.0,0,0,0.0,0,0,0.0,0,0,0.2,1,0,0.30000000000000004,1,0,1.1,4,0,1.2,4,1,0.8,3,0,3.0,12,3,4.7,18,0,0.0,0,6,12.1,39,11,21.0,62,6,21.6,63,21,57.9,125,22,95.9,150,17,160.9,150,13,200.8,107,96,48.8,696,4,1.0,47
2020-04-06,West Midlands,1,1.4,5,0,0.0,0,0,0.0,0,0,0.30000000000000004,1,0,0.2,1,0,0.30000000000000004,1,1,1.1,4,1,1.5,5,0,0.8,3,1,3.2,13,5,4.7,18,0,0.0,0,4,11.5,37,10,19.6,58,10,23.7,69,18,55.6,120,16,93.3,146,21,159.8,149,14,198.9,106,93,48.0,685,9,1.1,51
2020-04-05,West Midlands,0,1.1,4,0,0.0,0,0,0.0,0,0,0.5,2,0,0.2,1,1,0.30000000000000004,1,1,0.8,3,0,1.2,4,1,1.0,4,2,3.2,13,4,4.0,15,0,0.0,0,7,11.8,38,13,18.9,56,3,23.7,69,17,53.8,116,24,93.9,147,27,145.9,136,17,187.7,100,108,46.4,662,9,1.0,47
2020-04-04,West Midlands,1,1.1,4,0,0.0,0,0,0.0,0,0,0.5,2,1,0.2,1,0,0.0,0,1,0.5,2,1,1.2,4,0,0.8,3,3,3.2,13,0,3.7,14,0,0.0,0,5,10.9,35,7,16.9,50,10,25.8,75,19,50.1,108,20,88.2,138,24,130.8,122,17,172.6,92,102,43.5,620,7,1.0,43
2020-04-03,West Midlands,0,1.1,4,0,0.0,0,0,0.0,0,0,0.5,2,0,0.0,0,0,0.30000000000000004,1,1,0.30000000000000004,1,0,1.2,4,0,1.0,4,0,3.2,13,1,5.0,19,0,0.0,0,7,10.0,32,6,16.2,48,9,26.1,76,13,45.0,97,19,85.0,133,14,115.8,108,16,157.6,84,84,40.5,578,2,1.1,48
2020-04-02,West Midlands,1,1.4,5,0,0.0,0,0,0.0,0,0,0.5,2,0,0.0,0,0,0.30000000000000004,1,0,0.0,0,1,1.5,5,0,1.3,5,2,3.4,14,2,5.0,19,0,0.0,0,7,8.1,26,11,14.5,43,9,26.1,76,20,43.1,93,22,79.9,125,29,114.8,107,16,138.9,74,114,38.1,544,6,1.1,51
2020-04-01,West Midlands,1,1.1,4,0,0.0,0,0,0.0,0,0,0.5,2,0,0.0,0,0,0.30000000000000004,1,0,0.0,0,1,1.2,4,1,1.6,6,4,3.7,15,3,5.0,19,0,0.0,0,3,7.2,23,4,12.2,36,16,24.4,71,17,37.6,81,27,70.9,111,18,92.2,86,14,125.7,67,99,33.3,475,10,1.1,51
2020-03-31,West Midlands,1,0.8,3,0,0.0,0,0,0.0,0,1,0.5,2,0,0.0,0,0,0.30000000000000004,1,0,0.0,0,1,0.9,3,1,1.3,5,1,2.7,11,3,4.5,17,0,0.0,0,4,7.2,23,7,12.2,36,12,20.3,59,16,33.4,72,18,56.9,89,16,80.4,75,12,112.6,60,85,29.0,414,8,0.9,42
2020-03-30,West Midlands,0,0.6000000000000001,2,0,0.0,0,0,0.0,0,1,0.30000000000000004,1,0,0.0,0,0,0.30000000000000004,1,0,0.0,0,0,0.6000000000000001,2,1,1.0,4,1,2.5,10,2,4.0,15,0,0.0,0,5,5.9,19,8,10.2,30,10,17.5,51,14,26.9,58,17,47.9,75,8,71.9,67,8,99.5,53,70,24.7,353,5,0.8,35
2020-03-29,West Midlands,0,0.6000000000000001,2,0,0.0,0,0,0.0,0,0,0.0,0,0,0.0,0,0,0.5,2,0,0.0,0,0,0.6000000000000001,2,0,1.0,4,2,2.2,9,3,3.4,13,0,0.0,0,4,4.7,15,7,8.8,26,9,15.8,46,9,21.8,47,15,40.3,63,13,66.5,62,9,91.9,49,66,21.6,308,5,0.7000000000000001,32
2020-03-28,West Midlands,1,0.6000000000000001,2,0,0.0,0,0,0.0,0,0,0.0,0,0,0.0,0,1,0.5,2,0,0.0,0,1,0.6000000000000001,2,1,1.0,4,3,1.7000000000000002,7,5,3.2,12,0,0.0,0,2,3.4,11,5,7.4,22,11,12.7,37,8,19.0,41,15,32.0,50,10,59.0,55,9,82.6,44,60,18.2,260,12,0.6000000000000001,29
2020-03-27,West Midlands,1,0.30000000000000004,1,0,0.0,0,0,0.0,0,0,0.0,0,0,0.0,0,0,0.30000000000000004,1,0,0.0,0,1,0.30000000000000004,1,1,1.0,4,1,1.0,4,1,1.8,7,0,0.0,0,1,2.8,9,1,5.8,17,9,9.3,27,9,16.2,35,11,23.0,36,13,56.8,53,6,69.4,37,50,15.0,214,5,0.4,18
2020-03-26,West Midlands,0,0.0,0,0,0.0,0,0,0.0,0,0,0.0,0,0,0.0,0,0,0.30000000000000004,1,0,0.0,0,0,0.0,0,1,0.8,3,3,0.7000000000000001,3,2,1.6,6,0,0.0,0,4,2.5,8,4,5.4,16,4,7.6,22,8,13.0,28,8,19.8,31,8,44.0,41,9,69.4,37,45,12.8,183,6,0.30000000000000004,13
2020-03-25,West Midlands,0,0.0,0,0,0.0,0,0,0.0,0,0,0.0,0,0,0.0,0,0,0.30000000000000004,1,0,0.0,0,0,0.0,0,0,0.5,2,0,0.0,0,1,1.1,4,0,0.0,0,3,1.9,6,4,4.4,13,4,6.2,18,8,10.2,22,5,17.3,27,7,36.5,34,7,54.4,29,38,10.4,149,1,0.2,7
2020-03-24,West Midlands,0,0.0,0,0,0.0,0,0,0.30000000000000004,1,0,0.0,0,0,0.0,0,0,0.30000000000000004,1,0,0.0,0,0,0.0,0,0,0.5,2,0,0.0,0,1,1.1,4,0,0.0,0,0,0.9,3,1,3.4,10,4,5.5,16,2,6.5,14,4,15.3,24,8,31.1,29,5,41.3,22,24,8.3,118,1,0.2,8
2020-03-23,West Midlands,0,0.0,0,0,0.0,0,0,0.30000000000000004,1,0,0.0,0,0,0.0,0,1,0.30000000000000004,1,0,0.0,0,0,0.0,0,1,0.5,2,0,0.0,0,0,0.8,3,0,0.0,0,1,0.9,3,4,3.4,10,5,4.5,13,3,5.6,12,5,14.1,22,3,27.9,26,4,31.9,17,25,7.2,103,2,0.2,7
2020-03-22,West Midlands,0,0.0,0,0,0.0,0,0,0.30000000000000004,1,0,0.0,0,0,0.0,0,0,0.0,0,0,0.0,0,0,0.0,0,0,0.5,2,0,0.2,1,2,0.8,3,0,0.0,0,0,0.6000000000000001,2,3,2.0,6,0,3.4,10,3,4.6,10,2,12.8,20,6,25.7,24,4,24.4,13,18,6.0,85,2,0.2,7
2020-03-21,West Midlands,0,0.30000000000000004,1,0,0.0,0,0,0.30000000000000004,1,0,0.0,0,0,0.0,0,0,0.0,0,0,0.0,0,0,0.30000000000000004,1,1,0.5,2,0,0.2,1,0,0.30000000000000004,1,0,0.0,0,0,1.2,4,0,1.0,3,1,3.4,10,2,3.7,8,1,11.5,18,8,19.3,18,2,16.9,9,14,4.9,70,1,0.2,7
2020-03-20,West Midlands,0,0.30000000000000004,1,0,0.0,0,0,0.30000000000000004,1,0,0.0,0,0,0.2,1,0,0.0,0,0,0.0,0,0,0.30000000000000004,1,0,0.30000000000000004,1,0,0.2,1,0,0.30000000000000004,1,0,0.0,0,0,1.2,4,0,1.4,4,4,3.1,9,2,2.8,6,6,10.9,17,1,11.8,11,6,13.1,7,19,4.1,58,0,0.2,7
2020-03-19,West Midlands,0,0.30000000000000004,1,0,0.0,0,0,0.30000000000000004,1,0,0.0,0,0,0.2,1,0,0.0,0,0,0.0,0,0,0.30000000000000004,1,0,0.30000000000000004,1,0,0.2,1,0,0.30000000000000004,1,0,0.0,0,2,1.2,4,1,1.4,4,0,2.1,6,2,1.9,4,4,7.0,11,1,11.8,11,1,3.8,2,11,2.9,42,0,0.2,7
2020-03-18,West Midlands,0,0.30000000000000004,1,0,0.0,0,1,0.30000000000000004,1,0,0.0,0,0,0.2,1,0,0.0,0,0,0.0,0,0,0.30000000000000004,1,0,0.30000000000000004,1,0,0.2,1,1,0.30000000000000004,1,0,0.0,0,0,0.6000000000000001,2,1,1.0,3,2,2.1,6,0,0.9,2,2,5.1,8,2,13.9,13,0,1.9,1,7,2.5,35,2,0.2,7
2020-03-17,West Midlands,0,0.30000000000000004,1,0,0.0,0,0,0.0,0,0,0.0,0,0,0.2,1,0,0.0,0,0,0.0,0,0,0.30000000000000004,1,0,0.30000000000000004,1,0,0.2,1,0,0.0,0,0,0.0,0,0,0.6000000000000001,2,1,0.7000000000000001,2,1,1.4,4,0,0.9,2,2,4.5,7,5,11.8,11,0,1.9,1,9,2.0,29,0,0.1,5
2020-03-16,West Midlands,0,0.30000000000000004,1,0,0.0,0,0,0.0,0,0,0.0,0,0,0.2,1,0,0.0,0,0,0.0,0,0,0.30000000000000004,1,1,0.30000000000000004,1,1,0.2,1,0,0.0,0,0,0.0,0,0,0.6000000000000001,2,0,0.30000000000000004,1,2,1.0,3,1,1.4,3,3,3.2,5,1,6.4,6,0,1.9,1,7,1.5,21,2,0.1,5
2020-03-15,West Midlands,1,0.30000000000000004,1,0,0.0,0,0,0.0,0,0,0.0,0,0,0.2,1,0,0.0,0,0,0.0,0,1,0.30000000000000004,1,0,0.0,0,0,0.0,0,0,0.0,0,0,0.0,0,2,0.6000000000000001,2,0,0.30000000000000004,1,0,0.30000000000000004,1,1,0.9,2,0,1.3,2,0,5.4,5,0,1.9,1,3,1.0,14,2,0.1,3
2020-03-14,West Midlands,0,0.0,0,0,0.0,0,0,0.0,0,0,0.0,0,1,0.2,1,0,0.0,0,0,0.0,0,0,0.0,0,0,0.0,0,0,0.0,0,0,0.0,0,0,0.0,0,0,0.0,0,1,0.30000000000000004,1,0,0.7000000000000001,2,0,0.5,1,0,1.3,2,1,5.4,5,0,1.9,1,2,0.8,12,1,0.0,1
2020-03-13,West Midlands,0,0.0,0,0,0.0,0,0,0.0,0,0,0.0,0,0,0.0,0,0,0.0,0,0,0.0,0,0,0.0,0,0,0.0,0,0,0.0,0,0,0.0,0,0,0.0,0,0,0.0,0,0,0.0,0,1,0.0,0,0,0.0,0,0,0.0,0,1,0.0,0,1,0.0,0,3,0.0,0,0,0.0,0
2020-03-12,West Midlands,0,0.0,0,0,0.0,0,0,0.0,0,0,0.0,0,0,0.0,0,0,0.0,0,0,0.0,0,0,0.0,0,0,0.0,0,0,0.0,0,0,0.0,0,0,0.0,0,0,0.0,0,0,0.0,0,0,0.0,0,0,0.0,0,1,0.0,0,3,0.0,0,0,0.0,0,4,0.0,0,0,0.0,0
2020-03-11,West Midlands,0,0.0,0,0,0.0,0,0,0.0,0,0,0.0,0,0,0.0,0,0,0.0,0,0,0.0,0,0,0.0,0,0,0.0,0,0,0.0,0,0,0.0,0,0,0.0,0,0,0.0,0,0,0.0,0,0,0.0,0,0,0.0,0,1,0.0,0,0,0.0,0,0,0.0,0,1,0.0,0,0,0.0,0
2020-03-10,West Midlands,0,0.0,0,0,0.0,0,0,0.0,0,0,0.0,0,0,0.0,0,0,0.0,0,0,0.0,0,0,0.0,0,0,0.0,0,0,0.0,0,0,0.0,0,0,0.0,0,0,0.0,0,0,0.0,0,0,0.0,0,1,0.0,0,0,0.0,0,0,0.0,0,0,0.0,0,1,0.0,0,0,0.0,0
2020-03-09,West Midlands,0,0.0,0,0,0.0,0,0,0.0,0,0,0.0,0,0,0.0,0,0,0.0,0,0,0.0,0,0,0.0,0,0,0.0,0,0,0.0,0,0,0.0,0,0,0.0,0,0,0.0,0,0,0.0,0,0,0.0,0,0,0.0,0,0,0.0,0,0,0.0,0,0,0.0,0,0,0.0,0,0,0.0,0
2020-03-08,West Midlands,0,0.0,0,0,0.0,0,0,0.0,0,0,0.0,0,0,0.0,0,0,0.0,0,0,0.0,0,0,0.0,0,0,0.0,0,0,0.0,0,0,0.0,0,0,0.0,0,0,0.0,0,0,0.0,0,1,0.0,0,0,0.0,0,0,0.0,0,0,0.0,0,0,0.0,0,1,0.0,0,0,0.0,0
