date,areaName,cases,casesRollingRate,cases00_04,casesRollingRate00_04,cases05_09,casesRollingRate05_09,cases10_14,casesRollingRate10_14,cases15_19,casesRollingRate15_19,cases20_24,casesRollingRate20_24,cases25_29,casesRollingRate25_29,cases30_34,casesRollingRate30_34,cases35_39,casesRollingRate35_39,cases40_44,casesRollingRate40_44,cases45_49,casesRollingRate45_49,cases50_54,casesRollingRate50_54,cases55_59,casesRollingRate55_59,cases60_64,casesRollingRate60_64,cases65_69,casesRollingRate65_69,cases70_74,casesRollingRate70_74,cases75_79,casesRollingRate75_79,cases80_84,casesRollingRate80_84,cases85_89,casesRollingRate85_89,cases90+,casesRollingRate90+,casesReported
2020-02-11,London,1,,0,0.0,0,0.0,0,0.0,0,0.0,0,0.0,1,0.0,0,0.0,0,0.0,0,0.0,0,0.0,0,0.0,0,0.0,0,0.0,0,0.0,0,0.0,0,0.0,0,0.0,0,0.0,0,0.0,
2020-02-12,London,0,,0,0.0,0,0.0,0,0.0,0,0.0,0,0.0,0,0.0,0,0.0,0,0.0,0,0.0,0,0.0,0,0.0,0,0.0,0,0.0,0,0.0,0,0.0,0,0.0,0,0.0,0,0.0,0,0.0,
2020-02-13,London,0,,0,0.0,0,0.0,0,0.0,0,0.0,0,0.0,0,0.0,0,0.0,0,0.0,0,0.0,0,0.0,0,0.0,0,0.0,0,0.0,0,0.0,0,0.0,0,0.0,0,0.0,0,0.0,0,0.0,
2020-02-14,London,0,,0,0.0,0,0.0,0,0.0,0,0.0,0,0.0,0,0.0,0,0.0,0,0.0,0,0.0,0,0.0,0,0.0,0,0.0,0,0.0,0,0.0,0,0.0,0,0.0,0,0.0,0,0.0,0,0.0,
2020-02-15,London,0,,0,0.0,0,0.0,0,0.0,0,0.0,0,0.0,0,0.0,0,0.0,0,0.0,0,0.0,0,0.0,0,0.0,0,0.0,0,0.0,0,0.0,0,0.0,0,0.0,0,0.0,0,0.0,0,0.0,
2020-02-16,London,0,,0,0.0,0,0.0,0,0.0,0,0.0,0,0.0,0,0.0,0,0.0,0,0.0,0,0.0,0,0.0,0,0.0,0,0.0,0,0.0,0,0.0,0,0.0,0,0.0,0,0.0,0,0.0,0,0.0,
2020-02-17,London,0,,0,0.0,0,0.0,0,0.0,0,0.0,0,0.0,0,0.1,0,0.0,0,0.0,0,0.0,0,0.0,0,0.0,0,0.0,0,0.0,0,0.0,0,0.0,0,0.0,0,0.0,0,0.0,0,0.0,
2020-02-18,London,0,,0,0.0,0,0.0,0,0.0,0,0.0,0,0.0,0,0.0,0,0.0,0,0.0,0,0.0,0,0.0,0,0.0,0,0.0,0,0.0,0,0.0,0,0.0,0,0.0,0,0.0,0,0.0,0,0.0,
2020-02-19,London,0,,0,0.0,0,0.0,0,0.0,0,0.0,0,0.0,0,0.0,0,0.0,0,0.0,0,0.0,0,0.0,0,0.0,0,0.0,0,0.0,0,0.0,0,0.0,0,0.0,0,0.0,0,0.0,0,0.0,
2020-02-20,London,0,,0,0.0,0,0.0,0,0.0,0,0.0,0,0.0,0,0.0,0,0.0,0,0.0,0,0.0,0,0.0,0,0.0,0,0.0,0,0.0,0,0.0,0,0.0,0,0.0,0,0.0,0,0.0,0,0.0,
2020-02-21,London,0,,0,0.0,0,0.0,0,0.0,0,0.0,0,0.0,0,0.0,0,0.0,0,0.0,0,0.0,0,0.0,0,0.0,0,0.0,0,0.0,0,0.0,0,0.0,0,0.0,0,0.0,0,0.0,0,0.0,
2020-02-22,London,0,,0,0.0,0,0.0,0,0.0,0,0.0,0,0.0,0,0.0,0,0.0,0,0.0,0,0.0,0,0.0,0,0.0,0,0.0,0,0.0,0,0.0,0,0.0,0,0.0,0,0.0,0,0.0,0,0.0,
2020-02-23,London,0,,0,0.0,0,0.0,0,0.0,0,0.0,0,0.0,0,0.0,0,0.0,0,0.0,0,0.0,0,0.0,0,0.0,0,0.0,0,0.0,0,0.0,0,0.0,0,0.0,0,0.0,0,0.0,0,0.0,
2020-02-24,London,1,,0,0.0,0,0.0,0,0.0,0,0.0,0,0.0,0,0.0,0,0.0,0,0.0,0,0.0,0,0.0,1,0.2,0,0.0,0,0.0,0,0.0,0,0.0,0,0.0,0,0.0,0,0.0,0,0.0,
2020-02-25,London,3,,0,0.0,0,0.0,0,0.0,0,0.0,0,0.0,0,0.0,1,0.1,0,0.0,0,0.0,0,0.0,1,0.4,0,0.0,0,0.0,0,0.0,0,0.0,0,0.0,0,0.0,1,1.1,0,0.0,
2020-02-26,London,2,0.1,0,0.0,0,0.0,0,0.0,0,0.0,1,0.2,0,0.0,0,0.1,0,0.0,1,0.2,0,0.0,0,0.4,0,0.0,0,0.0,0,0.0,0,0.0,0,0.0,0,0.0,0,1.1,0,0.0,
2020-02-27,London,2,0.1,0,0.0,0,0.0,0,0.0,0,0.0,0,0.2,0,0.0,1,0.2,0,0.0,0,0.2,1,0.2,0,0.4,0,0.0,0,0.0,0,0.0,0,0.0,0,0.0,0,0.0,0,1.1,0,0.0,
2020-02-28,London,3,0.1,0,0.0,0,0.0,0,0.0,0,0.0,1,0.4,0,0.0,1,0.4,0,0.0,0,0.2,0,0.2,0,0.4,1,0.2,0,0.0,0,0.0,0,0.0,0,0.0,0,0.0,0,1.1,0,0.0,
2020-02-29,London,1,0.1,0,0.0,0,0.0,1,0.2,0,0.0,0,0.4,0,0.0,0,0.4,0,0.0,0,0.2,0,0.2,0,0.4,0,0.2,0,0.0,0,0.0,0,0.0,0,0.0,0,0.0,0,1.1,0,0.0,
2020-03-01,London,4,0.2,0,0.0,0,0.0,0,0.2,0,0.0,0,0.4,0,0.0,0,0.4,1,0.1,1,0.3,0,0.2,1,0.5,1,0.4,0,0.0,0,0.0,0,0.0,0,0.0,0,0.0,0,1.1,0,0.0,
2020-03-02,London,12,0.3,0,0.0,0,0.0,0,0.2,0,0.0,1,0.5,0,0.0,3,0.7,1,0.3,0,0.3,3,0.7,1,0.5,0,0.4,1,0.3,0,0.0,2,0.7,0,0.0,0,0.0,0,1.1,0,0.0,
2020-03-03,London,6,0.3,0,0.0,0,0.0,0,0.2,0,0.0,0,0.5,2,0.3,0,0.6,0,0.3,1,0.5,1,0.8,1,0.5,0,0.4,0,0.3,0,0.0,1,1.1,0,0.0,0,0.0,0,0.0,0,0.0,
2020-03-04,London,18,0.5,0,0.0,0,0.0,0,0.2,0,0.0,3,0.9,2,0.5,4,1.1,1,0.4,1,0.5,1,1.0,2,0.9,1,0.6,1,0.5,1,0.3,0,1.1,1,0.5,0,0.0,0,0.0,0,0.0,
2020-03-05,London,14,0.6,0,0.0,0,0.0,0,0.2,0,0.0,1,1.1,3,0.9,2,1.2,4,0.9,1,0.6,0,0.8,1,1.1,0,0.6,0,0.5,0,0.3,1,1.5,1,1.0,0,0.0,0,0.0,0,0.0,
2020-03-06,London,24,0.9,1,0.2,0,0.0,0,0.2,0,0.0,4,1.6,5,1.6,5,1.7,1,1.0,0,0.6,1,1.0,1,1.2,1,0.6,1,0.8,1,0.6,2,2.2,0,1.0,0,0.0,1,1.1,0,0.0,
2020-03-07,London,15,1.0,0,0.2,0,0.0,0,0.0,0,0.0,0,1.6,1,1.7,2,1.9,1,1.2,1,0.8,2,1.3,1,1.4,0,0.6,3,1.5,2,1.3,2,2.9,0,1.0,0,0.0,0,1.1,0,0.0,
2020-03-08,London,22,1.2,0,0.2,0,0.0,0,0.0,0,0.0,2,1.9,5,2.3,3,2.3,1,1.2,2,0.9,0,1.3,1,1.4,0,0.4,2,2.0,1,1.6,0,2.9,1,1.6,1,0.7,3,4.3,0,0.0,
2020-03-09,London,52,1.7,0,0.2,0,0.0,0,0.0,0,0.0,2,2.1,6,3.1,7,2.7,5,1.7,2,1.2,6,1.8,2,1.6,7,1.8,4,2.8,5,3.2,1,2.6,1,2.1,0,0.7,3,7.5,1,1.7,
2020-03-10,London,92,2.6,2,0.5,0,0.0,2,0.4,0,0.0,8,3.5,7,3.8,4,3.2,5,2.3,3,1.5,4,2.3,7,2.6,11,4.0,11,5.6,6,5.1,6,4.4,4,4.1,2,2.0,6,13.9,4,8.7,
2020-03-11,London,183,4.5,0,0.5,2,0.3,2,0.7,2,0.4,10,4.8,16,5.6,19,5.0,11,3.6,12,3.2,15,4.7,13,4.6,8,5.4,15,9.2,11,8.3,11,8.4,5,6.2,12,9.9,6,20.3,13,31.3,
2020-03-12,London,164,6.2,1,0.7,1,0.5,1,0.9,0,0.4,6,5.7,18,7.5,25,7.8,19,5.5,9,4.4,6,5.7,5,5.3,15,8.5,10,11.8,8,10.9,8,11.0,8,9.8,11,17.2,8,28.9,5,40.0,
2020-03-13,London,135,7.4,1,0.7,2,0.8,0,0.9,0,0.4,3,5.5,9,8.1,14,8.8,8,6.4,13,6.4,4,6.2,10,6.9,7,9.7,6,13.0,13,14.7,6,12.4,13,16.6,13,25.9,10,38.5,3,45.3,
2020-03-14,London,150,8.9,2,1.0,1,1.0,0,0.9,0,0.4,2,5.8,6,8.7,4,9.1,5,6.9,5,7.0,10,7.5,8,8.1,6,10.9,11,15.1,12,17.9,20,19.0,14,23.8,12,33.8,21,61.0,11,64.4,
2020-03-15,London,165,10.5,2,1.3,0,1.0,1,1.1,1,0.6,2,5.8,5,8.7,3,9.1,6,7.5,5,7.4,9,9.1,14,10.4,8,12.5,10,17.1,10,20.8,17,25.2,25,36.2,22,47.7,15,73.8,10,81.8,
2020-03-16,London,233,12.5,1,1.5,0,1.0,0,1.1,2,1.1,3,6.0,4,8.4,11,9.5,5,7.5,12,8.9,9,9.6,24,14.3,20,15.1,16,20.2,17,24.6,19,31.8,24,48.1,19,60.3,32,104.9,15,106.2,
2020-03-17,London,311,15.0,3,1.7,0,1.0,0,0.7,1,1.3,1,4.8,14,9.4,9,10.1,15,8.8,15,10.7,13,11.1,29,18.2,19,16.8,17,21.7,19,28.8,33,41.7,34,63.6,38,84.2,32,132.7,19,132.3,
2020-03-18,London,355,16.9,4,2.3,0,0.7,1,0.6,2,1.3,9,4.6,12,8.8,26,11.0,13,9.1,20,12.0,14,10.9,22,19.8,28,20.8,30,25.6,21,32.0,28,47.9,32,77.6,33,98.1,34,162.6,26,154.9,
2020-03-19,London,332,18.8,2,2.5,0,0.5,0,0.4,1,1.5,2,3.9,11,7.9,18,10.1,12,8.2,19,13.5,21,13.4,36,25.2,22,22.2,27,29.9,18,35.2,25,54.1,34,91.0,35,114.0,23,178.7,26,191.5,
2020-03-20,London,426,22.0,4,3.0,0,0.2,1,0.6,3,2.1,7,4.6,17,9.0,18,10.6,27,10.6,17,14.1,27,17.3,46,31.6,32,27.2,35,37.3,33,41.5,21,59.6,36,102.9,41,132.6,33,203.3,28,235.0,
2020-03-21,London,350,24.2,3,3.1,0,0.0,1,0.7,2,2.6,4,5.0,13,9.9,8,11.1,15,11.9,21,16.5,20,18.9,20,33.7,34,32.9,29,41.9,32,47.9,28,62.5,33,112.8,31,145.2,36,219.3,20,250.6,
2020-03-22,London,437,27.3,3,3.3,1,0.2,0,0.6,1,2.6,3,5.1,14,11.0,21,13.2,21,13.8,21,18.9,24,21.5,19,34.6,44,40.2,43,50.4,26,53.0,32,68.0,43,122.1,49,163.1,38,244.0,34,292.4,
2020-03-23,London,687,32.3,7,4.3,1,0.3,2,0.9,2,2.6,11,6.5,27,14.0,30,15.5,37,17.9,35,22.4,46,27.7,50,39.2,49,46.0,54,60.1,43,61.4,49,79.0,60,140.7,64,193.0,70,284.6,50,353.3,
2020-03-24,London,633,35.9,4,4.5,2,0.7,1,1.1,5,3.4,8,7.8,29,16.0,26,17.5,36,20.6,34,25.3,46,33.2,51,43.0,44,51.1,43,66.7,41,68.4,54,86.6,55,151.6,72,215.5,48,301.7,33,377.7,
2020-03-25,London,760,40.4,6,4.8,1,0.8,2,1.3,2,3.4,14,8.7,40,19.6,34,18.5,35,23.4,34,27.4,64,41.6,63,50.3,64,58.3,50,71.9,45,76.1,53,95.8,68,170.2,71,240.7,64,333.8,47,414.2,
2020-03-26,London,767,45.3,6,5.4,0,0.8,2,1.7,1,3.4,3,8.8,35,22.7,38,20.9,43,27.4,38,30.3,58,47.8,79,57.8,51,64.2,58,79.8,69,92.4,59,108.2,56,181.6,59,256.6,58,371.3,50,456.0,
2020-03-27,London,815,49.6,2,5.1,2,1.2,1,1.7,6,4.1,14,10.1,29,24.3,39,23.4,38,28.8,40,33.7,74,55.6,56,59.6,77,73.3,60,86.2,57,100.0,75,127.9,68,198.1,76,279.8,65,405.5,35,468.2,
2020-03-28,London,576,52.2,7,5.8,2,1.5,1,1.7,0,3.6,16,12.2,15,24.5,36,26.7,24,29.9,25,34.3,41,59.2,46,64.2,64,79.3,56,93.1,40,102.6,34,130.1,56,210.0,46,289.8,42,411.9,24,475.1,
2020-03-29,London,597,54.0,5,6.1,0,1.3,1,1.9,1,3.6,5,12.6,19,25.2,21,26.7,27,30.7,35,36.5,49,63.4,52,70.0,58,82.1,42,92.8,38,106.4,51,137.1,53,215.2,65,300.4,42,416.2,33,473.4,
2020-03-30,London,867,56.0,6,5.9,1,1.3,2,1.9,4,4.1,11,12.6,44,27.4,49,29.0,44,31.6,52,39.0,60,65.7,71,73.7,84,89.2,72,97.4,52,109.3,71,145.1,76,223.5,75,307.7,57,402.3,32,442.1,
2020-03-31,London,935,59.3,6,6.3,1,1.2,2,2.0,4,3.8,11,13.1,47,29.7,54,32.3,53,33.8,47,41.0,68,69.4,86,79.9,106,101.7,70,104.3,73,119.5,66,149.5,70,231.2,61,300.4,62,417.3,44,461.2,
2020-04-01,London,979,61.8,4,5.9,0,1.0,1,1.9,9,5.3,14,13.1,51,31.2,59,35.3,46,35.2,60,44.9,82,72.4,91,84.8,85,106.0,76,111.0,70,127.5,73,156.8,70,232.3,89,312.3,58,410.9,40,449.0,
2020-04-02,London,1070,65.2,5,5.8,4,1.7,3,2.0,4,6.0,25,17.0,62,34.7,70,39.1,65,38.0,69,49.6,69,74.3,99,88.4,112,118.3,88,118.6,65,126.2,72,161.6,71,240.0,90,332.9,48,400.2,48,445.6,
2020-04-03,London,980,67.0,5,6.3,1,1.5,0,1.9,4,5.6,17,17.5,41,36.2,57,41.3,64,41.3,57,52.2,84,75.9,73,91.4,94,121.7,88,125.8,77,132.6,57,155.0,82,247.3,83,337.5,58,392.7,37,449.0,
2020-04-04,London,767,69.1,5,5.9,1,1.3,3,2.2,5,6.6,9,16.3,44,40.0,39,41.6,42,43.6,56,56.9,66,80.1,62,94.2,71,123.1,61,127.1,48,135.2,55,162.7,59,248.8,59,346.1,40,390.5,42,480.4,
2020-04-05,London,633,69.5,4,5.8,0,1.3,1,2.2,2,6.8,12,17.5,15,39.5,29,42.6,30,44.0,46,58.5,35,77.8,47,93.3,53,122.1,68,133.7,50,139.0,54,163.8,52,248.3,60,342.8,48,397.0,27,469.9,
2020-04-06,London,857,69.4,4,5.4,2,1.5,4,2.6,5,7.1,18,18.7,62,41.8,44,42.0,50,44.8,73,61.7,70,79.4,66,92.4,74,120.1,53,128.9,57,140.6,47,155.0,54,236.9,66,336.8,57,397.0,51,503.0,
2020-04-07,London,952,69.6,3,5.0,3,1.8,4,3.0,2,6.6,16,19.6,57,43.1,67,43.6,54,44.9,36,60.1,74,80.5,77,90.8,100,118.9,78,130.9,57,135.5,69,156.1,71,237.4,73,344.8,61,395.9,50,513.4,
2020-04-08,London,874,68.4,4,5.0,0,1.8,4,3.5,3,5.3,23,21.2,63,44.7,69,44.7,47,45.0,48,58.2,85,81.0,87,90.1,67,115.2,72,129.9,54,130.4,52,148.4,55,229.7,50,318.9,47,384.1,44,520.4,
2020-04-09,London,800,65.4,2,4.5,0,1.2,4,3.7,5,5.6,22,20.7,51,43.2,76,45.5,51,43.2,48,55.1,66,80.5,75,85.9,68,106.4,61,123.0,35,120.8,35,134.9,63,225.5,49,291.7,56,392.7,32,492.6,
2020-04-10,London,619,61.4,3,4.1,3,1.5,1,3.9,1,4.9,7,18.9,55,45.1,51,44.7,30,38.9,54,54.6,55,75.6,45,80.9,64,100.3,43,111.5,35,107.4,34,126.5,30,198.6,36,260.6,43,376.6,29,478.6,
2020-04-11,London,519,58.6,4,4.0,1,1.5,4,4.1,4,4.7,17,20.3,45,45.2,44,45.3,35,38.0,31,50.8,35,70.4,41,77.2,40,94.1,46,107.7,32,102.3,29,117.0,26,181.6,24,237.4,38,374.5,23,445.6,
2020-04-12,London,501,57.2,3,3.8,0,1.5,1,4.1,2,4.7,13,20.5,23,46.2,30,45.5,41,39.4,35,49.2,35,70.4,51,78.0,45,92.4,39,100.2,29,95.5,31,108.6,29,169.7,33,219.5,30,355.2,31,452.5,
2020-04-13,London,596,54.2,4,3.8,1,1.3,0,3.3,4,4.5,14,19.8,38,43.1,46,45.7,25,36.2,51,45.8,42,65.7,52,75.5,39,85.4,35,95.6,22,84.4,37,104.9,40,162.4,49,208.2,46,343.5,51,452.5,
2020-04-14,London,595,50.3,5,4.1,1,1.0,1,2.8,4,4.9,12,19.1,41,41.0,44,43.0,34,33.7,41,46.6,53,62.2,45,69.8,47,74.7,44,86.9,38,78.3,38,93.6,39,145.9,34,182.3,43,324.2,31,419.5,
2020-04-15,London,660,47.9,3,4.0,1,1.2,1,2.2,5,5.3,20,18.6,63,41.0,60,41.9,46,33.5,51,47.0,52,56.7,44,62.3,51,71.4,40,78.8,24,68.7,28,84.8,45,140.7,40,175.7,32,308.1,54,436.9,
2020-04-16,London,574,45.3,4,4.3,2,1.5,1,1.7,0,4.3,15,17.3,45,40.3,50,38.8,38,31.9,23,43.3,50,54.0,44,56.8,47,67.2,42,73.9,29,66.8,37,85.5,29,123.1,39,169.1,43,294.2,36,443.8,
2020-04-17,London,580,44.9,3,4.3,2,1.3,2,1.9,6,5.3,17,19.1,50,39.6,53,39.0,51,34.5,46,42.1,47,52.6,61,59.6,54,65.2,37,72.4,31,65.5,20,80.4,23,119.5,29,164.4,20,269.6,28,442.1,704
2020-04-18,London,400,43.6,4,4.3,4,1.8,0,1.1,4,5.3,15,18.7,26,37.1,38,38.3,32,34.2,29,41.8,31,52.0,31,57.8,37,64.6,28,67.8,18,61.0,17,76.0,19,115.9,28,167.1,14,244.0,25,445.6,689
2020-04-19,London,395,42.4,0,3.8,0,1.8,0,0.9,1,5.1,14,18.9,33,38.4,22,37.3,29,32.6,24,40.1,46,53.8,42,56.3,31,61.8,31,65.7,15,56.6,22,72.7,20,111.2,21,159.1,20,233.3,24,433.4,453
2020-04-20,London,431,40.6,4,3.8,3,2.2,3,1.5,2,4.7,14,18.9,30,37.4,34,35.9,21,32.1,40,38.4,30,51.8,29,52.2,25,58.9,38,66.5,17,55.0,27,69.1,23,102.4,28,145.2,33,219.3,30,396.8,297
2020-04-21,London,465,39.1,6,4.0,0,2.0,2,1.7,4,4.7,11,18.7,38,37.0,37,35.1,29,31.5,39,38.1,28,47.6,44,52.0,39,57.3,27,62.1,27,51.4,33,67.3,18,91.6,26,139.9,24,199.0,33,400.3,418
2020-04-22,London,399,36.2,2,3.8,2,2.2,2,1.9,8,5.3,18,18.4,37,33.6,29,31.4,22,28.4,33,35.4,21,42.4,41,51.5,19,50.9,32,60.1,16,48.9,19,64.0,15,76.0,22,128.0,32,199.0,29,356.8,280
2020-04-23,London,520,35.6,1,3.3,6,2.8,3,2.2,6,6.6,15,18.4,29,31.6,37,29.8,30,27.4,43,38.4,52,42.7,47,52.0,47,50.9,37,58.8,13,43.8,24,59.2,26,74.5,21,116.0,35,190.5,48,377.7,415
2020-04-24,London,377,33.3,0,2.8,1,2.7,4,2.6,3,6.0,11,17.3,27,28.6,28,26.8,34,25.2,33,36.5,36,40.9,36,47.6,30,46.0,25,55.7,19,39.9,12,56.3,13,69.3,28,115.4,17,187.2,20,363.8,296
2020-04-25,London,333,32.6,1,2.3,0,2.0,2,3.0,7,6.6,14,17.2,30,29.1,29,25.8,22,23.9,29,36.5,27,40.2,32,47.8,21,42.8,23,54.5,11,37.7,9,53.4,9,64.1,23,112.1,19,192.6,25,363.8,278
2020-04-26,London,311,31.6,0,2.3,0,2.0,1,3.2,5,7.5,14,17.2,26,28.2,34,27.2,32,24.3,30,37.4,35,38.4,26,45.0,28,42.2,19,51.4,14,37.4,9,48.6,9,58.5,12,106.1,13,185.1,4,328.9,267
2020-04-27,London,418,31.5,2,2.0,4,2.2,3,3.2,11,9.4,20,18.2,30,28.2,30,26.7,31,25.6,31,36.0,36,39.4,52,49.0,38,44.8,28,48.8,12,35.8,13,43.5,15,54.3,22,102.1,21,172.3,19,309.8,225
2020-04-28,London,312,29.8,2,1.3,2,2.5,0,2.8,6,9.8,16,19.1,17,25.5,22,24.9,20,24.4,34,35.2,33,40.2,27,46.0,25,42.0,21,47.3,20,33.6,12,35.8,12,51.2,13,93.5,20,168.0,10,269.8,146
2020-04-29,London,428,30.1,2,1.3,0,2.2,2,2.8,4,9.0,18,19.1,40,25.8,42,26.5,31,25.6,28,34.5,32,42.1,47,47.1,32,44.6,19,44.0,21,35.2,17,35.1,16,51.7,26,96.1,18,153.0,33,276.7,111
2020-04-30,London,424,29.0,1,1.3,1,1.3,3,2.8,3,8.3,18,19.6,25,25.3,33,26.0,28,25.3,34,33.1,33,38.9,32,44.4,45,44.2,17,38.9,19,37.1,14,31.4,22,49.7,23,97.5,29,146.6,44,269.8,207
2020-05-01,London,354,28.8,0,1.3,2,1.5,2,2.4,5,8.8,24,21.9,38,26.8,26,25.8,31,25.0,22,31.5,25,37.0,25,42.5,22,42.6,11,35.3,23,38.3,13,31.8,14,50.2,14,88.2,29,159.4,28,283.7,180
2020-05-02,London,247,27.8,4,1.8,0,1.5,1,2.2,6,8.6,13,21.8,17,25.1,17,24.3,22,25.0,18,29.8,15,35.0,20,40.4,18,42.0,14,33.0,12,38.7,2,29.2,14,52.8,16,83.5,15,155.1,23,280.2,223
2020-05-03,London,167,26.2,0,1.8,1,1.7,1,2.2,4,8.3,9,20.9,14,23.5,17,22.3,10,22.1,14,27.4,9,30.7,15,38.4,15,39.4,7,29.9,5,35.8,4,27.4,6,51.2,14,84.9,8,149.8,14,297.6,128
2020-05-04,London,248,24.3,1,1.7,1,1.2,1,1.9,5,7.1,9,18.9,11,21.0,28,22.1,21,20.9,21,25.9,21,28.2,14,31.7,13,34.3,16,26.8,3,32.9,13,27.4,14,50.7,16,80.9,19,147.7,21,301.1,160
2020-05-05,London,216,23.3,0,1.3,3,1.3,2,2.2,3,6.4,13,18.4,13,20.5,15,21.2,21,21.0,11,22.4,19,25.8,15,29.6,17,32.7,8,23.5,5,28.1,8,26.0,10,49.7,8,77.6,16,143.4,29,334.2,252
2020-05-06,London,266,21.4,1,1.2,0,1.3,3,2.4,5,6.6,7,16.4,23,18.3,13,17.8,21,19.7,13,20.1,29,25.3,26,25.9,26,31.5,17,23.0,12,25.2,10,23.4,13,48.1,10,67.0,22,147.7,14,301.1,117
2020-05-07,London,273,19.8,0,1.0,5,2.0,3,2.4,6,7.3,16,16.1,21,17.8,25,16.8,17,18.3,17,17.5,25,24.0,22,24.2,19,26.2,19,23.5,12,23.0,8,21.2,10,41.9,17,63.0,17,134.8,14,248.9,142
2020-05-08,London,206,18.1,1,1.2,2,2.0,6,3.2,8,7.9,7,13.1,11,14.3,21,16.2,6,15.1,15,16.5,20,23.1,21,23.5,12,24.2,10,23.3,6,17.6,13,21.2,8,38.8,8,59.0,13,117.7,18,231.5,124
2020-05-09,London,129,16.8,1,0.7,2,2.3,2,3.3,2,7.1,7,12.0,10,13.4,8,15.2,7,13.2,8,15.0,17,23.5,16,22.8,8,22.2,7,21.5,5,15.3,6,22.7,4,33.6,10,55.0,5,107.0,4,198.4,111
2020-05-10,London,126,16.3,0,0.7,1,2.3,3,3.7,4,7.1,9,12.0,11,13.0,12,14.6,6,12.7,8,14.1,11,23.8,14,22.6,7,20.6,7,21.5,7,16.0,4,22.7,2,31.6,8,51.1,4,102.7,8,188.0,95
2020-05-11,London,162,15.4,0,0.5,0,2.2,1,3.7,4,6.8,6,11.5,13,13.2,20,13.6,13,11.6,15,13.2,12,22.3,12,22.2,13,20.6,13,20.7,5,16.6,6,20.1,5,26.9,8,45.8,8,90.9,8,165.3,62
2020-05-12,London,195,15.1,0,0.5,1,1.8,2,3.7,5,7.3,12,11.3,10,12.9,13,13.4,8,10.0,12,13.3,19,22.3,19,22.9,17,20.6,11,21.5,5,16.6,7,19.7,9,26.4,9,46.4,13,87.7,22,153.2,89
2020-05-13,London,204,14.4,0,0.3,2,2.2,3,3.7,3,6.8,12,12.2,10,11.2,15,13.6,15,9.2,15,13.6,17,20.3,17,21.3,12,17.8,15,21.0,8,15.3,7,18.6,5,22.2,7,44.4,15,80.2,26,174.0,44
2020-05-14,London,158,13.2,1,0.5,1,1.5,2,3.5,1,5.8,10,11.1,4,9.0,10,11.8,15,9.0,9,12.4,11,17.9,15,20.1,15,17.0,10,18.7,6,13.4,7,18.3,7,20.7,9,39.1,17,80.2,8,163.6,89
2020-05-15,London,132,12.3,0,0.3,6,2.2,1,2.6,3,4.7,9,11.5,11,9.0,14,11.0,8,9.2,8,11.3,13,16.8,11,18.3,7,15.9,5,17.4,7,13.7,7,16.1,3,18.1,3,35.8,8,74.9,8,146.2,80
2020-05-16,London,74,11.7,0,0.2,3,2.3,1,2.4,1,4.5,5,11.1,6,8.4,9,11.1,5,9.0,7,11.2,4,14.6,4,16.2,9,16.1,6,17.1,4,13.4,0,13.9,2,17.1,4,31.8,2,71.7,2,142.7,166
2020-05-17,London,78,11.2,0,0.2,0,2.2,2,2.2,2,4.1,10,11.3,7,7.9,2,9.9,7,9.1,5,10.7,6,13.7,2,14.1,5,15.7,4,16.4,1,11.5,4,13.9,3,17.6,5,29.8,6,73.8,7,141.0,81
2020-05-18,London,112,10.6,0,0.2,0,2.2,1,2.2,0,3.2,8,11.7,10,7.5,10,8.7,11,8.8,5,9.2,7,12.9,5,12.9,14,15.9,5,14.3,4,11.2,4,13.2,9,19.7,5,27.8,7,72.8,6,137.5,47
2020-05-19,London,129,9.9,0,0.2,4,2.7,2,2.2,7,3.6,7,10.8,16,8.3,8,8.1,8,8.8,10,8.9,8,11.1,9,11.1,10,14.5,4,12.5,3,10.5,9,13.9,3,16.6,3,23.9,6,65.3,12,120.1,42
2020-05-20,London,141,9.2,2,0.5,4,3.0,6,2.8,3,3.6,5,9.6,14,8.8,7,7.2,14,8.7,7,7.7,11,10.1,12,10.2,6,13.3,10,11.3,6,9.9,5,13.2,5,16.6,8,24.5,7,56.7,9,90.5,50
2020-05-21,London,156,9.2,0,0.3,3,3.3,2,2.8,5,4.5,5,8.7,14,10.1,14,7.6,8,7.8,7,7.4,8,9.6,15,10.2,18,13.9,6,10.2,2,8.6,6,12.8,5,15.5,10,25.2,12,51.4,15,102.7,49
2020-05-22,London,82,8.6,1,0.5,1,2.5,1,2.8,0,3.8,2,7.4,5,9.4,7,6.8,7,7.7,8,7.4,5,8.2,4,9.0,4,13.3,11,11.8,2,7.0,3,11.3,6,17.1,5,26.5,5,48.1,5,97.5,55
2020-05-23,London,65,8.5,0,0.5,1,2.2,2,3.0,1,3.8,7,7.8,5,9.2,7,6.6,4,7.5,5,7.1,6,8.5,6,9.3,2,11.9,3,11.0,3,6.7,5,13.2,1,16.6,2,25.2,0,46.0,5,102.7,59
2020-05-24,London,50,8.2,0,0.5,2,2.5,0,2.6,2,3.8,3,6.5,6,9.1,7,7.2,2,6.9,3,6.8,3,8.0,3,9.5,4,11.7,4,11.0,1,6.7,1,12.1,4,17.1,2,23.2,3,42.8,0,90.5,38
2020-05-25,London,57,7.6,0,0.5,1,2.7,1,2.6,4,4.7,0,5.1,9,9.0,6,6.7,2,5.8,3,6.5,3,7.4,6,9.7,3,9.5,2,10.2,3,6.4,2,11.3,3,14.0,4,22.5,3,38.5,2,83.5,38
2020-05-26,London,66,6.9,1,0.7,3,2.5,0,2.2,5,4.3,5,4.8,3,7.3,8,6.7,1,4.9,4,5.6,4,6.7,3,8.6,4,8.3,5,10.5,1,5.8,1,8.4,2,13.4,6,24.5,9,41.7,1,64.4,22
2020-05-27,London,84,6.2,0,0.3,0,1.8,0,1.1,0,3.6,2,4.2,8,6.5,9,6.9,2,3.3,8,5.7,4,5.5,4,7.2,4,7.9,6,9.5,5,5.4,2,7.3,3,12.4,6,23.2,9,43.9,12,69.6,27
2020-05-28,London,75,5.3,0,0.3,4,2.0,1,0.9,1,2.8,3,3.9,7,5.6,9,6.3,3,2.7,4,5.3,4,4.9,5,5.5,3,4.8,3,8.7,5,6.4,2,5.8,5,12.4,4,19.2,7,38.5,5,52.2,16
2020-05-29,London,56,5.1,0,0.2,0,1.8,1,0.9,1,3.0,1,3.7,3,5.3,6,6.2,6,2.6,3,4.5,6,5.0,5,5.6,3,4.6,0,5.9,4,7.0,5,6.6,3,10.9,2,17.2,4,37.4,3,48.7,30
2020-05-30,London,39,4.8,0,0.2,0,1.7,0,0.6,0,2.8,5,3.4,1,4.8,6,6.1,1,2.2,5,4.5,1,4.2,8,6.0,2,4.6,0,5.1,1,6.4,0,4.8,2,11.4,3,17.9,2,39.6,2,43.5,25
2020-05-31,London,38,4.6,0,0.2,0,1.3,0,0.6,1,2.6,3,3.4,3,4.4,3,5.6,2,2.2,1,4.2,0,3.7,1,5.6,3,4.4,7,5.9,3,7.0,0,4.4,1,9.8,5,19.9,1,37.4,4,50.5,30
2020-06-01,London,49,4.5,1,0.3,0,1.2,1,0.6,1,1.9,4,4.1,4,3.8,2,5.1,1,2.0,3,4.2,2,3.5,5,5.5,5,4.8,2,5.9,1,6.4,3,4.8,0,8.3,4,19.9,2,36.4,8,60.9,21
2020-06-02,London,49,4.4,3,0.7,0,0.7,0,0.6,1,1.1,5,4.1,3,3.8,2,4.4,4,2.4,6,4.5,4,3.5,3,5.5,6,5.2,1,4.9,1,6.4,0,4.4,1,7.8,3,17.9,2,28.9,4,66.1,32
2020-06-03,London,79,4.3,0,0.7,0,0.7,1,0.7,1,1.3,4,4.4,12,4.3,6,4.1,7,3.1,3,3.8,6,3.9,6,5.8,5,5.4,3,4.1,4,6.1,2,4.4,6,9.3,4,16.6,6,25.7,3,50.5,21
2020-06-04,London,58,4.1,1,0.8,1,0.2,0,0.6,2,1.5,2,4.2,6,4.2,4,3.5,3,3.1,8,4.4,3,3.7,3,5.5,6,6.1,3,4.1,1,4.8,4,5.1,1,7.2,1,14.6,4,22.5,5,50.5,21
2020-06-05,London,45,4.0,3,1.3,0,0.2,0,0.4,1,1.5,3,4.6,2,4.0,3,3.1,4,2.8,0,3.9,3,3.2,3,5.1,0,5.4,4,5.1,4,4.8,4,4.8,1,6.2,6,17.2,1,19.3,3,50.5,36
2020-06-06,London,47,4.1,1,1.5,1,0.3,2,0.7,4,2.4,0,3.7,8,4.9,3,2.7,3,3.1,7,4.2,2,3.4,2,4.1,3,5.7,3,5.9,3,5.4,1,5.1,1,5.7,2,16.6,0,17.1,1,48.7,25
2020-06-07,London,45,4.2,1,1.7,2,0.7,0,0.7,0,2.1,4,3.9,2,4.8,3,2.7,2,3.1,0,4.1,4,4.0,4,4.6,6,6.3,4,5.1,4,5.8,0,5.1,2,6.2,2,14.6,2,18.2,3,47.0,15
2020-06-08,London,57,4.2,1,1.7,1,0.8,2,0.9,3,2.6,2,3.5,3,4.7,7,3.3,5,3.6,2,3.9,1,3.9,3,4.2,5,6.3,1,4.9,4,6.7,2,4.8,2,7.2,5,15.3,5,21.4,3,38.3,0
2020-06-09,London,71,4.5,0,1.2,1,1.0,0,0.9,0,2.4,1,2.8,6,5.1,9,4.2,8,4.1,6,3.9,8,4.5,4,4.4,5,6.1,4,5.6,3,7.3,0,4.8,5,9.3,1,13.9,8,27.8,2,34.8,55
2020-06-10,London,52,4.2,0,1.2,0,1.0,0,0.7,1,2.4,2,2.5,6,4.3,4,3.9,3,3.6,4,4.1,3,4.0,6,4.4,4,5.9,6,6.4,6,8.0,2,4.8,1,6.7,0,11.3,2,23.5,2,33.1,15
2020-06-11,London,47,4.1,2,1.3,0,0.8,0,0.7,1,2.1,8,3.5,3,3.9,0,3.5,6,4.0,4,3.5,0,3.5,7,5.1,3,5.2,2,6.1,3,8.6,0,3.3,2,7.2,2,11.9,2,21.4,2,27.8,31
2020-06-12,London,53,4.2,1,1.0,1,1.0,1,0.9,3,2.6,5,3.9,3,4.0,7,3.9,4,4.0,5,4.2,4,3.7,3,5.1,2,5.7,3,5.9,4,8.6,2,2.6,2,7.8,1,8.6,0,20.3,2,26.1,21
2020-06-13,London,39,4.1,0,0.8,1,1.0,3,1.1,3,2.4,0,3.9,7,3.9,2,3.8,5,4.2,4,3.8,6,4.4,1,4.9,1,5.2,1,5.4,1,8.0,0,2.2,4,9.3,0,7.3,0,20.3,0,24.4,36
2020-06-14,London,31,3.9,1,0.8,0,0.7,0,1.1,1,2.6,1,3.4,5,4.3,7,4.3,4,4.5,1,3.9,1,3.9,1,4.4,1,4.2,1,4.6,2,7.3,1,2.6,3,9.8,0,6.0,0,18.2,1,20.9,25
2020-06-15,London,41,3.7,0,0.7,0,0.5,0,0.7,1,2.1,3,3.5,5,4.5,5,4.1,3,4.2,3,4.1,4,4.4,1,4.1,7,4.6,1,4.6,2,6.7,1,2.2,2,9.8,0,2.7,2,15.0,1,17.4,8
2020-06-16,London,47,3.5,0,0.7,0,0.3,0,0.7,0,2.1,3,3.9,3,4.2,7,3.8,3,3.6,4,3.8,4,3.7,5,4.2,3,4.2,5,4.9,3,6.7,2,2.9,0,7.2,1,2.7,2,8.6,2,17.4,15
2020-06-17,London,42,3.3,0,0.7,1,0.5,1,0.9,1,2.1,2,3.9,4,3.9,9,4.4,2,3.5,3,3.6,2,3.5,1,3.4,3,4.0,1,3.6,3,5.8,2,2.9,3,8.3,1,3.3,0,6.4,3,19.1,9
2020-06-18,London,46,3.3,0,0.3,0,0.5,0,0.9,0,1.9,6,3.5,4,4.0,6,5.1,6,3.5,7,4.1,3,4.0,3,2.6,3,4.0,2,3.6,3,5.8,1,3.3,0,7.2,0,2.0,1,5.3,1,17.4,17
2020-06-19,London,37,3.2,3,0.7,0,0.3,1,0.9,0,1.3,0,2.7,4,4.2,3,4.7,4,3.5,3,3.8,0,3.4,5,3.0,1,3.8,3,3.6,5,6.1,2,3.3,0,6.2,1,2.0,1,6.4,1,15.7,16
2020-06-20,London,29,3.0,3,1.2,1,0.3,0,0.4,1,0.9,1,2.8,1,3.4,2,4.7,2,3.1,3,3.6,3,2.8,1,3.0,2,4.0,2,3.8,0,5.8,2,4.0,1,4.7,1,2.7,3,9.6,0,15.7,29
2020-06-21,London,27,3.0,1,1.2,0,0.3,0,0.4,0,0.6,3,3.2,5,3.4,4,4.3,1,2.7,2,3.8,2,3.0,2,3.2,1,4.0,2,4.1,0,5.1,2,4.4,0,3.1,0,2.7,2,11.8,0,13.9,18
2020-06-22,London,51,3.1,4,1.8,4,1.0,2,0.7,2,0.9,3,3.2,3,3.1,3,4.1,4,2.8,3,3.8,4,3.0,1,3.2,4,3.4,2,4.3,2,5.1,3,5.1,1,2.6,4,5.3,1,10.7,1,13.9,21
2020-06-23,London,49,3.1,2,2.1,1,1.2,0,0.7,0,0.9,2,3.0,5,3.4,1,3.3,2,2.7,2,3.5,3,2.8,2,2.6,3,3.4,3,3.8,9,7.0,4,5.8,2,3.6,2,6.0,5,13.9,1,12.2,18
2020-06-24,London,46,3.2,0,2.1,2,1.3,1,0.7,1,0.9,4,3.4,4,3.4,2,2.5,2,2.7,3,3.5,4,3.2,5,3.4,4,3.6,2,4.1,2,6.7,1,5.5,2,3.1,3,7.3,3,17.1,1,8.7,10
2020-06-25,London,57,3.3,0,2.1,4,2.0,1,0.9,1,1.1,4,3.0,9,4.0,7,2.6,5,2.6,1,2.6,3,3.2,1,3.0,2,3.4,3,4.3,2,6.4,3,6.2,6,6.2,2,8.6,2,18.2,1,8.7,47
2020-06-26,London,48,3.4,2,2.0,0,2.0,1,0.9,3,1.7,2,3.4,6,4.3,5,2.9,4,2.6,3,2.6,2,3.5,5,3.0,2,3.6,2,4.1,0,4.8,3,6.6,0,6.2,1,8.6,4,21.4,3,12.2,52
2020-06-27,London,32,3.5,1,1.7,0,1.8,1,1.1,2,1.9,1,3.4,3,4.5,4,3.1,3,2.7,3,2.6,5,3.9,1,3.0,2,3.6,0,3.6,2,5.4,1,6.2,0,5.7,0,8.0,2,20.3,1,13.9,46
2020-06-28,London,22,3.4,2,1.8,0,1.8,0,1.1,2,2.4,3,3.4,1,4.0,1,2.7,5,3.2,0,2.3,1,3.7,2,3.0,1,3.6,0,3.1,1,5.8,1,5.8,1,6.2,1,8.6,0,18.2,0,13.9,14
2020-06-29,London,58,3.5,3,1.7,3,1.7,0,0.7,2,2.4,5,3.7,8,4.7,8,3.3,6,3.5,5,2.6,3,3.5,1,3.0,4,3.6,2,3.1,1,5.4,4,6.2,0,5.7,1,6.6,1,18.2,1,13.9,9
2020-06-30,London,52,3.5,2,1.7,0,1.5,1,0.9,1,2.6,4,4.1,4,4.5,5,3.8,4,3.7,4,2.9,2,3.4,6,3.7,3,3.6,3,3.1,3,3.5,2,5.5,3,6.2,1,6.0,2,15.0,2,15.7,19
2020-07-01,London,42,3.5,2,2.0,3,1.7,0,0.7,2,2.8,3,3.9,2,4.3,7,4.4,1,3.6,0,2.4,5,3.5,4,3.5,1,3.0,2,3.1,2,3.5,2,5.8,0,5.2,3,6.0,2,13.9,1,15.7,6025
2020-07-02,London,40,3.3,0,2.0,2,1.3,1,0.7,1,2.8,0,3.2,3,3.5,7,4.4,3,3.3,3,2.7,6,4.0,0,3.4,2,3.0,2,2.8,1,3.2,1,5.1,0,2.1,3,6.6,1,12.8,1,15.7,34
2020-07-03,London,38,3.2,0,1.7,0,1.3,3,1.1,0,2.1,2,3.2,5,3.4,3,4.2,0,2.8,1,2.4,2,4.0,5,3.4,5,3.6,4,3.3,2,3.8,3,5.1,2,3.1,0,6.0,1,9.6,0,10.4,9
2020-07-04,London,32,3.2,1,1.7,1,1.5,1,1.1,0,1.7,2,3.4,5,3.6,7,4.5,4,2.9,2,2.3,1,3.4,1,3.4,4,4.0,0,3.3,1,3.5,1,5.1,0,3.1,1,6.6,0,7.5,0,8.7,38
2020-07-05,London,51,3.5,1,1.5,2,1.8,0,1.1,1,1.5,7,4.1,9,4.7,6,5.1,4,2.8,5,3.0,3,3.7,3,3.5,3,4.4,0,3.3,2,3.8,1,5.1,1,3.1,0,6.0,1,8.6,2,12.2,37
2020-07-06,London,54,3.4,4,1.7,0,1.3,0,1.1,1,1.3,2,3.5,5,4.3,9,5.2,10,3.3,7,3.3,0,3.2,4,4.1,1,3.8,3,3.6,3,4.5,2,4.4,0,3.1,1,6.0,1,8.6,1,12.2,23
2020-07-07,London,60,3.5,2,1.7,3,1.8,1,1.1,0,1.1,4,3.5,5,4.4,5,5.2,8,3.8,5,3.5,6,3.9,2,3.4,7,4.6,3,3.6,0,3.5,3,4.8,1,2.1,0,5.3,2,8.6,2,12.2,37
2020-07-08,London,57,3.7,1,1.5,0,1.3,0,1.1,1,0.9,5,3.9,14,6.0,2,4.7,9,4.9,4,4.1,3,3.5,4,3.4,4,5.2,1,3.3,0,2.9,2,4.8,0,2.1,1,4.0,2,8.6,3,15.7,44
2020-07-09,London,54,3.9,1,1.7,1,1.2,1,1.1,2,1.1,5,4.8,6,6.4,5,4.4,3,4.9,4,4.2,3,3.0,6,4.4,4,5.7,0,2.8,1,2.9,3,5.5,1,2.6,3,4.0,1,8.6,4,20.9,68
2020-07-10,London,41,3.9,3,2.1,0,1.2,2,0.9,2,1.5,4,5.1,3,6.1,1,4.2,3,5.2,4,4.7,3,3.2,3,4.1,2,5.0,1,2.0,2,2.9,2,5.1,3,3.1,1,4.6,1,8.6,1,22.6,31
2020-07-11,London,20,3.8,0,2.0,1,1.2,0,0.7,2,1.9,1,5.0,0,5.5,3,3.7,2,5.0,5,5.1,0,3.0,0,3.9,3,4.8,0,2.0,0,2.6,2,5.5,1,3.6,0,4.0,0,8.6,0,22.6,91
2020-07-12,London,38,3.6,0,1.8,1,1.0,1,0.9,4,2.6,3,4.2,4,4.8,5,3.6,4,5.0,3,4.8,4,3.2,2,3.7,3,4.8,1,2.3,0,1.9,2,5.8,0,3.1,0,4.0,1,8.6,0,19.1,45
2020-07-13,London,85,4.0,3,1.7,4,1.7,2,1.3,4,3.2,7,5.1,12,5.7,9,3.6,8,4.7,7,4.8,6,4.2,6,4.1,3,5.2,1,1.8,6,2.9,4,6.6,1,3.6,1,4.0,0,7.5,1,19.1,29
2020-07-14,London,62,4.0,1,1.5,1,1.3,7,2.4,2,3.6,6,5.5,4,5.6,8,3.9,6,4.5,4,4.7,2,3.5,8,5.1,2,4.2,1,1.3,0,2.9,1,5.8,3,4.7,3,6.0,1,6.4,2,19.1,42
2020-07-15,London,76,4.2,3,1.8,1,1.5,2,2.8,2,3.8,11,6.5,8,4.8,9,4.8,7,4.2,12,5.9,7,4.2,3,4.9,4,4.2,0,1.0,4,4.2,0,5.1,1,5.2,1,6.0,0,4.3,1,15.7,50
2020-07-16,London,70,4.4,4,2.3,1,1.5,1,2.8,2,3.8,8,7.1,11,5.5,8,5.1,7,4.7,2,5.6,7,4.9,4,4.6,2,3.8,2,1.5,2,4.5,2,4.8,3,6.2,3,6.0,1,4.3,0,8.7,68
2020-07-17,London,48,4.5,0,1.8,1,1.7,1,2.6,2,3.8,6,7.4,4,5.6,8,6.0,6,5.1,1,5.1,3,4.9,3,4.6,2,3.8,1,1.5,1,4.2,1,4.4,1,5.2,1,6.0,3,6.4,2,10.4,56
2020-07-18,London,47,4.8,0,1.8,2,1.8,2,3.0,0,3.4,6,8.3,7,6.5,6,6.3,5,5.5,5,5.1,2,5.2,1,4.8,3,3.8,2,2.0,0,4.2,1,4.0,0,4.7,4,8.6,0,6.4,1,12.2,109
2020-07-19,London,41,4.8,1,2.0,2,2.0,1,3.0,1,2.8,2,8.1,10,7.3,5,6.3,6,5.8,2,5.0,3,5.0,2,4.8,0,3.2,1,2.0,2,4.8,1,3.7,0,4.7,1,9.3,1,6.4,0,12.2,51
2020-07-20,London,97,4.9,4,2.1,1,1.5,1,2.8,6,3.2,13,9.2,11,7.1,10,6.4,9,5.9,13,5.9,6,5.0,6,4.8,3,3.2,0,1.8,3,3.8,3,3.3,4,6.2,1,9.3,2,8.6,1,12.2,47
2020-07-21,London,81,5.1,1,2.1,1,1.5,2,1.9,2,3.2,10,9.9,12,8.2,13,7.0,7,6.0,12,7.1,3,5.2,5,4.2,4,3.6,3,2.3,0,3.8,1,3.3,1,5.2,1,8.0,2,9.6,1,10.4,44
2020-07-22,London,80,5.2,1,1.8,2,1.7,0,1.5,3,3.4,12,10.1,9,8.3,11,7.3,7,6.0,6,6.2,5,4.9,2,4.1,6,4.0,2,2.8,2,3.2,3,4.4,3,6.2,1,8.0,0,9.6,5,17.4,47
2020-07-23,London,71,5.2,3,1.7,3,2.0,1,1.5,0,3.0,11,10.6,10,8.2,7,7.2,6,5.9,11,7.6,3,4.2,1,3.5,3,4.2,5,3.6,1,2.9,3,4.8,0,4.7,2,7.3,0,8.6,1,19.1,96
2020-07-24,London,83,5.6,3,2.1,3,2.3,0,1.3,5,3.6,7,10.8,7,8.6,9,7.3,7,6.0,4,8.0,8,5.0,5,3.9,1,4.0,6,4.9,7,4.8,4,5.8,0,4.1,1,7.3,3,8.6,3,20.9,73
2020-07-25,London,56,5.7,5,3.0,1,2.2,1,1.1,2,4.1,9,11.3,8,8.7,2,6.8,6,6.1,7,8.3,4,5.4,2,4.1,2,3.8,4,5.4,0,4.8,0,5.5,0,4.1,2,6.0,1,9.6,0,19.1,66
2020-07-26,London,65,5.9,2,3.1,1,2.0,1,1.1,6,5.1,7,12.2,6,8.2,11,7.5,7,6.3,4,8.6,8,6.2,5,4.6,2,4.2,1,5.4,1,4.5,2,5.8,0,4.1,0,5.3,1,9.6,0,19.1,87
2020-07-27,London,100,6.0,1,2.6,3,2.3,4,1.7,3,4.5,6,11.0,17,9.0,14,8.0,8,6.1,9,8.0,4,5.9,6,4.6,4,4.4,9,7.7,4,4.8,5,6.6,1,2.6,0,4.6,1,8.6,1,19.1,87
2020-07-28,London,100,6.2,4,3.1,3,2.7,3,1.9,5,5.1,11,11.1,14,9.2,13,8.0,11,6.7,10,7.7,4,6.0,4,4.4,5,4.6,2,7.4,3,5.8,3,7.3,1,2.6,1,4.6,2,8.6,1,19.1,61
2020-07-29,London,99,6.4,4,3.6,2,2.7,1,2.0,3,5.1,7,10.3,12,9.6,15,8.5,16,7.8,10,8.3,1,5.4,4,4.8,5,4.4,3,7.7,2,5.8,2,6.9,3,2.6,2,5.3,4,12.8,3,15.7,66
2020-07-30,London,102,6.8,2,3.5,4,2.8,2,2.2,3,5.8,11,10.3,9,9.5,17,9.7,13,8.7,10,8.2,10,6.5,7,5.8,6,5.0,4,7.4,1,5.8,1,6.2,0,2.6,0,4.0,0,12.8,2,17.4,114
2020-07-31,London,73,6.6,1,3.1,1,2.5,0,2.2,5,5.8,7,10.3,7,9.5,6,9.3,11,9.2,8,8.8,8,6.5,6,6.0,3,5.4,5,7.2,2,4.2,1,5.1,0,2.6,0,3.3,1,10.7,1,13.9,91
2020-08-01,London,58,6.7,5,3.1,2,2.7,0,2.0,3,6.0,3,9.2,4,9.0,8,10.0,7,9.3,4,8.3,4,6.5,6,6.7,4,5.9,2,6.6,3,5.1,0,5.1,2,3.6,1,2.7,0,9.6,0,13.9,103
2020-08-02,London,75,6.8,4,3.5,3,3.0,2,2.2,5,5.8,15,10.6,7,9.1,6,9.4,7,9.3,4,8.3,7,6.4,6,6.9,2,5.9,1,6.6,0,4.8,1,4.8,1,4.1,2,4.0,0,8.6,0,13.9,70
2020-08-03,London,87,6.6,4,4.0,1,2.7,5,2.4,8,6.8,11,11.5,12,8.4,14,9.4,7,9.2,4,7.6,6,6.7,8,7.2,2,5.4,0,4.3,1,3.8,0,2.9,0,3.6,2,5.3,1,8.6,0,12.2,97
2020-08-04,London,104,6.7,5,4.1,0,2.2,3,2.4,8,7.5,11,11.5,18,9.0,7,8.7,5,8.4,6,7.0,6,7.0,9,8.1,6,5.7,4,4.9,2,3.5,3,2.9,3,4.7,4,7.3,2,8.6,2,13.9,86
2020-08-05,London,113,6.8,3,4.0,0,1.8,2,2.6,3,7.5,9,11.8,13,9.1,16,8.8,16,8.4,11,7.1,5,7.7,13,9.7,6,5.9,8,6.1,0,2.9,1,2.6,2,4.1,0,6.0,1,5.3,4,15.7,74
2020-08-06,London,104,6.9,2,4.0,0,1.2,3,2.8,4,7.7,13,12.2,20,10.5,11,8.1,15,8.7,6,6.5,6,7.0,3,9.0,6,5.9,1,5.4,5,4.2,2,2.9,2,5.2,2,7.3,0,5.3,3,17.4,105
2020-08-07,London,121,7.4,2,4.1,8,2.3,3,3.3,8,8.3,9,12.6,19,12.1,17,9.4,8,8.3,6,6.2,7,6.9,7,9.2,4,6.1,3,4.9,5,5.1,3,3.7,0,5.2,2,8.6,4,8.6,4,22.6,90
2020-08-08,London,55,7.4,2,3.6,3,2.5,0,3.3,1,7.9,6,13.1,9,12.7,5,9.1,8,8.4,5,6.4,4,6.9,1,8.3,3,5.9,2,4.9,3,5.1,0,3.7,0,4.1,1,8.6,2,10.7,0,22.6,112
2020-08-09,London,67,7.3,3,3.5,2,2.3,0,3.0,2,7.3,5,11.3,8,12.9,8,9.3,9,8.7,3,6.2,9,7.2,5,8.1,6,6.7,3,5.4,1,5.4,1,3.7,1,4.1,1,8.0,0,10.7,0,22.6,117
2020-08-10,London,143,7.9,4,3.5,5,3.0,2,2.4,5,6.6,16,12.2,26,14.7,22,10.3,18,10.1,14,7.7,5,7.0,6,7.8,6,7.5,3,6.1,5,6.7,0,3.7,1,4.7,1,7.3,3,12.8,0,22.6,65
2020-08-11,London,149,8.4,2,3.0,7,4.1,15,4.7,10,7.1,14,12.7,21,15.1,24,12.3,11,10.9,7,7.9,9,7.5,5,7.1,6,7.5,5,6.4,5,7.7,2,3.3,3,4.7,1,5.3,1,11.8,1,20.9,90
2020-08-12,London,160,8.9,5,3.3,4,4.8,4,5.0,26,12.0,17,14.1,30,17.3,21,12.9,13,10.5,6,7.1,8,8.0,4,5.5,8,7.9,2,4.9,5,9.3,1,3.3,3,5.2,2,6.6,0,10.7,0,13.9,93
2020-08-13,London,124,9.1,5,3.8,0,4.8,1,4.7,11,13.5,12,14.0,15,16.6,9,12.6,12,10.1,6,7.1,12,9.1,11,6.9,9,8.5,4,5.6,6,9.6,4,4.0,1,4.7,1,6.0,3,13.9,2,12.2,0
2020-08-14,London,126,9.2,3,4.0,0,3.5,1,4.3,6,13.0,14,14.9,30,18.1,17,12.6,8,10.1,10,7.7,12,9.9,3,6.2,9,9.5,3,5.6,5,9.6,2,3.7,1,5.2,2,6.0,0,9.6,0,5.2,300
2020-08-15,London,106,9.8,5,4.5,3,3.5,3,4.8,4,13.7,12,15.9,23,19.9,13,13.6,15,11.0,5,7.7,7,10.4,6,7.1,3,9.5,2,5.6,1,8.9,1,4.0,1,5.7,1,6.0,1,8.6,0,5.2,119
2020-08-16,London,88,10.0,1,4.1,1,3.3,3,5.4,6,14.5,11,17.0,16,20.9,11,14.0,13,11.5,5,8.0,1,9.1,2,6.5,7,9.7,6,6.4,2,9.3,3,4.8,0,5.2,0,5.3,0,8.6,0,5.2,136
2020-08-17,London,189,10.5,3,4.0,0,2.5,4,5.8,7,15.0,34,20.2,33,21.8,28,14.7,22,12.0,12,7.7,13,10.4,11,7.4,4,9.3,8,7.7,4,8.9,2,5.5,2,5.7,0,4.6,0,5.3,2,8.7,95
2020-08-18,London,181,10.9,3,4.1,4,2.0,5,3.9,15,16.0,31,23.2,28,22.7,14,13.5,18,12.9,14,8.8,7,10.1,7,7.8,8,9.7,10,8.9,6,9.3,2,5.5,2,5.2,2,5.3,1,5.3,4,13.9,145
2020-08-19,London,151,10.8,0,3.3,1,1.5,1,3.3,5,11.5,15,22.8,30,22.7,23,13.7,11,12.7,17,10.4,10,10.4,7,8.3,8,9.7,5,9.7,5,9.3,2,5.8,1,4.1,1,4.6,3,8.6,6,24.4,105
2020-08-20,London,204,11.7,3,3.0,0,1.5,11,5.2,13,12.0,30,26.0,52,27.5,32,16.5,9,12.3,12,11.3,14,10.7,10,8.1,8,9.5,3,9.5,2,8.0,2,5.1,2,4.7,1,4.6,0,5.3,0,20.9,172
2020-08-21,London,166,12.1,5,3.3,3,2.0,8,6.5,10,12.8,24,27.8,33,27.9,20,16.8,18,13.6,10,11.3,6,9.7,12,9.7,8,9.3,4,9.7,2,7.0,1,4.8,1,4.7,0,3.3,0,5.3,1,22.6,101
2020-08-22,London,119,12.3,3,3.0,5,2.3,0,6.0,17,15.6,25,30.1,21,27.7,9,16.3,5,12.3,6,11.5,4,9.2,5,9.5,8,10.3,3,10.0,1,7.0,3,5.5,1,4.7,2,4.0,1,5.3,0,22.6,183
2020-08-23,London,144,12.9,5,3.6,5,3.0,1,5.6,10,16.5,18,31.3,30,29.5,13,16.6,13,12.3,9,12.1,8,10.4,9,10.8,8,10.5,5,9.7,4,7.7,2,5.1,0,4.7,3,6.0,0,5.3,1,24.4,155
2020-08-24,London,195,12.9,8,4.5,6,4.0,5,5.8,16,18.4,25,29.7,38,30.1,37,17.7,18,11.8,8,11.5,10,9.9,8,10.2,4,10.5,4,8.7,0,6.4,5,6.2,1,4.1,1,6.6,0,5.3,0,20.9,133
2020-08-25,London,171,12.8,4,4.6,4,4.0,5,5.8,13,18.0,14,26.7,41,31.8,22,18.6,12,11.0,12,11.2,12,10.7,7,10.2,7,10.3,5,7.4,1,4.8,6,7.7,2,4.1,1,6.0,1,5.3,2,17.4,206
2020-08-26,London,164,13.0,4,5.3,7,5.0,3,6.1,11,19.2,15,26.7,37,32.7,27,19.1,13,11.3,14,10.7,7,10.2,4,9.7,7,10.1,6,7.7,2,3.8,1,7.3,1,4.1,0,5.3,1,3.2,4,13.9,155
2020-08-27,London,229,13.3,6,5.8,3,5.5,3,4.7,21,21.0,26,26.0,45,31.8,22,17.9,37,14.8,16,11.3,5,8.7,15,10.6,7,9.9,11,9.7,4,4.5,2,7.3,2,4.1,1,5.3,2,5.3,1,15.7,210
2020-08-28,London,221,13.9,8,6.3,5,5.8,5,4.1,23,23.7,28,26.7,38,32.5,25,18.5,25,15.7,15,12.1,10,9.4,11,10.4,7,9.7,7,10.5,2,4.5,5,8.8,1,4.1,3,7.3,1,6.4,2,17.4,166
2020-08-29,London,139,14.1,4,6.4,8,6.3,1,4.3,18,24.0,21,26.0,20,32.3,14,19.1,7,16.0,12,13.0,6,9.7,8,10.9,8,9.7,3,10.5,3,5.1,2,8.4,1,4.1,1,6.6,0,5.3,1,19.1,143
2020-08-30,London,133,14.0,4,6.3,4,6.1,3,4.7,9,23.7,12,24.9,20,31.0,21,20.0,8,15.4,6,12.6,14,10.7,11,11.3,9,9.9,5,10.5,3,4.8,0,7.7,1,4.7,1,5.3,0,5.3,0,17.4,197
2020-08-31,London,216,14.2,9,6.4,12,7.1,8,5.2,30,26.7,28,25.5,28,29.7,20,18.0,14,14.8,13,13.3,20,12.4,13,12.2,9,10.9,6,11.0,2,5.4,1,6.2,0,4.1,2,6.0,0,5.3,1,19.1,160
2020-09-01,London,314,15.8,6,6.8,0,6.5,9,6.0,22,28.7,40,30.1,64,32.7,45,20.8,31,17.3,25,15.3,20,13.7,19,14.3,13,12.1,4,10.7,4,6.4,2,4.8,0,3.1,2,6.6,3,7.5,3,20.9,188
2020-09-02,London,334,17.7,6,7.1,7,6.5,12,7.6,25,31.7,45,35.4,67,36.6,40,22.3,29,19.3,31,17.9,17,15.4,10,15.3,13,13.3,8,11.3,6,7.7,6,6.6,0,2.6,3,8.6,7,13.9,2,17.4,190
2020-09-03,London,348,19.0,10,7.8,7,7.1,6,8.2,20,31.4,46,38.9,64,39.1,49,25.5,29,18.3,19,18.3,24,18.6,18,15.9,17,15.3,15,12.3,5,8.0,4,7.3,6,4.7,2,9.3,7,19.3,0,15.7,216
2020-09-04,London,355,20.5,6,7.4,7,7.5,11,9.3,16,29.9,39,40.9,61,42.1,46,28.0,36,19.7,28,20.3,27,21.5,16,16.8,17,17.4,18,15.1,14,11.8,4,6.9,2,5.2,4,9.9,1,19.3,1,13.9,296
2020-09-05,London,270,22.0,8,8.1,9,7.6,10,11.0,13,28.9,37,43.7,37,44.3,43,31.5,25,22.0,21,21.6,17,23.3,5,16.2,16,19.0,14,17.9,7,13.1,1,6.6,2,5.7,2,10.6,2,21.4,1,13.9,232
2020-09-06,London,205,22.8,6,8.4,5,7.8,8,11.9,9,28.9,22,45.5,37,46.5,31,32.7,20,23.5,17,23.3,22,24.6,7,15.5,4,18.0,3,17.4,5,13.7,4,8.0,3,6.7,1,10.6,1,22.5,0,13.9,308
2020-09-07,London,463,25.5,8,8.3,14,8.1,17,13.6,21,26.9,66,52.2,83,53.6,62,37.7,49,28.0,31,26.0,31,26.5,20,16.8,22,20.6,13,19.2,9,16.0,4,9.1,5,9.3,4,11.9,2,24.6,1,13.9,274
2020-09-08,London,342,25.9,4,7.9,9,9.6,14,14.5,17,25.9,32,50.8,54,52.3,43,37.5,32,28.2,30,26.8,28,27.8,24,17.6,20,22.0,13,21.5,7,16.9,2,9.1,3,10.9,4,13.3,2,23.5,4,15.7,327
2020-09-09,London,344,26.0,4,7.6,13,10.6,12,14.5,20,24.8,50,51.6,65,52.1,40,37.5,28,28.0,26,26.0,19,28.2,11,17.8,17,22.8,12,22.5,8,17.6,6,9.1,5,13.4,2,12.6,1,17.1,4,19.1,315
2020-09-10,London,391,26.4,9,7.4,13,11.6,15,16.2,13,23.3,38,50.2,57,51.2,57,38.4,55,31.3,30,27.7,24,28.2,20,18.2,12,21.8,12,21.7,9,18.9,4,9.1,4,12.4,7,15.9,7,17.1,4,26.1,304
2020-09-11,London,332,26.2,6,7.4,12,12.4,15,16.9,20,24.2,44,51.1,44,49.0,50,38.9,33,31.0,20,26.5,15,26.1,25,19.8,18,22.0,10,19.7,7,16.6,3,8.8,6,14.5,2,14.6,0,16.0,2,27.8,416
2020-09-12,London,229,25.7,6,7.1,6,11.9,10,16.9,16,24.8,27,49.3,28,47.8,32,37.6,24,30.8,18,26.0,8,24.6,14,21.3,10,20.8,8,18.2,8,16.9,6,10.6,3,15.0,4,15.9,0,13.9,1,27.8,393
2020-09-13,London,112,24.7,1,6.3,5,11.9,6,16.6,7,24.4,15,48.1,9,44.2,10,35.1,6,29.0,10,25.0,14,23.3,7,21.3,3,20.6,6,18.9,3,16.3,2,9.9,5,16.0,2,16.6,0,12.8,1,29.6,311
2020-09-14,London,297,22.8,7,6.1,13,11.8,10,15.3,16,23.3,33,42.3,40,38.6,40,32.5,31,26.7,26,24.2,23,22.0,14,20.3,8,17.8,7,17.4,7,15.7,6,10.6,4,15.5,3,15.9,5,16.0,1,29.6,218
2020-09-15,London,270,22.0,7,6.6,7,11.4,15,15.4,13,22.5,24,40.9,35,36.1,31,31.0,33,26.9,19,22.5,24,21.3,11,18.0,13,16.3,13,17.4,2,14.1,9,13.2,3,15.5,2,14.6,5,19.3,2,26.1,278
2020-09-16,London,292,21.5,3,6.4,5,10.1,10,15.1,18,22.0,31,37.5,47,33.8,32,30.1,23,26.2,21,21.8,28,22.8,21,19.8,20,17.0,8,16.4,9,14.4,6,13.2,5,15.5,2,14.6,0,18.2,1,20.9,243
2020-09-17,London,324,20.7,11,6.8,10,9.6,12,14.5,13,22.0,35,37.0,52,33.1,35,27.4,36,23.8,30,21.8,21,22.3,21,19.9,17,18.0,11,16.1,6,13.4,0,11.7,2,14.5,4,12.6,4,15.0,1,15.7,247
2020-09-18,London,386,21.3,8,7.1,10,9.3,21,15.6,23,22.7,57,39.3,61,35.3,39,26.1,37,24.3,28,23.0,19,23.0,24,19.8,18,18.0,13,16.9,8,13.7,1,11.0,4,13.4,3,13.3,0,15.0,4,19.1,377
2020-09-19,London,338,22.5,10,7.8,17,11.1,22,17.9,22,24.0,34,40.5,45,37.5,32,26.1,22,24.1,26,24.2,29,26.5,25,21.7,19,19.8,12,17.9,4,12.5,5,10.6,7,15.5,5,13.9,1,16.0,1,19.1,320
2020-09-20,London,408,25.8,10,9.2,14,12.6,20,20.5,30,28.9,43,45.5,55,43.5,50,30.9,38,28.2,32,27.5,29,29.0,25,24.9,19,23.0,13,19.7,6,13.4,8,12.8,3,14.5,4,15.3,4,20.3,3,22.6,241
2020-09-21,London,427,27.3,8,9.4,10,12.1,24,23.1,26,31.0,48,48.1,63,46.5,52,32.3,35,28.7,31,28.3,33,30.7,27,27.2,16,24.6,15,21.7,13,15.3,6,12.8,2,13.4,3,15.3,5,20.3,3,26.1,282
2020-09-22,London,518,30.0,8,9.6,5,11.8,18,23.6,38,36.4,62,54.8,70,51.0,69,36.9,47,30.5,34,30.6,43,33.9,36,31.6,16,25.2,22,24.0,11,18.2,9,12.8,7,15.5,6,17.9,5,20.3,2,26.1,354
2020-09-23,London,657,34.1,18,12.0,16,13.6,28,27.0,52,43.6,82,63.8,112,59.5,76,42.1,55,34.5,42,33.7,39,35.7,36,34.2,30,27.2,20,27.1,10,18.5,4,12.1,10,18.1,5,19.9,9,30.0,3,29.6,531
2020-09-24,London,599,37.2,7,11.4,9,13.4,23,29.0,48,51.1,70,70.0,88,64.2,67,45.9,69,38.8,46,36.2,43,39.4,41,37.7,30,29.9,24,30.4,8,19.2,3,13.2,4,19.1,5,20.6,2,27.8,2,31.3,620
2020-09-25,London,602,39.6,13,12.2,16,14.4,33,31.2,44,55.6,70,72.3,84,67.1,81,50.9,63,42.1,43,38.4,31,41.4,32,39.2,34,33.1,14,30.7,18,22.4,5,14.6,7,20.7,5,21.9,5,33.2,2,27.8,584
2020-09-26,London,548,41.9,12,12.5,7,12.8,33,33.3,46,60.7,82,80.8,66,69.9,56,53.8,59,46.8,36,39.9,44,43.9,31,40.2,21,33.5,11,30.4,15,25.9,10,16.5,4,19.1,4,21.2,5,37.4,2,29.6,361
2020-09-27,London,528,43.3,11,12.7,14,12.8,24,34.0,62,67.6,51,82.2,69,71.7,60,55.0,53,48.8,39,41.0,33,44.6,38,42.5,27,35.1,21,32.5,7,26.2,5,15.4,2,18.6,3,20.6,2,35.3,1,26.1,587
2020-09-28,London,742,46.8,19,14.5,13,13.3,32,35.5,64,75.7,68,85.8,103,76.9,95,60.1,73,53.6,45,43.1,53,47.9,41,45.0,35,39.0,33,37.1,27,30.7,11,17.2,11,23.3,4,21.2,4,34.2,6,31.3,397
2020-09-29,London,701,48.8,21,16.7,9,13.9,27,37.2,67,81.9,79,88.8,85,78.8,94,63.1,62,55.5,53,46.0,49,48.9,42,46.0,36,43.0,20,36.6,16,32.3,10,17.5,5,22.2,8,22.5,6,35.3,7,40.0,504
2020-09-30,London,989,52.5,21,17.2,13,13.4,35,38.5,135,99.7,135,98.2,141,82.6,106,66.7,91,60.1,62,49.0,50,50.8,53,49.0,55,48.0,39,41.4,17,34.5,7,18.6,10,22.2,4,21.9,7,33.2,3,40.0,388
2020-10-01,London,1071,57.8,24,20.0,23,15.8,50,43.5,142,119.8,144,111.2,141,89.5,112,72.1,85,62.2,77,53.7,69,55.1,60,52.4,46,51.3,48,47.6,22,39.0,10,21.2,4,22.2,3,20.6,6,37.4,3,41.8,551
2020-10-02,London,1037,62.7,25,21.9,13,15.3,28,42.6,134,139.0,138,123.3,111,93.0,136,78.6,85,65.0,86,60.2,59,59.8,62,57.7,54,55.3,29,51.4,30,42.8,17,25.6,10,23.8,7,21.9,4,36.4,2,41.8,497
2020-10-03,London,791,65.4,18,22.9,10,15.8,29,41.9,85,147.3,131,131.9,87,95.7,94,83.2,69,66.3,48,62.0,56,61.8,54,61.7,37,58.5,30,56.3,16,43.1,11,26.0,7,25.3,5,22.5,2,33.2,2,41.8,1070
2020-10-04,London,819,68.6,22,24.8,10,15.1,25,42.0,110,157.6,90,138.8,101,99.9,99,87.8,81,69.9,54,64.3,53,65.2,49,63.7,43,61.8,35,59.8,17,46.3,10,27.8,8,28.5,8,25.9,3,34.2,1,41.8,1965
2020-10-05,London,1290,74.7,31,26.7,20,16.3,56,46.5,154,176.9,148,153.0,148,105.7,157,95.2,123,76.3,97,72.2,82,70.1,71,69.0,70,68.8,41,61.9,27,46.3,25,32.9,12,29.0,9,29.2,5,35.3,7,43.5,989
2020-10-06,London,1168,79.9,18,26.2,25,18.9,39,48.7,149,194.4,154,166.2,141,113.0,150,101.9,98,80.9,82,76.5,66,72.9,75,74.8,61,73.9,33,65.2,28,50.2,14,34.4,10,31.6,7,28.5,6,35.3,3,36.5,916
2020-10-07,London,1404,84.6,24,26.7,24,20.7,62,53.8,162,200.2,195,176.9,189,119.2,174,110.0,102,82.3,103,82.7,76,77.3,74,78.5,81,79.1,53,68.8,25,52.7,23,40.2,8,30.5,11,33.2,13,41.7,3,36.5,1310
2020-10-08,London,1474,89.1,24,26.7,22,20.6,59,55.4,177,207.7,178,182.9,193,126.0,171,117.0,131,88.2,87,84.3,89,80.6,112,87.7,77,85.4,51,69.6,29,55.0,18,43.1,17,37.2,13,39.8,6,41.7,8,45.3,1252
2020-10-09,London,1345,92.5,25,26.7,29,23.2,46,58.8,180,217.5,179,190.1,164,132.9,137,117.2,111,91.5,94,85.5,87,85.3,92,92.9,80,90.6,45,73.6,22,52.4,17,43.1,12,38.3,10,41.8,5,42.8,7,54.0,1457
2020-10-10,London,872,93.4,12,25.7,14,23.9,38,60.5,133,227.8,103,185.2,93,133.6,106,118.6,75,92.3,69,88.6,56,85.3,51,92.4,41,91.4,32,74.2,17,52.7,8,42.0,10,39.8,5,41.8,5,46.0,1,52.2,1174
2020-10-11,London,741,92.5,15,24.6,17,25.0,19,59.3,101,225.8,80,183.4,89,132.1,73,115.5,75,91.5,50,88.0,51,85.0,64,95.1,41,91.0,21,70.6,14,51.8,8,41.3,6,38.8,8,41.8,3,46.0,6,60.9,637
2020-10-12,London,1572,95.7,29,24.3,26,26.0,66,61.2,173,229.9,182,189.4,225,142.1,175,117.6,138,93.4,112,90.3,107,89.2,92,98.8,86,94.3,50,72.9,23,50.5,23,40.6,16,40.9,18,47.7,16,57.8,9,64.4,801
2020-10-13,London,1423,98.5,28,25.9,29,26.7,46,62.5,161,232.5,147,188.2,210,151.0,151,117.8,121,96.4,106,93.9,90,93.2,98,102.8,77,97.5,56,78.8,33,52.1,21,43.1,13,42.4,16,53.7,4,55.6,7,71.4,1441
2020-10-14,London,1623,101.0,26,26.2,30,27.7,58,61.8,188,238.0,187,186.8,212,154.0,195,120.3,165,104.4,113,95.5,108,98.6,84,104.6,64,94.1,72,83.6,42,57.5,28,45.0,16,46.6,14,55.7,9,51.4,5,74.8,1722
2020-10-15,London,1720,103.7,35,28.1,36,30.0,85,66.6,191,241.0,219,194.0,244,160.6,195,123.1,149,106.7,113,99.4,107,101.6,104,103.2,96,97.9,54,84.4,31,58.2,15,43.9,17,46.6,13,55.7,6,51.4,3,66.1,1843
2020-10-16,London,1652,107.2,34,29.5,38,31.5,66,70.3,145,233.5,182,194.5,232,169.5,185,128.9,141,110.6,144,107.0,104,104.4,89,102.6,100,101.9,62,88.7,34,62.0,18,44.2,19,50.2,17,60.3,16,63.1,18,85.3,1394
2020-10-17,London,1107,109.8,19,30.7,27,33.7,46,71.8,90,224.3,129,199.1,147,176.5,135,132.3,109,114.9,72,107.4,80,108.4,83,108.3,53,104.3,33,89.0,27,65.2,17,47.5,10,50.2,10,63.7,7,65.3,2,87.0,1166
2020-10-18,London,1295,116.0,41,35.0,28,35.5,56,78.7,125,229.5,143,210.3,173,187.4,146,141.0,123,121.0,95,114.2,100,116.7,76,110.4,56,107.4,39,93.6,31,70.6,27,54.5,10,52.2,5,61.7,7,69.5,5,85.3,1646
2020-10-19,London,2336,124.5,54,39.1,43,38.3,105,85.9,187,232.5,259,223.9,320,199.7,304,156.4,182,126.7,195,126.8,171,127.4,133,117.6,117,113.6,85,102.5,61,82.8,37,59.6,19,53.8,24,65.6,13,66.3,10,87.0,1945
2020-10-20,London,2315,134.4,42,41.4,54,42.5,107,97.3,211,243.2,278,247.1,328,215.1,287,172.7,188,135.2,165,135.7,147,136.9,143,125.6,143,127.0,71,106.4,38,84.4,35,64.7,22,58.5,21,69.0,13,76.0,6,85.3,1480
2020-10-21,London,2351,142.6,53,45.9,51,45.9,96,104.4,169,239.1,286,264.6,303,226.9,302,185.4,224,142.8,186,146.7,156,145.0,153,137.7,121,138.5,84,109.4,42,84.4,36,67.6,26,63.6,19,72.3,15,82.4,5,85.3,2862
2020-10-22,London,2170,147.6,45,47.5,34,45.6,63,100.3,158,232.0,269,273.4,313,235.8,260,193.2,218,151.6,155,153.1,154,152.9,135,143.2,117,142.7,86,117.6,43,88.2,37,75.7,23,66.7,19,76.3,15,92.0,12,100.9,1646
2020-10-23,London,2001,151.5,36,47.9,44,46.6,81,103.0,144,231.8,227,281.4,244,237.4,228,198.3,175,156.0,160,155.5,140,158.9,125,149.6,129,148.5,73,120.4,45,91.7,41,84.1,26,70.4,24,80.9,13,88.8,21,106.2,1718
2020-10-24,London,1432,155.1,40,51.3,32,47.4,57,105.1,97,233.3,140,283.3,174,240.9,156,200.8,148,161.0,125,163.5,109,163.8,107,153.8,68,151.6,48,124.3,28,92.0,30,88.8,10,70.4,13,82.9,18,100.6,7,114.9,2221
2020-10-25,London,1291,155.1,29,49.3,27,47.3,47,103.4,83,224.3,135,281.9,175,241.2,146,200.8,144,163.7,97,163.8,93,162.6,91,156.4,74,155.2,51,127.3,35,93.3,15,84.4,13,71.9,14,88.8,14,108.1,3,111.4,1791
2020-10-26,London,2524,157.2,56,49.7,52,48.8,82,99.1,144,215.1,281,285.8,331,242.6,325,203.3,271,175.0,221,167.8,215,170.0,165,162.1,132,158.2,91,128.9,43,87.6,32,82.6,17,70.9,18,84.9,17,112.3,6,104.4,1807
2020-10-27,London,2087,154.6,35,48.5,29,44.6,83,94.7,142,200.4,227,276.8,287,237.3,281,202.6,205,177.2,179,169.9,135,167.9,144,162.3,105,150.6,91,134.0,36,86.9,22,77.9,19,69.3,21,84.9,12,111.3,10,111.4,1999
2020-10-28,London,1964,150.3,50,48.0,38,42.5,46,85.4,99,185.4,217,264.6,287,235.2,253,196.8,205,174.8,153,164.9,147,166.4,129,158.0,92,144.7,87,134.8,45,87.9,37,78.2,21,66.7,15,82.2,13,109.1,7,114.9,2477
2020-10-29,London,2007,148.5,41,47.4,39,43.3,66,85.9,121,177.5,214,254.9,261,228.4,255,196.2,187,170.8,166,166.6,149,165.6,136,158.2,110,143.3,72,131.2,58,92.7,26,74.2,29,69.8,23,84.9,21,115.6,12,114.9,1933
2020-10-30,London,1873,147.0,47,49.2,39,42.5,60,82.0,100,168.1,181,246.7,247,228.8,200,192.8,172,170.4,156,166.0,152,167.6,129,158.9,110,139.5,99,137.8,59,97.1,33,71.3,27,70.4,15,78.9,19,122.0,10,95.7,2431
2020-10-31,London,1383,146.5,27,47.0,36,43.1,47,80.2,69,162.1,137,246.2,220,234.8,156,192.8,127,167.8,139,168.1,104,166.8,91,156.1,81,142.1,57,140.1,27,96.8,24,69.1,14,72.4,7,74.9,9,112.3,3,88.8,1568
2020-11-01,London,1200,145.5,23,46.0,27,43.1,34,77.8,81,161.7,126,244.6,133,229.3,123,190.1,129,165.8,106,169.4,88,165.9,85,155.0,72,141.7,50,139.9,22,92.7,29,74.2,26,79.1,17,76.9,15,113.4,10,100.9,2056
2020-11-02,London,2906,149.7,58,46.4,54,43.4,105,82.0,159,164.9,300,248.0,375,235.1,365,194.8,297,169.2,234,171.4,213,165.6,180,157.7,178,151.0,128,149.3,81,104.8,56,83.0,44,93.1,35,88.2,17,113.4,13,113.1,1739
2020-11-03,London,2126,150.2,40,47.2,40,45.3,95,84.3,118,159.8,217,246.2,279,234.0,225,188.2,216,170.6,182,171.9,157,169.3,170,162.3,119,153.8,85,147.8,61,112.8,34,87.4,27,97.3,19,86.9,19,120.9,13,118.4,1575
2020-11-04,London,2046,151.1,48,46.9,35,44.8,67,88.2,122,164.7,201,243.4,254,229.7,235,186.0,220,172.5,186,176.8,146,169.1,133,163.0,142,163.9,84,147.0,48,113.8,30,84.8,27,100.4,25,93.5,22,130.5,14,130.5,2307
2020-11-05,London,2088,152.0,59,49.8,41,45.1,92,93.0,150,170.9,224,245.1,242,227.3,253,185.8,187,172.5,156,175.3,154,170.0,154,166.1,116,165.1,86,150.6,62,115.0,43,91.0,20,95.7,18,90.2,18,127.3,8,123.6,2083
2020-11-06,London,2113,154.7,45,49.5,50,46.9,75,95.8,108,172.6,229,253.6,300,234.2,226,188.9,209,177.2,174,178.1,160,171.3,133,166.8,116,166.3,84,146.8,62,116.0,35,91.8,37,100.9,21,94.2,23,131.6,22,144.5,1948
2020-11-07,London,1646,157.6,28,49.7,39,47.4,65,99.1,105,180.3,192,263.3,195,230.9,207,195.0,166,182.2,137,177.8,130,175.7,92,167.0,92,168.5,71,150.4,27,116.0,24,91.8,20,104.0,22,104.1,24,147.7,8,153.2,2352
2020-11-08,London,1756,163.8,48,53.8,45,50.4,49,101.9,114,187.3,180,272.9,251,246.2,196,203.7,193,190.4,125,180.6,119,180.9,119,173.0,98,173.8,77,157.3,38,121.1,28,91.4,21,101.4,20,106.1,21,154.1,10,153.2,1804
2020-11-09,London,3075,165.7,63,54.6,84,55.4,119,104.5,195,195.0,312,275.0,402,249.7,391,206.8,258,185.4,246,182.4,230,183.7,216,179.4,188,175.8,109,152.4,79,120.5,62,93.6,35,96.7,23,98.1,19,156.2,21,167.1,2088
2020-11-10,London,2722,172.4,63,58.4,70,60.4,127,110.5,174,207.0,289,287.7,324,255.6,307,216.6,220,185.9,227,189.2,202,191.2,202,185.0,172,186.5,105,157.5,81,126.9,57,102.0,30,98.3,26,102.8,25,162.6,15,170.6,1501
2020-11-11,London,2904,181.9,90,65.3,82,68.2,133,122.8,186,220.7,270,300.0,387,272.9,332,228.1,251,189.9,243,197.9,193,199.1,200,196.8,154,188.9,113,164.9,72,134.5,71,117.0,38,104.0,40,112.7,24,164.8,16,174.0,2053
2020-11-12,London,2834,190.2,74,67.8,92,76.6,112,126.5,221,235.9,287,311.1,353,287.3,332,237.6,259,199.1,234,209.7,210,208.5,179,201.2,158,197.4,108,170.6,60,133.9,53,120.6,39,113.8,32,122.0,14,160.5,14,184.5,3929
2020-11-13,London,2689,196.7,73,72.4,73,80.4,134,137.5,178,250.9,252,315.2,336,291.9,308,247.3,275,207.5,219,216.5,187,213.0,160,206.0,158,205.9,114,178.2,56,132.0,48,125.4,40,115.4,27,126.0,20,157.3,20,181.0,2917
2020-11-14,London,1924,199.8,49,75.9,45,81.4,96,143.2,134,257.1,161,309.7,216,294.7,217,248.5,187,210.2,175,222.2,155,217.2,138,214.1,103,208.1,76,179.5,58,141.9,39,130.9,24,117.4,24,127.3,16,148.7,8,181.0,2588
2020-11-15,London,1796,200.2,57,77.4,54,82.9,71,147.3,137,262.0,155,305.3,197,287.7,162,244.5,157,205.6,183,231.0,134,219.7,126,215.3,104,209.3,90,182.8,59,148.6,40,135.3,23,118.5,22,128.6,15,142.3,9,179.3,2643
2020-11-16,London,3070,200.2,92,82.2,102,85.9,192,160.9,233,270.1,247,293.8,319,276.9,310,234.8,286,209.2,260,233.1,247,222.6,213,214.8,151,201.8,123,186.4,76,147.6,74,139.6,35,118.5,37,137.9,26,149.8,25,186.2,674
2020-11-17,London,2551,198.3,60,81.7,100,90.9,144,164.1,203,276.3,216,280.8,261,268.7,251,228.1,208,207.7,224,232.7,218,225.3,187,212.2,157,198.8,101,185.4,44,135.8,44,134.9,40,123.6,39,146.5,27,151.9,19,193.2,2102
2020-11-18,London,2453,193.2,64,77.4,73,89.4,163,169.6,198,278.9,225,272.9,237,249.2,258,219.3,225,204.3,213,228.1,196,225.8,161,205.3,124,192.7,96,181.0,65,133.6,44,125.0,28,118.5,30,139.9,20,147.7,22,203.6,2023
2020-11-19,London,2179,185.9,75,77.6,86,88.4,147,176.2,162,266.3,162,250.8,224,232.5,239,208.2,210,198.1,189,221.3,173,219.6,137,197.9,104,181.8,85,175.2,39,126.9,45,122.1,23,110.2,29,137.9,22,156.2,18,210.6,2540
2020-11-20,London,2108,179.4,49,73.6,88,90.9,127,174.8,143,258.8,173,236.8,220,217.4,207,196.2,196,188.0,196,217.8,174,217.4,129,192.4,117,173.6,88,168.5,62,128.8,37,118.1,28,104.0,23,135.3,26,162.6,11,194.9,1908
2020-11-21,London,1477,174.4,38,71.8,51,91.9,97,175.0,122,256.2,116,228.9,142,207.8,144,187.4,137,181.6,142,212.8,120,211.5,106,186.8,92,171.4,41,159.6,35,121.4,21,111.5,24,104.0,22,133.9,17,163.7,4,188.0,2547
2020-11-22,London,1479,170.9,49,70.5,62,93.2,93,179.1,116,251.7,119,222.5,135,199.7,135,184.2,126,177.6,154,208.5,119,209.0,107,183.4,74,165.3,78,156.5,33,113.1,28,107.1,13,98.8,14,128.6,11,159.4,10,189.7,2979
2020-11-23,London,2386,163.3,61,65.3,99,92.7,179,176.7,212,247.2,186,211.7,222,187.1,225,174.1,212,168.1,228,203.6,183,198.3,181,177.8,131,161.3,82,146.0,48,104.2,38,94.0,30,96.2,23,119.4,16,148.7,15,172.3,2075
2020-11-24,London,2153,158.8,50,63.7,75,88.6,178,183.0,186,243.6,189,206.9,200,179.2,192,167.0,184,165.1,189,198.3,188,193.3,117,165.4,122,154.2,89,142.9,41,103.2,46,94.7,21,86.4,34,116.0,29,150.9,20,174.0,1409
2020-11-25,London,2239,156.4,65,63.9,91,91.5,192,188.4,192,242.3,180,199.0,197,174.0,214,161.8,210,163.1,197,195.9,164,187.9,167,166.5,119,153.2,76,137.8,55,100.0,29,89.2,20,82.3,29,115.4,19,149.8,15,161.9,2503
2020-11-26,London,2063,155.2,58,61.1,61,87.4,170,192.7,164,242.7,165,199.5,183,168.7,202,157.4,195,161.2,191,196.2,179,188.9,154,169.5,93,151.0,86,138.1,53,104.5,27,82.6,26,83.8,22,110.7,13,140.2,16,158.4,2085
2020-11-27,London,2194,156.1,51,61.4,97,88.9,188,204.1,210,257.1,164,197.9,188,164.5,187,155.0,204,162.2,192,195.6,178,189.6,132,170.0,100,147.5,98,140.6,41,97.8,37,82.6,32,85.9,37,120.0,30,144.4,21,175.8,1800
2020-11-28,London,1635,157.9,41,61.9,38,86.7,147,213.4,165,266.3,127,199.8,149,165.5,181,159.4,151,164.0,128,193.5,133,191.7,106,170.0,82,145.5,64,146.5,28,95.5,24,83.7,23,85.4,19,118.0,15,142.3,11,188.0,2260
2020-11-29,London,1651,159.8,56,63.0,69,87.9,155,224.9,132,269.7,98,196.1,139,166.0,151,161.3,146,166.6,149,192.7,152,197.3,130,174.1,86,147.9,56,140.9,36,96.5,22,81.5,26,92.1,21,122.7,14,145.5,10,188.0,1639
2020-11-30,London,2687,163.2,55,62.0,124,92.0,294,246.3,244,276.5,170,193.3,233,167.4,224,161.2,217,167.2,256,197.0,227,204.7,195,176.5,138,149.4,108,147.5,55,98.7,46,84.4,28,91.0,28,126.0,16,145.5,22,200.2,2069
2020-12-01,London,2451,166.5,46,61.4,102,96.5,266,262.6,250,290.2,150,186.4,201,167.5,228,165.5,202,169.5,214,200.7,200,206.7,195,190.3,108,146.5,96,149.3,54,102.9,36,80.8,26,93.6,28,122.0,21,137.0,20,200.2,1964
2020-12-02,London,2791,172.6,87,65.0,113,100.2,234,270.5,249,302.4,186,187.5,244,173.6,262,171.2,257,175.6,284,213.9,214,215.0,192,194.7,132,149.2,100,155.5,73,108.7,46,87.0,33,100.4,33,124.7,27,145.5,20,208.9,2614
2020-12-03,London,2450,177.0,78,68.3,92,105.3,227,281.1,217,313.7,182,190.5,211,177.3,207,171.8,260,183.9,244,221.9,195,217.7,137,191.7,123,155.2,78,153.4,70,114.1,42,92.5,31,102.9,19,122.7,14,146.6,15,207.1,2081
2020-12-04,London,2911,185.0,75,72.3,147,113.6,293,300.6,249,322.1,219,200.2,254,185.8,245,178.7,265,191.7,244,229.8,250,229.8,208,205.1,126,160.5,96,152.9,57,119.2,52,98.0,37,105.5,32,119.4,26,142.3,30,222.8,2823
2020-12-05,London,2237,191.7,38,71.8,74,119.6,191,308.8,197,328.9,172,208.2,203,192.9,221,183.5,208,199.0,221,243.9,180,237.7,161,214.8,117,167.5,83,157.8,41,123.4,33,101.3,31,109.7,30,126.6,19,146.6,13,226.3,2376
2020-12-06,London,2421,200.3,62,72.8,101,124.9,195,316.2,211,345.8,160,219.1,188,199.2,248,195.1,248,212.0,225,255.4,223,249.6,169,221.7,124,175.2,95,167.7,53,128.8,44,109.3,23,108.1,18,124.7,15,147.7,18,240.2,3198
2020-12-07,London,3704,211.6,89,78.4,156,130.2,357,327.9,332,364.6,241,231.7,314,209.7,344,209.4,349,228.9,361,271.2,342,268.9,254,232.1,210,189.7,141,176.2,59,130.1,40,107.1,32,110.2,33,128.0,31,163.7,16,229.7,2460
2020-12-08,London,3697,225.5,95,86.5,151,138.3,329,339.7,300,375.3,277,254.1,378,232.7,382,227.8,339,246.4,354,292.4,302,285.9,226,237.6,190,206.3,112,180.3,82,139.0,48,111.5,39,116.9,39,135.3,23,165.8,18,226.3,2203
2020-12-09,London,4408,243.6,117,91.4,153,144.9,351,361.4,359,398.8,358,284.6,450,259.5,443,249.4,412,266.3,410,311.5,350,308.7,278,252.7,255,231.1,162,196.1,82,141.9,48,112.2,49,125.2,43,141.9,40,179.8,37,255.8,2550
2020-12-10,London,4998,272.0,138,101.3,200,162.9,383,390.4,411,440.3,403,323.6,568,305.8,504,284.8,459,291.7,499,350.1,395,342.3,323,285.5,223,251.3,141,212.2,97,150.5,69,122.1,68,144.3,38,154.5,32,199.0,34,288.9,4144
2020-12-11,London,5468,300.5,147,113.2,226,176.0,432,416.3,469,487.4,400,355.7,530,341.7,540,320.0,557,329.1,474,384.9,450,375.8,404,320.1,276,281.6,175,232.4,123,171.6,80,132.3,57,154.7,53,168.4,33,206.5,31,290.7,4755
2020-12-12,London,4655,327.5,135,129.2,199,196.7,378,451.1,372,524.8,319,381.7,449,373.6,446,346.9,445,359.4,444,418.6,416,415.3,338,351.3,248,308.0,159,251.9,104,191.7,68,145.1,43,160.9,26,165.8,34,222.6,21,304.6,4283
2020-12-13,London,5491,361.8,165,146.2,220,216.4,469,502.0,466,579.3,391,422.5,532,418.3,571,385.4,557,399.0,492,459.0,430,450.0,384,389.2,255,334.4,203,279.5,112,210.6,86,160.5,62,181.1,36,177.7,36,245.0,24,315.0,4166
2020-12-14,London,8310,413.2,214,166.8,339,246.8,667,559.7,630,643.1,682,500.5,886,492.6,849,445.6,739,448.9,733,515.3,692,508.7,557,442.7,451,383.1,303,320.9,157,241.9,117,188.6,81,206.4,75,205.5,64,280.3,58,388.1,5322
2020-12-15,London,8818,470.3,191,182.7,305,272.3,624,614.6,647,717.3,727,580.1,1122,589.2,944,512.7,874,517.3,782,580.0,653,567.5,613,510.9,512,448.1,286,365.4,160,266.8,110,211.3,88,231.8,77,230.7,49,308.1,44,433.4,4238
2020-12-16,London,9964,532.3,227,200.8,314,299.0,620,664.6,649,779.3,860,668.9,1290,698.3,1185,601.2,966,588.2,926,658.1,738,632.6,662,578.6,494,496.3,360,416.0,203,305.5,145,246.8,96,256.1,91,262.6,74,344.5,56,466.4,6777
2020-12-17,London,10130,589.6,256,220.3,275,311.4,538,693.4,634,827.0,916,759.6,1306,794.1,1279,693.7,1002,657.7,912,720.5,770,695.4,670,639.8,506,553.4,378,476.6,206,340.3,168,283.0,102,273.7,79,289.8,63,377.7,61,513.4,5762
2020-12-18,London,10764,648.7,272,240.9,346,331.3,578,720.6,563,847.1,924,852.3,1355,901.3,1221,775.0,1079,724.5,983,797.5,900,770.9,755,701.7,633,625.5,393,532.4,231,374.8,161,312.6,110,301.1,100,320.9,73,420.5,47,541.3,7378
2020-12-19,London,7141,676.4,222,255.3,220,334.8,401,724.9,395,852.0,560,894.9,861,954.8,842,822.2,740,762.2,673,832.2,585,799.2,462,723.6,360,648.1,269,560.5,185,400.7,136,337.4,77,318.7,60,343.5,37,423.7,25,548.2,6931
2020-12-20,London,8874,714.1,244,268.3,286,345.8,404,712.8,465,851.8,769,961.8,1084,1026.5,1051,879.5,960,813.8,809,880.1,721,848.0,589,759.8,510,699.5,362,601.2,229,438.1,156,363.0,76,325.9,64,362.0,51,439.8,28,555.2,11577
2020-12-21,London,13208,768.8,301,282.7,390,354.2,583,697.2,676,861.6,1054,1027.5,1582,1116.9,1645,974.5,1386,896.6,1211,952.5,1083,913.5,981,834.5,814,772.8,514,655.1,362,503.6,212,397.7,129,350.7,104,381.3,70,446.2,70,576.1,9458
2020-12-22,London,13316,819.0,318,303.6,400,370.0,551,683.6,650,862.3,1186,1108.7,1506,1166.7,1510,1042.0,1437,968.6,1207,1016.7,1131,993.6,981,899.4,766,824.1,603,736.2,357,566.6,244,446.7,158,386.9,123,411.8,82,481.5,73,626.6,10201
2020-12-23,London,12316,845.2,337,321.8,336,373.6,510,663.1,610,853.9,1061,1144.3,1443,1186.6,1361,1063.0,1301,1011.5,1218,1060.9,1022,1041.2,885,938.8,775,880.8,489,769.2,317,603.0,217,473.0,138,408.7,142,445.6,67,474.0,67,645.7,9873
2020-12-24,London,9402,837.1,266,323.4,275,373.6,379,633.6,476,820.1,763,1117.2,964,1142.2,1013,1031.3,964,1006.6,976,1070.6,842,1053.3,727,948.8,589,897.5,418,779.4,264,621.6,174,475.2,111,413.3,87,450.9,69,480.4,37,603.9,10713
2020-12-25,London,4324,765.2,93,293.9,108,334.2,150,553.9,197,741.9,321,1010.6,450,1024.7,409,934.4,479,929.9,448,989.7,380,966.1,345,876.5,312,832.7,208,732.1,137,591.5,101,453.3,68,391.6,52,419.1,36,440.8,30,574.4,9790
2020-12-26,London,11849,817.8,297,306.3,358,357.1,437,560.6,652,796.8,980,1084.8,1249,1075.1,1175,974.1,1278,998.7,1200,1069.4,1035,1041.5,904,954.5,813,924.2,548,803.4,350,644.2,209,480.0,138,423.2,96,442.9,71,477.2,50,617.9,8516
2020-12-27,London,13120,865.2,341,322.3,344,366.7,461,571.2,708,848.8,1140,1150.5,1402,1116.3,1509,1028.7,1395,1054.4,1322,1147.0,1096,1104.4,984,1024.1,842,991.2,594,862.8,329,676.2,251,514.7,136,454.2,118,478.7,89,517.9,56,666.6,9719
2020-12-28,London,10665,836.8,264,316.2,257,344.6,384,534.2,560,824.0,893,1122.0,1081,1051.3,1221,978.2,1062,1012.9,1022,1118.4,875,1069.5,871,1004.7,673,962.7,507,861.0,312,660.2,229,520.9,143,461.4,130,496.0,111,561.7,68,663.1,12341
2020-12-29,London,19858,909.8,419,332.8,456,353.9,725,566.6,1039,907.2,1662,1206.2,2296,1153.9,2244,1065.7,2008,1086.0,1802,1208.4,1658,1157.9,1567,1108.1,1378,1086.2,956,951.2,551,722.2,354,561.1,251,509.5,204,549.7,139,622.7,126,755.4,14875
2020-12-30,London,17304,965.4,397,342.7,438,370.8,592,581.8,981,986.5,1516,1286.6,1892,1212.2,1897,1129.7,1816,1151.9,1572,1262.0,1414,1223.6,1346,1189.4,1208,1173.6,836,1040.0,489,777.2,325,600.6,226,555.1,169,567.6,95,652.7,75,769.3,12830
2020-12-31,London,12388,998.8,297,347.9,324,378.9,400,585.7,657,1025.2,1054,1338.1,1281,1253.4,1376,1173.0,1264,1190.2,1143,1287.2,1024,1254.1,1000,1237.5,837,1223.7,625,1092.9,361,808.2,275,637.6,180,590.8,127,594.1,90,675.1,69,825.0,12404
2021-01-01,London,6736,1025.7,179,362.0,166,388.6,204,595.8,349,1057.7,559,1380.2,694,1285.0,718,1209.9,672,1214.9,642,1316.6,531,1279.4,532,1270.5,455,1252.6,351,1129.5,226,836.6,172,663.5,102,608.3,73,608.0,71,712.6,40,842.4,15089
2021-01-02,London,13620,1045.4,288,360.6,343,386.1,414,591.5,725,1073.3,1171,1414.0,1520,1320.2,1437,1241.1,1464,1238.7,1298,1331.4,1091,1288.8,1085,1302.4,977,1285.7,640,1153.0,373,844.0,269,685.4,195,637.8,156,647.8,110,754.3,61,861.5,13178
2021-01-03,London,13105,1045.3,317,356.6,315,381.3,409,581.8,667,1064.6,1274,1437.7,1519,1335.4,1488,1238.6,1309,1227.7,1239,1318.8,1099,1289.3,959,1298.0,816,1280.4,586,1150.9,363,854.8,212,671.2,158,649.2,162,677.0,106,772.5,99,936.4,14212
2021-01-04,London,17220,1118.4,352,371.1,359,398.2,521,607.3,880,1133.0,1724,1584.6,2015,1456.7,1966,1327.5,1667,1305.1,1600,1406.3,1297,1360.0,1315,1376.3,1071,1360.7,856,1240.2,516,920.0,333,709.2,221,689.6,200,723.4,164,829.2,126,1037.3,11370
2021-01-05,London,14535,1059.0,283,348.7,317,375.1,434,553.2,785,1078.7,1437,1544.9,1794,1391.5,1622,1253.3,1440,1232.5,1204,1315.8,1111,1268.3,1052,1285.5,924,1269.1,695,1173.4,441,884.9,319,696.4,216,671.5,191,714.8,148,838.9,108,1006.0,14700
2021-01-06,London,13534,1016.9,270,327.7,304,352.9,386,514.9,650,1007.9,1307,1507.9,1619,1356.1,1531,1209.6,1343,1171.9,1183,1257.0,1045,1206.5,966,1218.5,895,1205.9,680,1133.5,396,855.2,275,678.1,215,665.8,179,721.4,147,894.5,123,1089.5,14892
2021-01-07,London,12048,1013.1,245,319.1,234,338.0,334,502.6,634,1003.0,1138,1522.7,1390,1370.2,1298,1200.3,1146,1156.8,1024,1239.0,938,1192.1,950,1209.7,806,1199.7,661,1142.8,366,856.8,244,666.8,219,685.9,152,738.0,126,933.0,105,1152.2,10150
2021-01-08,London,10519,1055.4,247,330.4,213,345.8,285,517.7,532,1042.1,1021,1604.5,1208,1437.0,1107,1246.7,994,1198.0,876,1274.4,826,1241.5,804,1257.6,678,1244.7,540,1191.1,355,898.0,242,692.4,199,736.1,138,781.1,119,984.4,98,1253.1,17111
2021-01-09,London,8730,1000.8,191,314.4,177,318.2,263,489.6,501,994.2,853,1548.2,994,1368.7,957,1189.5,825,1116.3,786,1196.9,699,1175.8,648,1180.6,578,1164.2,423,1135.6,259,861.5,184,661.3,136,705.6,87,735.3,89,961.9,73,1274.0,15299
2021-01-10,London,7460,937.8,187,292.9,157,292.0,211,452.7,359,928.4,704,1447.4,828,1278.9,847,1113.0,713,1040.0,612,1102.1,582,1089.1,548,1108.1,539,1108.2,387,1084.7,254,826.7,176,648.2,116,683.9,105,697.5,76,929.8,48,1185.3,13674
2021-01-11,London,11535,874.4,268,279.0,223,269.5,300,411.6,526,852.6,1034,1325.4,1286,1184.3,1269,1029.8,1128,971.1,1058,1020.1,887,1020.4,913,1037.2,838,1061.2,610,1021.8,342,771.1,257,620.4,188,666.8,152,665.7,120,882.7,110,1157.4,10110
2021-01-12,London,9820,821.8,257,274.8,219,253.2,277,382.4,458,782.7,848,1221.2,1076,1091.0,1019,957.9,955,909.0,872,969.8,829,973.2,813,995.0,685,1013.0,526,978.6,252,710.7,207,579.4,145,630.1,141,632.6,115,847.4,100,1143.5,8559
2021-01-13,London,9303,774.5,216,265.8,202,236.3,285,363.6,431,735.9,810,1133.3,1022,1013.5,1014,896.2,912,853.8,821,915.1,774,927.7,765,959.6,630,959.5,407,908.8,293,677.8,209,555.3,142,592.3,129,599.4,107,804.6,120,1138.3,10020
2021-01-14,London,8913,739.6,228,263.0,211,232.5,237,345.6,416,689.3,783,1070.5,926,953.2,952,854.9,910,823.7,828,885.4,706,888.8,708,916.9,622,922.4,469,859.7,271,647.4,194,537.0,138,550.4,126,582.2,87,762.9,91,1113.9,9804
2021-01-15,London,8179,713.5,230,260.2,188,228.4,253,339.7,371,654.8,726,1018.3,900,913.2,879,827.7,832,802.9,731,863.5,642,858.0,613,883.2,582,903.0,428,831.0,259,616.8,163,508.1,118,508.5,98,555.6,82,723.3,76,1075.6,10977
2021-01-16,London,6164,684.8,171,256.9,165,226.4,182,324.6,297,611.2,523,960.0,713,876.7,676,794.2,604,774.6,578,832.0,492,823.3,444,847.2,394,865.8,301,799.8,196,596.6,139,491.7,104,492.0,81,551.7,51,682.6,50,1035.6,8838
2021-01-17,London,5382,661.6,187,256.9,121,220.4,136,310.6,260,590.0,440,913.3,596,846.6,591,763.6,513,749.1,457,808.6,432,798.2,437,827.7,363,830.3,293,775.8,163,567.5,118,470.5,97,482.1,77,533.1,43,647.3,57,1051.2,9995
2021-01-18,London,8290,625.4,278,258.6,208,217.9,212,294.3,332,548.5,722,858.1,904,797.0,916,721.5,791,705.9,759,763.4,679,763.3,669,784.6,564,775.0,445,733.6,240,535.0,182,443.1,129,451.6,108,503.9,79,603.5,64,971.2,7051
2021-01-19,London,6998,593.9,221,252.6,177,210.9,206,281.1,275,509.4,566,808.2,740,753.4,801,695.5,676,670.2,628,726.4,595,724.1,592,745.7,470,731.6,343,686.8,210,521.5,151,422.6,96,426.3,90,470.1,89,575.6,66,912.0,6237
2021-01-20,London,6239,559.8,185,247.5,156,203.3,199,265.1,275,476.0,529,758.5,652,705.3,688,656.6,651,636.8,525,681.7,475,674.0,455,691.0,430,691.3,321,664.8,196,490.5,148,400.3,104,406.6,96,448.2,67,532.8,73,830.2,6190
2021-01-21,London,5788,524.9,195,242.1,145,192.4,164,251.5,260,442.7,461,701.6,603,663.4,678,623.9,590,595.9,506,632.9,469,634.2,451,645.7,350,636.4,298,621.1,189,464.3,123,374.3,96,384.9,78,416.4,56,499.7,59,774.5,7735
2021-01-22,London,5561,495.7,173,232.7,139,184.2,150,232.3,230,412.5,481,658.3,567,620.1,619,592.9,586,564.4,501,598.2,459,603.6,438,614.8,376,594.8,282,583.8,187,441.3,114,356.4,78,364.2,66,395.2,62,478.3,47,724.0,7933
2021-01-23,London,4143,473.1,184,234.8,124,177.4,122,221.2,180,387.5,307,620.1,395,578.8,447,565.6,457,545.6,362,565.5,337,577.6,308,590.8,290,573.8,212,561.0,130,420.2,77,333.8,65,344.0,50,374.6,52,479.3,40,706.6,6291
2021-01-24,London,3114,447.8,134,226.1,77,170.2,85,211.7,158,365.7,247,585.9,292,539.3,343,536.0,348,524.5,263,536.1,258,548.4,218,552.2,208,542.5,142,522.4,100,400.1,79,319.5,46,317.6,47,354.7,39,475.1,25,650.9,5720
2021-01-25,London,4957,410.6,169,208.1,118,155.2,141,198.5,214,340.5,432,534.6,511,488.3,549,492.2,455,481.5,493,495.9,393,500.5,382,501.6,341,497.5,237,469.2,153,372.3,117,295.7,72,288.1,67,327.6,51,445.1,55,635.3,3836
2021-01-26,London,4141,378.7,146,195.7,93,141.3,120,182.5,142,312.0,358,497.9,431,448.2,458,451.3,479,456.3,385,459.1,307,452.2,283,447.1,251,453.3,213,436.0,121,343.9,108,280.0,72,275.7,74,316.9,54,407.7,40,590.0,3816
2021-01-27,London,4200,356.0,136,187.6,118,135.0,111,166.1,157,286.8,359,467.8,396,414.9,436,421.2,419,426.6,426,444.2,364,433.6,306,420.8,307,428.5,219,409.9,123,320.5,91,259.2,63,254.5,77,304.3,39,377.7,51,551.7,4076
2021-01-28,London,3848,334.3,121,175.4,98,127.2,104,154.9,157,264.8,328,444.3,367,384.3,469,396.2,407,403.2,352,420.9,314,407.6,273,389.4,258,409.9,210,387.4,107,294.3,81,243.8,61,236.4,53,287.8,39,359.5,41,520.4,4367
2021-01-29,London,3375,310.0,121,166.8,111,122.6,93,144.3,152,248.1,252,403.8,320,352.2,382,368.0,363,374.7,321,393.6,240,370.9,255,357.1,239,382.3,177,360.5,97,265.6,56,222.6,56,225.0,54,279.8,52,348.8,31,492.6,5258
2021-01-30,London,2621,293.0,102,153.3,77,114.8,70,134.7,106,232.2,223,388.9,247,333.0,271,347.0,272,351.0,260,378.2,249,356.2,193,336.9,177,359.5,126,338.6,88,252.1,56,215.0,43,213.6,25,263.2,21,315.6,15,449.0,3541
2021-01-31,London,2231,283.1,96,147.0,56,111.3,57,129.5,74,214.3,167,374.8,237,325.8,268,338.0,249,338.3,224,372.3,169,341.3,158,326.3,144,346.5,105,329.1,60,239.4,49,204.0,40,210.5,40,258.6,28,303.9,10,422.9,3002
2021-02-01,London,3290,264.5,105,136.5,78,104.6,85,119.0,143,199.1,253,343.1,355,305.6,335,312.5,365,326.8,295,342.3,287,323.5,252,303.3,203,318.7,170,312.0,111,225.9,75,188.6,65,206.9,39,240.0,35,286.8,34,386.4,2851
2021-02-02,London,2943,251.1,110,130.5,83,103.0,81,111.8,111,192.5,231,320.6,322,291.4,320,296.0,317,306.1,269,324.8,231,310.8,219,292.1,193,307.0,144,294.3,87,215.1,61,171.5,42,191.4,38,216.2,42,273.9,38,382.9,2765
2021-02-03,London,2696,234.4,79,121.1,73,95.5,62,102.7,102,180.7,206,293.6,292,277.9,297,279.4,307,291.7,247,297.7,216,285.9,209,274.9,160,277.3,129,271.3,93,205.5,67,162.7,37,178.0,45,194.9,43,278.2,27,341.1,2973
2021-02-04,London,2464,218.9,85,115.2,72,91.2,87,99.5,90,166.4,198,270.6,270,265.3,262,254.7,288,276.5,242,281.1,169,261.6,204,262.8,152,255.9,112,246.2,79,196.5,45,149.5,39,166.6,20,173.1,27,265.4,19,302.8,3268
2021-02-05,London,2108,204.8,77,107.9,69,84.2,56,92.6,81,151.2,191,259.8,201,249.9,218,235.2,238,260.5,198,262.5,168,249.6,162,246.4,126,233.1,105,227.8,63,185.7,44,145.1,29,152.6,39,163.1,17,227.9,26,294.1,2671
2021-02-06,London,1540,192.7,56,100.3,38,77.8,40,87.1,64,142.2,119,241.4,169,239.7,167,222.8,159,246.1,146,245.2,120,228.0,126,234.6,122,222.0,64,212.0,41,170.6,40,139.3,23,142.3,24,162.4,13,219.3,9,283.7,2351
2021-02-07,London,1338,182.8,49,92.6,39,75.0,40,83.9,59,139.0,95,228.7,147,228.0,167,210.7,145,232.8,135,231.8,97,215.9,114,226.8,64,205.9,59,200.2,40,164.3,22,129.4,14,128.8,18,147.9,18,208.6,16,294.1,2088
2021-02-08,London,1796,166.1,54,84.2,49,70.2,58,78.9,84,126.4,153,211.0,168,203.8,197,194.2,208,212.7,188,215.6,154,193.6,135,206.2,112,187.5,78,176.7,45,143.2,36,115.2,26,108.6,13,130.6,15,187.2,19,268.0,1770
2021-02-09,London,1658,151.8,48,73.9,50,64.7,44,72.0,76,118.9,116,190.7,183,185.7,194,179.2,153,191.7,169,200.4,135,177.5,109,186.8,120,172.8,92,163.4,41,128.5,43,108.6,24,99.3,28,124.0,17,160.5,14,226.3,1567
2021-02-10,London,1530,138.7,47,68.6,38,58.9,37,67.3,71,112.3,121,175.6,154,167.8,181,165.4,162,173.1,126,182.1,135,163.9,117,170.5,100,160.7,70,148.3,44,112.8,46,100.9,25,93.1,24,110.1,12,127.3,18,210.6,1579
2021-02-11,London,1437,127.3,55,63.7,39,53.4,39,58.4,71,108.2,125,162.7,138,150.6,163,153.6,148,155.2,135,166.0,94,151.4,117,155.2,92,148.5,69,137.3,34,98.4,32,96.1,28,87.4,22,111.4,16,115.6,15,203.6,1588
2021-02-12,London,1274,118.0,40,57.6,35,47.8,47,56.7,60,103.7,106,147.7,131,141.6,158,146.4,165,145.9,101,151.3,78,136.3,97,143.7,80,139.3,53,124.0,26,86.6,31,91.4,20,82.8,22,100.1,12,110.2,11,177.5,1807
2021-02-13,London,864,110.4,37,54.5,21,44.9,28,54.5,39,98.4,58,136.9,81,130.1,97,138.0,96,137.8,88,142.5,75,128.7,58,131.7,60,126.7,48,119.9,30,83.1,18,83.3,7,74.5,4,86.9,7,103.8,11,181.0,1496
2021-02-14,London,881,105.3,42,53.3,22,42.1,19,50.6,27,91.5,71,132.6,82,121.7,108,131.0,93,131.2,71,132.8,66,123.5,77,125.2,60,125.9,52,118.1,25,78.3,22,83.3,13,74.0,11,82.2,9,94.2,10,170.6,893
2021-02-15,London,1378,100.7,41,51.2,27,38.5,24,44.3,47,83.6,115,125.9,146,118.8,162,126.8,140,122.5,117,122.1,141,121.4,113,121.3,86,120.7,71,116.3,45,78.3,30,81.2,30,76.0,20,86.9,9,87.7,13,160.1,1064
2021-02-16,London,1194,95.5,35,49.0,31,35.3,30,41.7,35,74.8,82,119.9,127,111.6,142,120.6,131,119.6,114,113.8,91,114.0,89,117.8,79,112.4,71,111.0,38,77.3,25,74.6,20,74.0,17,79.6,13,83.5,20,170.6,1084
2021-02-17,London,1086,90.5,31,46.4,33,34.5,16,37.8,48,69.9,104,116.9,112,106.1,131,114.7,149,118.0,100,109.8,82,105.1,66,108.8,79,108.2,52,106.4,25,71.3,18,64.3,18,70.4,2,65.0,11,82.4,9,154.9,1054
2021-02-18,London,1099,86.8,30,42.2,35,33.8,25,35.2,50,65.4,92,111.1,114,103.0,124,110.0,121,114.5,116,107.0,83,103.2,78,101.9,75,104.7,51,101.8,27,69.0,25,61.8,11,61.6,19,63.0,10,76.0,11,147.9,1391
2021-02-19,London,1025,84.0,34,41.3,29,32.8,28,31.6,38,60.7,104,110.7,117,101.2,106,103.8,114,108.0,99,106.7,67,101.4,82,99.3,73,103.3,48,100.5,28,69.7,17,56.7,8,55.4,10,55.0,15,79.2,8,142.7,1328
2021-02-20,London,798,83.3,25,39.3,24,33.3,20,30.1,27,58.2,65,112.0,80,101.0,100,104.2,97,108.1,78,105.1,56,98.2,60,99.6,63,103.9,44,99.5,21,66.8,9,53.4,10,56.9,5,55.7,8,80.2,6,134.0,1075
2021-02-21,London,737,81.6,22,36.0,18,32.7,16,29.6,43,61.6,49,108.1,84,101.3,79,100.7,103,109.4,71,105.1,49,95.4,72,98.8,40,99.9,36,95.4,18,64.6,8,48.3,7,53.8,5,51.7,11,82.4,4,123.6,903
2021-02-22,London,1020,77.7,40,35.8,28,32.8,37,32.0,35,59.0,77,101.3,110,96.6,147,98.9,125,107.5,86,100.4,80,85.1,72,91.5,61,94.9,48,89.5,22,57.2,12,41.7,9,42.9,17,49.7,8,81.3,6,111.4,848
2021-02-23,London,918,74.6,37,36.1,17,30.5,28,31.6,52,62.7,61,97.6,91,91.9,116,95.8,98,103.3,86,96.2,81,83.5,78,89.6,53,89.6,39,81.3,21,51.8,20,39.8,10,37.8,10,45.1,7,74.9,12,97.5,923
2021-02-24,London,726,70.6,17,33.8,20,28.4,31,34.4,40,60.9,65,90.7,80,87.8,79,89.6,67,92.8,76,92.6,55,78.9,49,86.6,57,85.2,32,76.2,17,49.2,10,36.9,6,31.6,2,45.1,7,70.6,11,100.9,952
2021-02-25,London,649,65.5,19,32.0,22,26.2,12,32.0,25,55.6,48,82.9,79,83.2,77,84.0,77,87.1,76,86.5,62,75.4,37,79.4,41,78.3,19,68.0,23,47.9,6,30.0,3,27.4,7,37.1,12,72.8,1,83.5,919
2021-02-26,London,619,61.0,23,30.2,22,25.0,20,30.5,28,53.5,53,73.9,76,77.9,77,80.5,67,81.1,52,79.4,43,71.4,39,71.8,37,71.0,34,64.4,14,43.5,15,29.2,4,25.3,3,32.5,8,65.3,3,74.8,784
2021-02-27,London,499,57.7,14,28.4,13,23.2,17,29.9,20,52.0,36,68.8,58,75.1,68,76.7,66,77.2,61,76.8,41,68.9,26,65.8,28,64.0,24,59.3,9,39.6,6,28.1,7,23.8,3,31.2,2,58.8,0,64.4,678
2021-02-28,London,473,54.7,19,27.9,16,22.9,19,30.5,20,47.0,40,67.2,41,69.5,52,73.5,56,71.1,44,72.8,53,69.6,30,58.4,26,61.2,22,55.7,14,38.3,4,26.7,6,23.3,5,31.2,4,51.4,2,60.9,478
2021-03-01,London,549,49.5,17,24.1,25,22.4,26,28.5,24,44.7,42,61.0,49,61.6,61,63.2,70,64.1,52,67.6,26,60.5,47,54.0,33,55.5,20,48.6,16,36.4,10,26.0,7,22.2,6,23.9,8,51.4,8,64.4,522
2021-03-02,London,657,46.6,17,20.8,18,22.6,30,28.8,28,39.6,47,58.5,71,59.0,73,58.1,75,61.2,73,65.7,42,54.0,52,49.4,45,53.9,23,44.5,23,37.1,12,23.0,10,22.2,2,18.6,6,50.3,8,57.4,629
2021-03-03,London,579,44.9,17,20.8,17,22.1,17,26.2,30,37.4,44,54.8,63,56.8,78,58.0,66,61.0,41,60.4,47,52.6,40,47.8,41,50.7,33,44.7,15,36.4,9,22.7,6,22.2,5,20.6,4,47.1,5,47.0,504
2021-03-04,London,509,43.3,16,20.3,16,21.1,19,27.5,39,40.4,46,54.5,54,53.5,61,56.1,55,58.2,49,56.3,33,47.8,33,47.1,21,46.6,26,46.5,11,32.6,7,23.0,12,26.9,3,17.9,3,37.4,4,52.2,623
2021-03-05,London,500,42.0,19,19.6,25,21.6,16,26.8,36,42.1,51,54.1,64,51.9,61,54.2,47,55.7,43,54.9,35,46.4,27,45.0,31,45.4,20,43.0,6,30.0,4,19.0,5,27.4,5,19.2,4,33.2,0,47.0,542
2021-03-06,London,399,40.9,16,20.0,13,21.6,12,25.9,22,42.6,32,53.4,43,50.0,52,52.3,54,54.1,40,51.7,34,45.3,25,44.8,24,44.6,11,39.6,4,28.4,5,18.6,6,26.9,3,19.2,1,32.1,2,50.5,663
2021-03-07,London,407,40.2,12,18.8,17,21.7,9,24.0,22,43.0,30,51.6,38,49.6,54,52.5,53,53.7,32,49.9,38,42.7,28,44.4,21,43.6,13,37.3,13,28.1,6,19.4,4,25.9,5,19.2,8,36.4,3,52.2,436
2021-03-08,London,562,40.3,18,19.0,16,20.2,39,26.4,47,47.9,41,51.5,51,49.9,66,53.1,63,52.8,52,49.9,44,45.8,36,42.5,28,42.6,17,36.6,18,28.8,9,19.0,3,23.8,3,17.2,7,35.3,3,43.5,400
2021-03-09,London,589,39.6,20,19.5,20,20.6,37,27.7,54,53.5,51,52.2,61,48.6,66,52.3,66,51.7,58,47.7,43,45.9,36,39.7,22,37.9,17,35.0,15,26.2,8,17.5,6,21.7,4,18.6,2,31.0,1,31.3,631
2021-03-10,London,528,39.0,17,19.5,21,21.2,32,30.5,34,54.3,47,52.7,55,47.5,62,50.4,65,51.6,51,49.2,29,42.9,33,38.4,23,34.3,27,33.5,11,24.9,6,16.5,4,20.7,5,18.6,4,31.0,2,26.1,461
2021-03-11,London,453,38.4,23,20.6,15,21.1,28,32.2,35,53.5,35,50.8,47,46.6,60,50.2,36,49.1,48,49.0,37,43.6,29,37.7,16,33.3,17,31.2,8,24.0,7,16.5,5,17.1,2,17.9,1,28.9,2,22.6,689
2021-03-12,London,509,38.5,23,21.3,19,20.1,28,34.4,40,54.3,42,49.2,56,45.6,43,48.1,54,50.0,55,50.8,38,44.1,29,38.1,24,31.9,23,32.0,8,24.6,9,18.3,4,16.6,11,21.9,1,25.7,1,24.4,565
2021-03-13,London,363,38.1,18,21.6,9,19.4,16,35.2,25,55.0,29,48.6,35,44.5,47,47.5,43,48.6,22,48.1,31,43.6,24,37.9,27,32.5,11,32.0,10,26.5,4,17.9,3,15.0,4,22.5,4,28.9,1,22.6,516
2021-03-14,London,362,37.6,19,22.8,21,20.1,15,36.3,29,56.5,31,48.8,32,43.8,45,46.4,42,47.2,23,46.7,25,41.4,32,38.6,17,31.7,8,30.7,9,25.2,7,18.3,5,15.5,0,19.2,1,21.4,1,19.1,384
2021-03-15,London,596,37.9,17,22.6,25,21.6,42,36.8,57,58.6,44,49.3,74,46.8,65,46.3,58,46.6,60,48.0,42,41.1,36,38.6,33,32.7,13,29.7,9,22.4,10,18.6,4,16.0,3,19.2,0,13.9,4,20.9,389
2021-03-16,London,505,37.0,17,22.1,27,22.7,30,35.5,54,58.6,47,48.6,53,45.7,62,45.8,56,45.3,46,46.1,26,38.2,24,36.5,25,33.3,17,29.7,9,20.5,2,16.5,3,14.5,2,17.9,4,16.0,1,20.9,451
2021-03-17,London,454,36.2,14,21.6,20,22.6,40,37.0,43,60.5,42,47.8,43,44.2,54,44.9,51,43.5,41,44.6,28,38.0,23,34.7,21,32.9,10,25.3,12,20.8,7,16.8,1,12.9,3,16.6,0,11.8,1,19.1,542
2021-03-18,London,474,36.4,13,20.0,17,22.9,42,39.6,49,63.5,47,49.9,44,43.8,50,43.7,55,45.9,40,43.4,31,37.0,28,34.6,19,33.5,12,24.0,10,21.4,7,16.8,5,12.9,2,16.6,1,11.8,2,19.1,535
2021-03-19,London,440,35.6,16,18.8,26,24.0,24,38.9,32,61.8,40,49.5,50,43.0,48,44.3,53,45.8,38,40.8,30,35.7,30,34.7,20,32.7,10,20.7,12,22.7,4,15.0,3,12.4,3,11.3,1,11.8,0,17.4,405
2021-03-20,London,374,35.8,18,18.8,22,26.2,22,40.0,23,61.4,25,48.8,27,41.9,34,42.7,60,48.0,41,43.7,26,34.9,23,34.6,20,31.3,10,20.5,2,20.1,7,16.1,5,13.4,1,9.3,4,11.8,1,17.4,470
2021-03-21,London,456,36.8,10,17.3,31,27.9,80,52.1,49,65.7,34,49.3,37,42.6,40,42.1,39,47.6,37,45.8,33,36.2,29,34.0,20,31.9,6,19.9,2,17.9,4,15.0,0,10.9,3,11.3,1,11.8,1,17.4,372
2021-03-22,London,533,36.1,19,17.7,21,27.2,80,59.2,45,63.1,34,47.6,50,39.5,45,39.7,47,46.2,53,44.8,40,35.9,31,33.2,21,29.5,16,20.7,14,19.5,5,13.2,5,11.4,4,11.9,1,12.8,2,13.9,480
2021-03-23,London,478,35.8,17,17.7,22,26.4,39,60.8,51,62.4,31,44.7,63,40.8,41,37.2,49,45.3,46,44.8,29,36.4,29,34.0,25,29.5,14,19.9,7,18.9,5,14.3,4,11.9,1,11.3,1,9.6,1,13.9,495
2021-03-24,London,611,37.6,18,18.3,35,28.9,90,70.1,75,69.3,38,44.0,61,43.1,54,37.2,65,47.1,50,46.1,35,37.5,23,34.0,23,29.9,12,20.5,11,18.5,5,13.5,4,13.4,1,9.9,2,11.8,3,17.4,508
2021-03-25,London,454,37.3,12,18.2,23,29.9,47,71.1,52,69.9,45,43.7,39,42.5,51,37.3,48,46.2,34,45.2,19,35.5,37,35.6,13,28.7,9,19.7,7,17.6,7,13.5,3,12.4,2,9.9,0,10.7,2,17.4,604
2021-03-26,London,422,37.1,11,17.3,27,30.0,44,74.8,31,69.7,40,43.7,34,40.4,19,33.9,49,45.7,36,44.9,24,34.5,37,36.9,26,29.9,15,21.0,9,16.6,4,13.5,3,12.4,2,9.3,2,11.8,1,19.1,501
2021-03-27,London,297,36.3,12,16.3,18,29.4,22,74.8,30,71.2,21,43.0,31,40.9,24,32.7,33,42.2,31,43.4,21,33.7,13,35.1,14,28.7,6,19.9,5,17.6,4,12.4,3,11.4,5,11.9,1,8.6,0,17.4,383
2021-03-28,London,466,36.4,9,16.2,20,27.5,102,78.9,58,73.1,34,43.0,31,40.1,40,32.7,39,42.2,41,44.0,25,32.3,24,34.2,14,27.4,6,19.9,8,19.5,6,13.2,1,11.9,2,11.3,2,9.6,2,19.1,402
2021-03-29,London,399,34.9,13,15.2,23,27.9,29,69.4,23,68.4,46,45.1,35,38.2,36,31.6,47,42.2,46,43.0,20,29.0,35,34.9,13,25.8,14,19.4,8,17.6,1,11.7,2,10.3,1,9.3,0,8.6,2,19.1,386
2021-03-30,London,357,33.5,9,13.9,12,26.2,31,67.9,34,64.8,26,44.2,30,33.9,40,31.5,40,41.1,26,39.9,32,29.5,18,33.0,18,24.4,18,20.5,4,16.6,8,12.8,2,9.3,0,8.6,4,11.8,2,20.9,468
2021-03-31,London,302,30.1,3,11.4,13,22.6,38,58.2,24,53.9,25,41.9,30,29.9,32,28.9,24,35.8,28,36.6,22,27.3,13,31.2,13,22.4,13,20.7,8,15.7,2,11.7,5,9.8,4,10.6,3,12.8,0,15.7,402
2021-04-01,London,335,28.8,9,10.9,12,20.7,30,55.1,27,48.5,35,40.1,30,28.7,38,27.3,34,34.0,32,36.3,32,29.5,18,27.9,17,23.2,9,20.7,7,15.7,2,9.9,1,8.8,1,9.9,1,13.9,0,12.2,393
2021-04-02,London,249,26.8,5,9.9,12,18.2,25,51.5,16,45.3,19,36.4,34,28.7,22,27.7,26,31.1,13,32.8,15,28.0,23,25.4,14,20.8,10,19.4,5,14.4,3,9.5,0,7.2,1,9.3,1,12.8,1,12.2,286
2021-04-03,London,239,26.2,5,8.7,8,16.6,13,49.9,21,43.4,25,37.1,28,28.3,34,28.9,21,29.6,19,31.0,15,27.0,14,25.6,10,20.0,11,20.7,2,13.4,4,9.5,3,7.2,1,6.6,1,12.8,1,13.9,350
2021-04-04,London,212,23.4,4,7.9,11,15.1,15,33.7,16,34.4,14,33.6,22,27.1,38,28.6,15,26.5,25,28.6,17,25.6,10,23.1,6,18.4,7,21.0,2,11.5,5,9.1,1,7.2,2,6.6,1,11.8,1,12.2,237
2021-04-05,London,242,21.6,5,6.6,14,13.6,30,33.9,20,33.8,18,28.7,20,25.2,28,27.7,18,22.8,25,25.4,22,26.0,14,19.4,8,17.4,7,19.2,3,9.9,4,10.2,3,7.8,1,6.6,0,11.8,2,12.2,208
2021-04-06,London,334,21.3,10,6.8,7,12.8,12,30.3,28,32.5,28,29.0,36,26.0,34,27.0,38,22.5,35,26.8,37,26.8,26,20.8,7,15.1,14,18.2,3,9.6,6,9.5,4,8.8,2,8.0,1,8.6,0,8.7,194
2021-04-07,London,337,21.7,3,6.8,8,11.9,23,27.5,24,32.5,28,29.5,39,27.1,51,29.2,28,23.0,40,28.6,24,27.2,19,21.9,16,15.7,7,16.6,4,8.3,4,10.2,4,8.3,3,7.3,5,10.7,2,12.2,317
2021-04-08,London,322,21.6,4,5.9,9,11.4,15,24.7,24,31.9,30,28.7,44,29.0,40,29.5,42,24.1,38,29.5,20,25.1,21,22.4,12,14.7,2,14.8,7,8.3,3,10.6,2,8.8,3,8.6,1,10.7,1,13.9,291
2021-04-09,London,359,22.8,5,5.9,11,11.3,25,24.7,22,33.1,27,30.1,40,29.7,47,32.5,52,27.4,25,31.3,29,27.5,22,22.2,16,15.1,10,14.8,9,9.6,3,10.6,4,10.9,2,9.3,4,13.9,2,15.7,0
2021-04-10,London,279,23.3,4,5.8,14,12.3,14,24.9,20,32.9,22,29.5,32,30.3,32,32.2,38,29.6,22,31.8,16,27.7,13,22.0,10,15.1,9,14.3,8,11.5,7,11.7,4,11.4,6,12.6,4,17.1,3,19.1,247
2021-04-11,London,296,24.2,3,5.6,6,11.4,32,28.1,24,34.6,30,32.4,25,30.6,32,31.5,32,31.7,27,32.1,26,29.2,21,24.0,10,15.9,11,15.3,6,12.8,5,11.7,2,11.9,1,11.9,2,18.2,0,17.4,171
2021-04-12,London,350,25.4,5,5.6,9,10.6,22,26.6,27,36.1,33,35.0,35,32.6,43,33.3,37,34.2,33,33.3,25,29.7,26,26.1,20,18.4,14,17.1,7,14.1,7,12.8,2,11.4,1,11.9,4,22.5,0,13.9,422
2021-04-13,London,290,24.9,6,5.0,13,11.6,11,26.4,21,34.6,33,35.9,27,31.4,29,32.7,36,33.9,25,31.8,24,27.5,16,24.3,17,20.4,9,15.9,8,15.7,4,12.1,4,11.4,3,12.6,2,23.5,1,15.7,274
2021-04-14,London,271,24.2,3,5.0,5,11.1,20,25.9,24,34.6,24,35.2,33,30.6,32,30.4,38,35.2,22,29.0,15,26.0,21,24.7,12,19.6,6,15.6,1,14.7,5,12.4,3,10.9,3,12.6,1,19.3,3,17.4,341
2021-04-15,London,308,24.0,7,5.4,12,11.6,25,27.7,30,35.9,26,34.5,35,29.5,40,30.4,27,33.3,28,27.5,23,26.5,24,25.2,12,19.6,7,16.9,3,13.4,3,12.4,0,9.8,4,13.3,1,19.3,0,15.7,315
2021-04-16,London,306,23.4,4,5.3,12,11.8,18,26.4,14,34.2,35,35.9,33,28.6,32,28.6,34,31.0,29,28.1,25,25.8,18,24.5,14,19.2,13,17.6,8,13.1,7,13.9,3,9.3,2,13.3,3,18.2,1,13.9,380
2021-04-17,London,221,22.8,2,5.0,6,10.4,14,26.4,10,32.1,31,37.5,29,28.2,24,27.7,26,29.4,22,28.1,17,26.0,8,23.6,13,19.8,8,17.4,3,11.5,3,12.4,3,8.8,0,9.3,0,13.9,1,10.4,357
2021-04-18,London,384,23.8,8,5.8,10,11.1,86,36.5,60,39.8,24,36.4,35,29.5,28,27.2,47,31.3,34,29.2,20,25.0,10,21.7,9,19.6,9,16.9,0,9.6,2,11.3,1,8.3,1,9.3,0,11.8,0,10.4,205
2021-04-19,London,388,24.2,4,5.6,12,11.6,45,40.7,43,43.2,32,36.3,44,30.6,43,27.2,49,32.9,21,27.4,22,24.5,19,20.5,25,20.6,12,16.4,9,10.2,2,9.5,2,8.3,1,9.3,0,7.5,1,12.2,378
2021-04-20,London,343,24.8,6,5.6,10,11.1,27,43.7,39,47.0,34,36.4,35,31.7,51,29.8,28,31.9,26,27.5,20,23.8,16,20.5,17,20.6,11,16.9,7,9.9,5,9.9,3,7.8,3,9.3,0,5.3,2,13.9,406
2021-04-21,London,359,25.8,6,6.1,25,14.4,48,48.9,33,49.0,32,37.8,39,32.5,40,30.8,33,31.2,29,28.6,15,23.8,13,19.0,9,20.0,16,19.4,8,12.1,3,9.1,2,7.2,2,8.6,2,6.4,1,10.4,296
2021-04-22,London,304,25.7,6,5.9,14,14.8,24,48.7,28,48.5,37,39.8,37,32.7,37,30.4,26,31.1,20,27.4,21,23.5,18,18.0,15,20.6,7,19.4,5,12.8,3,9.1,1,7.8,3,8.0,0,5.3,1,12.2,376
2021-04-23,London,242,25.0,3,5.8,7,13.9,10,47.2,16,49.0,26,38.2,34,32.9,42,31.6,24,29.8,14,25.1,21,22.8,14,17.3,5,18.8,6,17.6,8,12.8,3,7.7,4,8.3,3,8.6,2,4.3,0,10.4,391
2021-04-24,London,226,25.1,4,6.1,17,15.8,27,49.7,14,49.8,25,37.1,20,31.7,21,31.3,30,30.3,20,24.8,12,22.0,10,17.6,4,17.0,6,17.1,9,14.7,0,6.6,3,8.3,2,9.9,0,4.3,2,12.2,251
2021-04-25,London,285,24.0,3,5.3,14,16.4,47,42.4,30,43.4,31,38.4,25,30.4,33,31.9,20,26.9,21,22.8,14,21.0,17,18.9,10,17.2,7,16.6,5,16.3,1,6.2,4,9.8,1,9.9,0,4.3,1,13.9,187
2021-04-26,London,306,23.0,5,5.4,13,16.6,45,42.4,22,38.9,34,38.7,29,28.4,34,30.8,32,24.7,23,23.1,18,20.3,17,18.5,12,14.5,13,16.9,5,15.0,0,5.5,2,9.8,1,9.9,0,4.3,1,13.9,263
2021-04-27,London,280,22.3,5,5.3,12,16.9,27,42.4,19,34.6,26,37.3,33,28.2,24,27.6,35,25.6,25,23.0,14,19.3,19,19.0,12,13.5,13,17.4,4,14.1,3,4.8,2,9.3,3,9.9,2,6.4,0,10.4,401
2021-04-28,London,304,21.7,8,5.6,12,14.8,39,40.7,33,34.6,33,37.5,31,27.1,25,25.8,40,26.5,22,21.9,22,20.4,11,18.7,6,12.9,7,15.1,8,14.1,3,4.8,1,8.8,0,8.6,1,5.3,0,8.7,257
2021-04-29,London,199,20.6,2,5.0,13,14.6,19,39.8,19,32.7,21,34.7,31,26.4,15,23.1,20,25.7,17,21.5,13,19.1,11,17.5,6,11.1,4,14.3,3,13.4,3,4.8,0,8.3,0,6.6,1,6.4,0,7.0,307
2021-04-30,London,228,20.4,6,5.4,18,16.4,5,38.9,22,34.0,25,34.5,23,24.9,29,21.6,17,24.8,18,22.1,21,19.1,15,17.6,8,11.7,8,14.8,4,12.1,4,5.1,1,6.7,1,5.3,3,7.5,0,7.0,310
2021-05-01,London,170,19.8,5,5.6,15,16.1,11,35.9,13,33.8,16,32.9,22,25.2,15,20.9,20,23.5,12,20.9,15,19.6,6,16.9,11,13.1,2,13.8,1,9.6,5,6.9,0,5.2,1,4.6,0,7.5,0,3.5,201
2021-05-02,London,187,18.7,7,6.3,7,14.9,22,31.2,22,32.1,14,29.9,21,24.7,13,18.5,16,23.0,19,20.6,14,19.6,9,15.5,6,12.3,9,14.3,3,8.9,1,6.9,1,3.6,2,5.3,1,8.6,0,1.7,216
2021-05-03,London,249,18.0,8,6.8,8,14.1,36,29.6,30,33.8,18,27.1,37,25.7,15,16.2,20,21.5,31,21.8,11,18.4,14,15.0,10,11.9,5,12.3,3,8.3,2,7.7,0,2.6,0,4.6,1,9.6,0,0.0,193
2021-05-04,London,303,18.3,7,7.1,15,14.6,32,30.5,26,35.3,27,27.2,34,25.8,33,17.3,30,20.9,31,22.7,24,20.1,15,14.3,9,11.3,4,10.0,5,8.6,5,8.4,4,3.6,0,2.7,0,7.5,2,3.5,216
2021-05-05,London,276,18.0,6,6.8,12,14.6,28,28.5,21,32.7,18,24.6,31,25.8,29,17.8,27,19.2,37,25.0,20,19.8,16,15.2,16,13.3,6,9.7,5,7.7,0,7.3,3,4.7,0,2.7,0,6.4,0,3.5,278
2021-05-06,London,286,19.0,5,7.3,10,14.1,25,29.6,32,35.5,27,25.6,39,26.9,27,19.2,37,21.4,26,26.3,17,20.4,21,16.9,8,13.7,4,9.7,3,7.7,2,6.9,2,5.7,1,3.3,0,5.3,0,3.5,252
2021-05-07,London,229,19.0,7,7.4,11,12.9,21,32.6,11,33.1,19,24.6,36,28.6,36,20.0,25,22.4,24,27.2,12,18.9,8,15.7,2,12.5,4,8.7,5,8.0,2,6.2,2,6.2,1,3.3,1,3.2,0,3.5,333
2021-05-08,London,182,19.1,2,6.9,7,11.6,16,33.5,16,33.8,21,25.5,19,28.2,14,19.9,20,22.4,20,28.4,9,17.9,15,17.3,8,11.9,7,10.0,1,8.0,4,5.8,1,6.7,0,2.7,0,3.2,2,7.0,253
2021-05-09,London,273,,,,,,,,,,,,,,,,,,,,,,,,,,,,,,,,,,,,,,,,238
2021-05-10,London,341,,,,,,,,,,,,,,,,,,,,,,,,,,,,,,,,,,,,,,,,273
2021-05-11,London,228,,,,,,,,,,,,,,,,,,,,,,,,,,,,,,,,,,,,,,,,352
2021-05-12,London,65,,,,,,,,,,,,,,,,,,,,,,,,,,,,,,,,,,,,,,,,277
2021-05-13,London,,,,,,,,,,,,,,,,,,,,,,,,,,,,,,,,,,,,,,,,,299
